name,set_name,rarity,primary_type,cmc,usd_price,edhrec_rank,legal_formats_count,value_score,reserved,game_changer,reprint
Cyclonic Rift,Secrets of Strixhaven Mystical Archive,mythic,Instant,2.0,28.71,50.0,12,85.0,0,1,1
Undercity Sewers,Teenage Mutant Ninja Turtles Source Material,mythic,Land,0.0,8.85,432.0,15,81.0,0,0,1
"Evendo, Waking Haven",Edge of Eternities,mythic,Land,0.0,15.42,1380.0,15,80.0,0,0,0
Mount Doom,The Lord of the Rings: Tales of Middle-earth,mythic,Land,0.0,8.7,1169.0,11,79.5,0,0,0
"Liliana, Dreadhorde General",War of the Spark,mythic,Planeswalker,6.0,8.12,748.0,16,79.0,0,0,0
Agatha's Soul Cauldron,Wilds of Eldraine,mythic,Artifact,2.0,32.95,1382.0,14,79.0,0,0,0
The Soul Stone,Marvel's Spider-Man,mythic,Artifact,2.0,68.51,1472.0,15,78.0,0,0,0
Buster Sword,Final Fantasy,mythic,Artifact,3.0,39.31,1216.0,15,78.0,0,0,0
"Valgavoth, Terror Eater",Duskmourn: House of Horror Promos,mythic,Creature,9.0,12.97,1455.0,15,78.0,0,0,0
Cavern of Souls,The Lost Caverns of Ixalan Promos,mythic,Land,0.0,45.66,113.0,13,77.5,0,0,1
"Mondrak, Glory Dominus",Phyrexia: All Will Be One Promos,mythic,Creature,4.0,38.09,404.0,11,77.5,0,0,0
"Helga, Skittish Seer",Bloomburrow,mythic,Creature,3.0,3.37,4368.0,15,77.0,0,0,0
"Lumra, Bellow of the Woods",Bloomburrow,mythic,Creature,6.0,18.68,1203.0,15,77.0,0,0,0
"Nicol Bolas, Dragon-God",War of the Spark,mythic,Planeswalker,5.0,2.93,4279.0,12,77.0,0,0,0
"Adagia, Windswept Bastion",Edge of Eternities,mythic,Land,0.0,4.99,2158.0,15,77.0,0,0,0
"Xenagos, the Reveler",Theros,mythic,Planeswalker,4.0,1.3,4541.0,12,77.0,0,0,0
Nissa of Shadowed Boughs,Zendikar Rising,mythic,Planeswalker,4.0,1.4,4919.0,12,77.0,0,0,0
Beseech the Mirror,Wilds of Eldraine,mythic,Sorcery,4.0,21.57,903.0,14,77.0,0,0,0
"Calix, Destiny's Hand",Theros Beyond Death,mythic,Planeswalker,4.0,1.14,4569.0,12,77.0,0,0,0
"Sheoldred, the Apocalypse",Dominaria United,mythic,Creature,4.0,74.27,458.0,11,76.5,0,0,0
Vivi Ornitier,Final Fantasy,mythic,Creature,3.0,28.65,1486.0,11,76.5,0,0,0
"Bristly Bill, Spine Sower",Outlaws of Thunder Junction,mythic,Creature,2.0,45.1,882.0,14,76.0,0,0,0
Twinflame Tyrant,Foundations,mythic,Creature,5.0,20.09,937.0,16,76.0,0,0,0
Eriette of the Charmed Apple,Wilds of Eldraine,mythic,Creature,3.0,5.95,4589.0,15,76.0,0,0,0
"Uthros, Titanic Godcore",Edge of Eternities,mythic,Land,0.0,10.24,1825.0,15,76.0,0,0,0
Underground Mortuary,Murders at Karlov Manor,rare,Land,0.0,14.68,473.0,14,76.0,0,0,0
"Kaito, Cunning Infiltrator",Foundations,mythic,Planeswalker,3.0,2.35,4515.0,16,76.0,0,0,0
Bloodthirsty Conqueror,Foundations,mythic,Creature,5.0,30.37,999.0,16,76.0,0,0,0
Gemstone Caverns,Time Spiral Remastered,mythic,Land,0.0,44.28,178.0,11,75.5,0,0,1
Palantír of Orthanc,The Lord of the Rings: Tales of Middle-earth,mythic,Artifact,3.0,20.28,1338.0,11,75.5,0,0,0
Doubling Season,Teenage Mutant Ninja Turtles Source Material,mythic,Enchantment,5.0,28.85,207.0,17,75.0,0,0,1
Mox Amber,Dominaria,mythic,Artifact,0.0,70.62,209.0,10,75.0,0,0,0
Craterhoof Behemoth,Secret Lair Drop,mythic,Creature,8.0,16.12,339.0,15,75.0,0,0,1
"Elspeth, Storm Slayer",Tarkir: Dragonstorm Promos,mythic,Planeswalker,5.0,37.8,924.0,15,75.0,0,0,1
"Hugs, Grisly Guardian",Bloomburrow,mythic,Creature,4.0,0.62,4796.0,16,75.0,0,0,0
"Anzrag, the Quake-Mole",Murders at Karlov Manor,mythic,Creature,4.0,5.93,2685.0,15,75.0,0,0,0
"Glarb, Calamity's Augur",Bloomburrow,mythic,Creature,3.0,4.02,3679.0,15,75.0,0,0,0
"Calix, Guided by Fate",March of the Machine: The Aftermath,mythic,Creature,3.0,12.37,3375.0,12,75.0,0,0,0
All-Out Assault,Tarkir: Dragonstorm,mythic,Enchantment,5.0,3.71,3950.0,15,75.0,0,0,0
"Kaito, Bane of Nightmares",Duskmourn: House of Horror Promos,mythic,Planeswalker,4.0,18.62,5048.0,15,75.0,0,0,0
Phyrexian Tower,Modern Horizons 3,mythic,Land,0.0,23.89,208.0,12,75.0,0,0,1
"Vorinclex, Monstrous Raider",Kaldheim,mythic,Creature,6.0,30.45,1176.0,11,74.5,0,0,0
Beast Within,Marvel Universe,mythic,Instant,3.0,4.97,24.0,11,74.5,0,0,1
Bloom Tender,Lorwyn Eclipsed,mythic,Creature,2.0,12.21,280.0,17,74.0,0,0,1
Elspeth Resplendent,Streets of New Capenna,mythic,Planeswalker,5.0,4.5,4984.0,12,74.0,0,0,0
"Ral, Crackling Wit",Bloomburrow Promos,mythic,Planeswalker,4.0,11.56,2258.0,15,74.0,0,0,1
Temple Garden,Lorwyn Eclipsed,rare,Land,0.0,7.16,82.0,17,74.0,0,0,1
"Lolth, Spider Queen",Adventures in the Forgotten Realms,mythic,Planeswalker,5.0,4.67,3870.0,12,74.0,0,0,0
Breeding Pool,Edge of Eternities Promos,rare,Land,0.0,12.09,63.0,16,74.0,0,0,1
"Ojer Axonil, Deepest Might // Temple of Power",The Lost Caverns of Ixalan,mythic,Creature,4.0,26.87,1414.0,14,74.0,0,0,0
"Ojer Taq, Deepest Foundation // Temple of Civilization",The Lost Caverns of Ixalan,mythic,Creature,6.0,31.45,778.0,14,74.0,0,0,0
Dragonskull Summit,Teenage Mutant Ninja Turtles Eternal,rare,Land,0.0,0.44,88.0,14,74.0,0,0,1
Overlord of the Balemurk,Duskmourn: House of Horror Promos,mythic,Creature,5.0,22.09,2348.0,15,74.0,0,0,0
"Eluge, the Shoreless Sea",Bloomburrow,mythic,Creature,4.0,2.88,3117.0,16,74.0,0,0,0
Steam Vents,Lorwyn Eclipsed,rare,Land,0.0,10.3,68.0,16,74.0,0,0,1
Sacred Foundry,Edge of Eternities Promos,rare,Land,0.0,10.32,79.0,16,74.0,0,0,1
Overgrown Tomb,Lorwyn Eclipsed Promos,rare,Land,0.0,8.17,73.0,17,74.0,0,0,1
Blood Crypt,Return to Ravnica,rare,Land,0.0,9.22,72.0,16,74.0,0,0,1
Watery Grave,Guilds of Ravnica,rare,Land,0.0,11.72,52.0,16,74.0,0,0,1
Stomping Ground,Edge of Eternities Promos,rare,Land,0.0,8.66,67.0,16,74.0,0,0,1
"Aurelia, the Warleader",Foundations,mythic,Creature,6.0,7.21,828.0,16,74.0,0,0,1
Hallowed Fountain,Lorwyn Eclipsed,rare,Land,0.0,6.82,65.0,16,74.0,0,0,1
"Gisa, the Hellraiser",Outlaws of Thunder Junction,mythic,Creature,5.0,5.32,3010.0,15,74.0,0,0,0
"Urborg, Tomb of Yawgmoth",Planar Chaos,rare,Land,0.0,54.07,71.0,12,74.0,0,0,0
Smothering Tithe,Ravnica Allegiance Promos,rare,Enchantment,4.0,51.34,59.0,12,74.0,0,1,1
"Chandra, Hope's Beacon",March of the Machine,mythic,Planeswalker,6.0,1.95,3939.0,12,74.0,0,0,0
"Phenax, God of Deception",Born of the Gods,mythic,Creature,5.0,16.62,4846.0,12,74.0,0,0,0
"Athreos, God of Passage",Journey into Nyx,mythic,Creature,3.0,14.98,2780.0,12,74.0,0,0,0
"Dragonhawk, Fate's Tempest",Bloomburrow,mythic,Creature,5.0,5.86,2300.0,15,74.0,0,0,0
"Atraxa, Grand Unifier",Phyrexia: All Will Be One,mythic,Creature,7.0,15.07,3421.0,11,73.5,0,0,0
"Solphim, Mayhem Dominus",Phyrexia: All Will Be One Promos,mythic,Creature,4.0,23.93,862.0,11,73.5,0,0,0
Sulfur Falls,Edge of Eternities Commander,rare,Land,0.0,0.34,85.0,13,73.5,0,0,1
Clifftop Retreat,Secrets of Strixhaven Commander,rare,Land,0.0,0.87,86.0,13,73.5,0,0,1
Chromatic Orrery,Core Set 2021,mythic,Artifact,7.0,31.04,1194.0,11,73.5,0,0,0
Isolated Chapel,Secrets of Strixhaven Commander,rare,Land,0.0,0.97,97.0,13,73.5,0,0,1
The Great Henge,Avatar: The Last Airbender Eternal,mythic,Artifact,9.0,58.06,235.0,11,73.5,0,0,1
Badgermole Cub,Avatar: The Last Airbender,mythic,Creature,2.0,52.14,1917.0,15,73.0,0,0,0
"Iroas, God of Victory",Commander 2016,mythic,Creature,4.0,14.29,1482.0,12,73.0,0,0,1
Kaya the Inexorable,Kaldheim,mythic,Planeswalker,5.0,3.08,5659.0,12,73.0,0,0,0
Mistrise Village,Tarkir: Dragonstorm,rare,Land,0.0,6.49,485.0,15,73.0,0,0,0
"Beza, the Bounding Spring",Bloomburrow,mythic,Creature,4.0,5.7,4142.0,15,73.0,0,0,0
Sliver Hivelord,Magic 2015,mythic,Creature,5.0,17.14,3674.0,12,73.0,0,0,0
"Wan Shi Tong, Librarian",Avatar: The Last Airbender,mythic,Creature,2.0,43.23,1854.0,15,73.0,0,0,0
"Appa, Steadfast Guardian",Avatar: The Last Airbender,mythic,Creature,4.0,7.97,3843.0,15,73.0,0,0,0
Final Showdown,Outlaws of Thunder Junction,mythic,Instant,1.0,4.32,2037.0,14,73.0,0,0,0
"Ajani, Mentor of Heroes",Journey into Nyx,mythic,Planeswalker,5.0,4.41,7993.0,12,73.0,0,0,0
Summon: Knights of Round,Final Fantasy,mythic,Creature,8.0,13.17,2642.0,15,73.0,0,0,0
Summon: Bahamut,Final Fantasy,mythic,Creature,9.0,18.85,1622.0,15,73.0,0,0,0
Narset Transcendent,Dragons of Tarkir,mythic,Planeswalker,4.0,9.98,7753.0,12,73.0,0,0,0
Sun Titan,Tarkir: Dragonstorm Commander,mythic,Creature,6.0,0.3,282.0,12,73.0,0,0,1
Blossoming Tortoise,Wilds of Eldraine,mythic,Creature,4.0,6.71,2972.0,14,73.0,0,0,0
"Nicol Bolas, God-Pharaoh",Hour of Devastation,mythic,Planeswalker,7.0,2.97,5513.0,12,73.0,0,0,0
Assimilation Aegis,Outlaws of Thunder Junction,mythic,Artifact,3.0,0.39,9574.0,14,73.0,0,0,0
"Tezzeret, Artifice Master",Core Set 2019,mythic,Planeswalker,5.0,4.35,4086.0,12,73.0,0,0,0
Traveling Chocobo,Final Fantasy,mythic,Creature,3.0,17.24,2233.0,15,73.0,0,0,0
"Ob Nixilis, Captive Kingpin",March of the Machine: The Aftermath,mythic,Creature,4.0,18.86,4320.0,12,73.0,0,0,0
"Cloud, Midgar Mercenary",Final Fantasy,mythic,Creature,2.0,20.26,2011.0,15,73.0,0,0,0
"Angrath, the Flame-Chained",Rivals of Ixalan,mythic,Planeswalker,5.0,4.31,9400.0,12,73.0,0,0,0
Chronicle of Victory,Lorwyn Eclipsed,mythic,Artifact,6.0,19.05,2677.0,15,73.0,0,0,0
Saheeli Rai,Kaladesh,mythic,Planeswalker,3.0,1.27,7065.0,12,73.0,0,0,0
"Nissa, Vital Force",Kaladesh,mythic,Planeswalker,5.0,3.52,4389.0,12,73.0,0,0,0
"Sorin, Grim Nemesis",Shadows over Innistrad,mythic,Planeswalker,6.0,3.44,9030.0,12,73.0,0,0,0
"Kasmina, Enigma Sage",Strixhaven: School of Mages,mythic,Planeswalker,3.0,1.12,11976.0,12,73.0,0,0,0
Tiamat,Adventures in the Forgotten Realms,mythic,Creature,7.0,21.3,2907.0,12,73.0,0,0,0
"Ashiok, Nightmare Muse",Theros Beyond Death,mythic,Planeswalker,5.0,5.07,6816.0,12,73.0,0,0,0
Generous Plunderer,The Big Score,mythic,Creature,2.0,12.31,2162.0,15,73.0,0,0,0
"Kinnan, Bonder Prodigy",Final Fantasy: Through the Ages,mythic,Creature,2.0,12.54,1351.0,12,73.0,0,0,1
"Ajani, Strength of the Pride",Core Set 2020,mythic,Planeswalker,4.0,9.87,3123.0,11,72.5,0,0,0
Raffine's Tower,Streets of New Capenna,rare,Land,0.0,13.74,411.0,11,72.5,0,0,0
"Nissa, Ascended Animist",Phyrexia: All Will Be One,mythic,Planeswalker,7.0,1.52,3395.0,11,72.5,0,0,0
Zagoth Triome,Ikoria: Lair of Behemoths,rare,Land,0.0,25.04,393.0,11,72.5,0,0,0
"Sauron, the Dark Lord",The Lord of the Rings: Tales of Middle-earth,mythic,Creature,6.0,20.77,3341.0,11,72.5,0,0,0
Shadowspear,Teenage Mutant Ninja Turtles Source Material,mythic,Artifact,1.0,20.07,330.0,11,72.5,0,0,1
Wrenn and Realmbreaker,March of the Machine Promos,mythic,Planeswalker,3.0,6.29,2530.0,11,72.5,0,0,0
"Ulamog, the Ceaseless Hunger",Battle for Zendikar,mythic,Creature,10.0,19.74,1255.0,11,72.5,0,0,0
Jetmir's Garden,Streets of New Capenna,rare,Land,0.0,16.76,346.0,11,72.5,0,0,0
"Aragorn, the Uniter",The Lord of the Rings: Tales of Middle-earth,mythic,Creature,4.0,5.72,3277.0,11,72.5,0,0,0
"Teferi, Master of Time",Core Set 2021,mythic,Planeswalker,4.0,7.1,2088.0,11,72.5,0,0,0
"Teferi, Temporal Pilgrim",The Brothers' War,mythic,Planeswalker,5.0,3.99,3154.0,11,72.5,0,0,0
Raugrin Triome,Ikoria: Lair of Behemoths,rare,Land,0.0,16.46,486.0,11,72.5,0,0,0
Dark Leo & Shredder,Teenage Mutant Ninja Turtles,mythic,Creature,2.0,11.53,10844.0,15,72.0,0,0,0
Raucous Theater,Murders at Karlov Manor,rare,Land,0.0,10.91,556.0,14,72.0,0,0,0
Gaea's Cradle,Urza's Saga,rare,Land,0.0,1327.93,462.0,6,72.0,1,1,0
"Ashiok, Wicked Manipulator",Wilds of Eldraine,mythic,Planeswalker,5.0,0.58,13324.0,15,72.0,0,0,0
Thundering Falls,Murders at Karlov Manor,rare,Land,0.0,15.33,635.0,14,72.0,0,0,0
Inventors' Fair,Kaladesh,rare,Land,0.0,14.56,281.0,12,72.0,0,0,0
Goldvein Hydra,Outlaws of Thunder Junction,mythic,Creature,1.0,8.1,1564.0,14,72.0,0,0,0
"Toxrill, the Corrosive",Innistrad: Crimson Vow,mythic,Creature,7.0,15.3,2288.0,12,72.0,0,0,0
Commercial District,Murders at Karlov Manor,rare,Land,0.0,7.98,637.0,14,72.0,0,0,0
"Delney, Streetwise Lookout",Murders at Karlov Manor Promos,mythic,Creature,3.0,37.11,850.0,14,72.0,0,0,1
Lush Portico,Murders at Karlov Manor,rare,Land,0.0,6.48,699.0,14,72.0,0,0,0
Aettir and Priwen,Final Fantasy,mythic,Artifact,6.0,6.57,3732.0,16,72.0,0,0,0
Misty Rainforest,Zendikar,rare,Land,0.0,30.6,42.0,10,72.0,0,0,0
Hedge Maze,Murders at Karlov Manor,rare,Land,0.0,11.72,539.0,14,72.0,0,0,0
Elegant Parlor,Murders at Karlov Manor,rare,Land,0.0,9.63,787.0,14,72.0,0,0,0
Bitterbloom Bearer,Lorwyn Eclipsed,mythic,Creature,2.0,14.63,3322.0,15,72.0,0,0,0
Molten Duplication,The Big Score,mythic,Sorcery,2.0,12.04,1614.0,15,72.0,0,0,0
Cinder Glade,Teenage Mutant Ninja Turtles Eternal,rare,Land,0.0,0.67,84.0,12,72.0,0,0,1
Bonehoard Dracosaur,The Lost Caverns of Ixalan Promos,mythic,Creature,5.0,13.18,1306.0,14,72.0,0,0,1
Relentless Dead,Shadows over Innistrad,mythic,Creature,2.0,13.25,4894.0,12,72.0,0,0,0
Terror of the Peaks,Outlaws of Thunder Junction Promos,mythic,Creature,5.0,27.58,510.0,14,72.0,0,0,1
Smoldering Marsh,Teenage Mutant Ninja Turtles Eternal,rare,Land,0.0,0.36,93.0,12,72.0,0,0,1
Fabled Passage,Secrets of Strixhaven Commander,rare,Land,0.0,3.52,60.0,15,72.0,0,0,1
"Chandra, Spark Hunter",Aetherdrift,mythic,Planeswalker,4.0,3.43,7049.0,15,72.0,0,0,0
Hylda of the Icy Crown,Wilds of Eldraine,mythic,Creature,4.0,3.51,6398.0,15,72.0,0,0,0
Sunken Hollow,Teenage Mutant Ninja Turtles Eternal,rare,Land,0.0,0.35,83.0,12,72.0,0,0,1
"Huatli, Warrior Poet",Ixalan,mythic,Planeswalker,5.0,3.11,11962.0,12,72.0,0,0,0
"Kiora, the Crashing Wave",Born of the Gods,mythic,Planeswalker,4.0,1.52,7356.0,12,72.0,0,0,0
"Vraska, Relic Seeker",Ixalan,mythic,Planeswalker,6.0,1.37,8065.0,12,72.0,0,0,0
Verdant Catacombs,Zendikar,rare,Land,0.0,27.92,47.0,10,72.0,0,0,0
Shadowy Backstreet,Murders at Karlov Manor,rare,Land,0.0,11.27,560.0,14,72.0,0,0,0
Meticulous Archive,Murders at Karlov Manor,rare,Land,0.0,12.68,702.0,14,72.0,0,0,0
Last March of the Ents,The Lord of the Rings: Tales of Middle-earth,mythic,Sorcery,8.0,31.61,935.0,11,71.5,0,0,0
Finale of Devastation,War of the Spark Promos,mythic,Sorcery,2.0,32.86,329.0,11,71.5,0,0,1
"Ob Nixilis, the Adversary",Streets of New Capenna,mythic,Planeswalker,3.0,1.55,7580.0,11,71.5,0,0,0
All Will Be One,Phyrexia: All Will Be One,mythic,Enchantment,5.0,26.95,1402.0,11,71.5,0,0,0
Moonshaker Cavalry,Secrets of Strixhaven Commander,mythic,Creature,8.0,11.93,1292.0,15,71.0,0,0,1
Temple of Plenty,Murders at Karlov Manor Commander,rare,Land,0.0,0.28,466.0,16,71.0,0,0,1
Roaming Throne,The Lost Caverns of Ixalan,rare,Creature,4.0,48.07,130.0,15,71.0,0,0,0
Force of Negation,Avatar: The Last Airbender Eternal,mythic,Instant,3.0,42.03,262.0,10,71.0,0,0,1
"Karn, Legacy Reforged",March of the Machine: The Aftermath,mythic,Creature,5.0,14.45,2531.0,12,71.0,0,0,0
"Ghired, Mirror of the Wilds",Outlaws of Thunder Junction,mythic,Creature,3.0,0.42,8674.0,15,71.0,0,0,0
Gloomlake Verge,Duskmourn: House of Horror,rare,Land,0.0,11.17,673.0,15,71.0,0,0,0
Temple of Silence,Tarkir: Dragonstorm Commander,rare,Land,0.0,0.28,272.0,16,71.0,0,0,1
Hushwood Verge,Duskmourn: House of Horror,rare,Land,0.0,6.27,793.0,15,71.0,0,0,0
"Garruk, Cursed Huntsman",Bloomburrow Commander,mythic,Planeswalker,6.0,1.14,3697.0,12,71.0,0,0,1
"Teferi, Hero of Dominaria",Mystery Booster 2,mythic,Planeswalker,5.0,3.13,4244.0,12,71.0,0,0,1
Dawn's Truce,Bloomburrow,rare,Instant,2.0,6.71,388.0,16,71.0,0,0,0
Sunbillow Verge,Aetherdrift,rare,Land,0.0,12.12,1058.0,15,71.0,0,0,0
The Walls of Ba Sing Se,Avatar: The Last Airbender,mythic,Creature,8.0,26.59,2899.0,16,71.0,0,0,0
"Erebos, God of the Dead",Theros,mythic,Creature,4.0,13.18,2827.0,12,71.0,0,0,0
"Drivnod, Carnage Dominus",Phyrexia: All Will Be One,mythic,Creature,5.0,6.83,1699.0,12,71.0,0,0,0
Angel of Destiny,Zendikar Rising,mythic,Creature,5.0,10.07,2790.0,12,71.0,0,0,0
Temple of Mystery,Murders at Karlov Manor Commander,rare,Land,0.0,0.29,294.0,16,71.0,0,0,1
Temple of Epiphany,Edge of Eternities Commander,rare,Land,0.0,0.29,266.0,16,71.0,0,0,1
"Oko, Lorwyn Liege // Oko, Shadowmoor Scion",Lorwyn Eclipsed,mythic,Planeswalker,3.0,1.33,14882.0,15,71.0,0,0,0
Floodfarm Verge,Duskmourn: House of Horror,rare,Land,0.0,7.85,738.0,15,71.0,0,0,0
Temple of Enlightenment,Tarkir: Dragonstorm Commander,rare,Land,0.0,0.31,296.0,16,71.0,0,0,1
Bloodletter of Aclazotz,Secret Lair Drop,mythic,Creature,4.0,25.82,811.0,14,71.0,0,0,1
"Maha, Its Feathers Night",Bloomburrow,mythic,Creature,5.0,24.45,1983.0,16,71.0,0,0,0
"Tezzeret, Cruel Captain",Edge of Eternities Promos,mythic,Planeswalker,3.0,19.57,1681.0,15,71.0,0,0,1
Temple of Triumph,Secrets of Strixhaven Commander,rare,Land,0.0,0.62,287.0,16,71.0,0,0,1
Temple of Malady,Secrets of Strixhaven Commander,rare,Land,0.0,0.9,345.0,16,71.0,0,0,1
Sword of Feast and Famine,Assassin's Creed,mythic,Artifact,3.0,32.11,538.0,12,71.0,0,0,1
Starfield of Nyx,Magic Origins,mythic,Enchantment,5.0,15.55,2146.0,12,71.0,0,0,0
"Ashiok, Sculptor of Fears",Theros Beyond Death,mythic,Planeswalker,6.0,1.86,11290.0,12,71.0,0,0,0
"Ugin, Eye of the Storms",Tarkir: Dragonstorm Promos,mythic,Planeswalker,7.0,35.66,2149.0,15,71.0,0,0,1
Temple of Deceit,Duskmourn: House of Horror Commander,rare,Land,0.0,0.33,311.0,16,71.0,0,0,1
Sword of Fire and Ice,Special Guests,mythic,Artifact,3.0,42.43,1403.0,12,71.0,0,0,1
Blazemire Verge,Duskmourn: House of Horror,rare,Land,0.0,9.06,586.0,15,71.0,0,0,0
Fomori Vault,The Big Score Promos,mythic,Land,0.0,7.73,1615.0,15,71.0,0,0,1
"Esika, God of the Tree // The Prismatic Bridge",Kaldheim,mythic,Creature,3.0,15.24,2468.0,12,71.0,0,0,0
Temple of Abandon,Tarkir: Dragonstorm Commander,rare,Land,0.0,0.26,467.0,16,71.0,0,0,1
Sire of Seven Deaths,Foundations,mythic,Creature,7.0,18.36,2395.0,15,71.0,0,0,0
Temple of Malice,Duskmourn: House of Horror Commander,rare,Land,0.0,0.37,399.0,16,71.0,0,0,1
"Teferi, Who Slows the Sunset",Innistrad: Midnight Hunt Promos,mythic,Planeswalker,4.0,4.0,4405.0,11,70.5,0,0,1
"Ashling, Flame Dancer",Modern Horizons 3,mythic,Creature,4.0,5.98,1616.0,11,70.5,0,0,0
Parallel Lives,Marvel Universe,mythic,Enchantment,4.0,24.15,410.0,11,70.5,0,0,1
Sarkhan Unbroken,Dragons of Tarkir,mythic,Planeswalker,5.0,21.19,5903.0,11,70.5,0,0,0
Awaken the Woods,The Brothers' War,mythic,Sorcery,2.0,23.11,1410.0,11,70.5,0,0,0
"Ashiok, Nightmare Weaver",Theros,mythic,Planeswalker,3.0,1.49,11173.0,11,70.5,0,0,0
Ichormoon Gauntlet,Phyrexia: All Will Be One,mythic,Artifact,3.0,5.4,2860.0,11,70.5,0,0,0
"Nykthos, Shrine to Nyx",Theros,rare,Land,0.0,52.44,169.0,11,70.5,0,0,0
"Chandra, Torch of Defiance",Signature Spellbook: Chandra,mythic,Planeswalker,4.0,2.35,1439.0,11,70.5,0,0,1
"Andúril, Flame of the West",The Lord of the Rings: Tales of Middle-earth,mythic,Artifact,3.0,5.42,3302.0,11,70.5,0,0,0
Caves of Koilos,Tarkir: Dragonstorm Commander,rare,Land,0.0,0.99,124.0,14,70.0,0,0,1
Quintorius Kand,The Lost Caverns of Ixalan Promos,mythic,Planeswalker,5.0,1.16,5388.0,15,70.0,0,0,1
"Sephiroth, Fabled SOLDIER // Sephiroth, One-Winged Angel",Final Fantasy,mythic,Creature,3.0,30.24,1566.0,15,70.0,0,0,0
Hauntwoods Shrieker,Duskmourn: House of Horror,mythic,Creature,3.0,0.73,5841.0,16,70.0,0,0,0
Sunpetal Grove,Tarkir: Dragonstorm Commander,rare,Land,0.0,0.67,135.0,14,70.0,0,0,1
Abhorrent Oculus,Duskmourn: House of Horror,mythic,Creature,3.0,11.91,5815.0,15,70.0,0,0,0
Llanowar Wastes,Secrets of Strixhaven Commander,rare,Land,0.0,0.9,145.0,14,70.0,0,0,1
"Kaalia, Zenith Seeker",Core Set 2020,mythic,Creature,3.0,11.91,6626.0,12,70.0,0,0,0
The Aetherspark,Aetherdrift Promos,mythic,Artifact,4.0,18.63,2200.0,15,70.0,0,0,1
Sulfurous Springs,Edge of Eternities Commander,rare,Land,0.0,1.4,159.0,14,70.0,0,0,1
Rootbound Crag,Teenage Mutant Ninja Turtles Eternal,rare,Land,0.0,0.34,131.0,14,70.0,0,0,1
Ajani Steadfast,Magic 2015,mythic,Planeswalker,4.0,4.07,5098.0,12,70.0,0,0,0
Shivan Reef,Edge of Eternities Commander,rare,Land,0.0,0.35,122.0,14,70.0,0,0,1
Yavimaya Coast,Tarkir: Dragonstorm Commander,rare,Land,0.0,0.36,134.0,14,70.0,0,0,1
"Purphoros, God of the Forge",The List,mythic,Creature,4.0,25.9,646.0,12,70.0,0,0,1
Alrund's Epiphany,Kaldheim,mythic,Sorcery,7.0,3.53,4414.0,12,70.0,0,0,0
"Arcades, the Strategist",Core Set 2019,mythic,Creature,4.0,3.35,5753.0,12,70.0,0,0,0
Drowned Catacomb,Outlaws of Thunder Junction Commander,rare,Land,0.0,3.33,112.0,14,70.0,0,0,1
Glacial Fortress,Edge of Eternities Commander,rare,Land,0.0,0.34,102.0,14,70.0,0,0,1
Consecrated Sphinx,Secret Lair Drop,mythic,Creature,6.0,28.85,650.0,8,70.0,0,1,1
"Thassa, Deep-Dwelling",Theros Beyond Death Promos,mythic,Creature,4.0,29.21,1213.0,12,70.0,0,0,1
Akroma's Memorial,Time Spiral Remastered,mythic,Artifact,7.0,32.89,1217.0,12,70.0,0,0,1
"Ghalta, Stampede Tyrant",The Lost Caverns of Ixalan Promos,mythic,Creature,8.0,22.38,1037.0,14,70.0,0,0,1
Void Winnower,Battle for Zendikar,mythic,Creature,9.0,22.02,1600.0,12,70.0,0,0,0
Gideon of the Trials,Amonkhet,mythic,Planeswalker,3.0,2.24,10470.0,12,70.0,0,0,0
Battlefield Forge,Ninth Edition,rare,Land,0.0,4.01,123.0,14,70.0,0,0,1
"Aclazotz, Deepest Betrayal // Temple of the Dead",The Lost Caverns of Ixalan,mythic,Creature,5.0,8.52,2484.0,14,70.0,0,0,0
Kodama of the West Tree,Foundations Jumpstart,mythic,Creature,3.0,18.31,805.0,12,70.0,0,0,1
Ancient Greenwarden,Outlaws of Thunder Junction Commander,mythic,Creature,6.0,13.43,648.0,12,70.0,0,0,1
Basri Ket,Core Set 2021,mythic,Planeswalker,3.0,1.26,6440.0,12,70.0,0,0,0
"Razaketh, the Foulblooded",Hour of Devastation,mythic,Creature,8.0,13.25,1793.0,12,70.0,0,0,0
"Liliana, Waker of the Dead",Core Set 2021,mythic,Planeswalker,4.0,2.4,5525.0,12,70.0,0,0,0
Orcish Bowmasters,The Lord of the Rings: Tales of Middle-earth,rare,Creature,2.0,44.91,251.0,8,70.0,0,1,0
"Ulamog, the Infinite Gyre",Modern Masters 2015,mythic,Creature,11.0,33.31,1284.0,12,70.0,0,0,1
Ocelot Pride,Modern Horizons 3,mythic,Creature,1.0,37.3,1157.0,8,70.0,0,0,0
"Ashaya, Soul of the Wild",Duskmourn: House of Horror Commander,mythic,Creature,5.0,16.31,794.0,12,70.0,0,0,1
Grand Abolisher,Magic 2012,rare,Creature,2.0,14.49,248.0,15,70.0,0,0,0
"Zariel, Archduke of Avernus",Adventures in the Forgotten Realms,mythic,Planeswalker,4.0,2.46,5958.0,12,70.0,0,0,0
"Ojer Kaslem, Deepest Growth // Temple of Cultivation",The Lost Caverns of Ixalan,mythic,Creature,5.0,6.06,1858.0,15,70.0,0,0,0
"Anim Pakal, Thousandth Moon",The Lost Caverns of Ixalan,rare,Creature,3.0,5.72,1024.0,15,70.0,0,0,0
Minas Tirith,The Lord of the Rings: Tales of Middle-earth,rare,Land,0.0,5.48,409.0,11,69.5,0,0,0
Adarkar Wastes,Tenth Edition,rare,Land,0.0,5.7,161.0,13,69.5,0,0,1
"Sea Gate Restoration // Sea Gate, Reborn",Zendikar Rising,mythic,Sorcery,7.0,32.26,681.0,11,69.5,0,0,0
Hinterland Harbor,Teenage Mutant Ninja Turtles Eternal,rare,Land,0.0,0.34,104.0,13,69.5,0,0,1
Brushland,The Brothers' War,rare,Land,0.0,0.98,250.0,13,69.5,0,0,1
"Agadeem's Awakening // Agadeem, the Undercrypt",Zendikar Rising,mythic,Sorcery,3.0,27.38,967.0,11,69.5,0,0,0
Karplusan Forest,Edge of Eternities Commander,rare,Land,0.0,0.38,226.0,13,69.5,0,0,1
Woodland Cemetery,Secrets of Strixhaven Commander,rare,Land,0.0,0.8,120.0,13,69.5,0,0,1
"Otawara, Soaring City",Kamigawa: Neon Dynasty Promos,rare,Land,0.0,26.42,91.0,11,69.5,0,0,1
"Lotho, Corrupt Shirriff",The Lord of the Rings: Tales of Middle-earth,rare,Creature,2.0,13.41,407.0,11,69.5,0,0,0
Portal to Phyrexia,The Brothers' War Promos,mythic,Artifact,9.0,28.54,1079.0,11,69.5,0,0,1
Archaeomancer,Special Guests,mythic,Creature,4.0,8.49,939.0,13,69.5,0,0,1
Underground River,Duskmourn: House of Horror Commander,rare,Land,0.0,1.39,152.0,13,69.5,0,0,1
"Shatterskull Smashing // Shatterskull, the Hammer Pass",Zendikar Rising,mythic,Sorcery,2.0,7.93,1318.0,11,69.5,0,0,0
Annie Joins Up,Outlaws of Thunder Junction,rare,Enchantment,4.0,5.42,1018.0,15,69.0,0,0,0
Funeral Room // Awakening Hall,Duskmourn: House of Horror,mythic,Enchantment,11.0,5.51,2163.0,16,69.0,0,0,0
Dollmaker's Shop // Porcelain Gallery,Duskmourn: House of Horror,mythic,Enchantment,8.0,4.5,2614.0,16,69.0,0,0,0
Shineshadow Snarl,The Lost Caverns of Ixalan Commander,rare,Land,0.0,0.34,436.0,12,69.0,0,0,1
"Avatar Aang // Aang, Master of Elements",Avatar: The Last Airbender,mythic,Creature,4.0,3.75,7946.0,16,69.0,0,0,0
Ancient Cornucopia,The Big Score,mythic,Artifact,3.0,6.85,8746.0,15,69.0,0,0,0
Simulacrum Synthesizer,The Big Score Promos,mythic,Artifact,3.0,27.84,1892.0,14,69.0,0,0,1
"Anti-Venom, Horrifying Healer",Marvel's Spider-Man,mythic,Creature,5.0,5.73,6187.0,15,69.0,0,0,0
Solemn Simulacrum,Secrets of Strixhaven Commander,rare,Creature,4.0,0.99,36.0,17,69.0,0,0,1
Aetherflux Reservoir,Kaladesh,rare,Artifact,4.0,22.2,369.0,12,69.0,0,0,0
Beluna Grandsquall // Seek Thrills,Wilds of Eldraine,mythic,Creature,3.0,0.29,13570.0,15,69.0,0,0,0
"Geralf, the Fleshwright",Outlaws of Thunder Junction,mythic,Creature,3.0,0.97,6103.0,14,69.0,0,0,0
Shifting Woodland,Modern Horizons 3,rare,Land,0.0,5.28,383.0,10,69.0,0,0,0
"Ulamog, the Defiler",Modern Horizons 3,mythic,Creature,10.0,16.2,1546.0,10,69.0,0,0,0
Fountainport,Bloomburrow,rare,Land,0.0,3.02,1045.0,15,69.0,0,0,0
Exalted Sunborn,Edge of Eternities Promos,mythic,Creature,5.0,16.44,1875.0,15,69.0,0,0,1
Hedge Shredder,Duskmourn: House of Horror,rare,Artifact,4.0,2.56,1362.0,16,69.0,0,0,0
Charred Foyer // Warped Space,Duskmourn: House of Horror,mythic,Enchantment,10.0,2.5,2956.0,16,69.0,0,0,0
Arcane Signet,Secret Lair Drop,rare,Artifact,2.0,7.07,3.0,15,69.0,0,0,1
Port Town,New Capenna Commander,rare,Land,0.0,0.3,341.0,12,69.0,0,0,1
Invasion of New Phyrexia // Teferi Akosa of Zhalfir,March of the Machine,mythic,Planeswalker,2.0,1.36,9493.0,12,69.0,0,0,0
Frostboil Snarl,Outlaws of Thunder Junction Commander,rare,Land,0.0,0.29,352.0,12,69.0,0,0,1
"Valakut, the Molten Pinnacle",Avatar: The Last Airbender Eternal,mythic,Land,0.0,10.61,1394.0,10,69.0,0,0,1
Rise of the Dark Realms,Jumpstart,mythic,Sorcery,9.0,4.91,546.0,16,69.0,0,0,1
Ancient Adamantoise,Final Fantasy,mythic,Creature,8.0,3.37,5617.0,15,69.0,0,0,0
Arena of Glory,Modern Horizons 3,rare,Land,0.0,10.62,406.0,10,69.0,0,0,0
"Arlinn, the Pack's Hope // Arlinn, the Moon's Fury",Innistrad: Midnight Hunt,mythic,Planeswalker,4.0,3.69,8445.0,12,69.0,0,0,0
Sword of Wealth and Power,The Big Score Promos,mythic,Artifact,3.0,18.1,2057.0,15,69.0,0,0,1
Starting Town,Final Fantasy,rare,Land,0.0,10.13,1004.0,15,69.0,0,0,0
Furycalm Snarl,Secrets of Strixhaven Commander,rare,Land,0.0,0.3,362.0,12,69.0,0,0,1
Game Trail,Murders at Karlov Manor Commander,rare,Land,0.0,0.31,361.0,12,69.0,0,0,1
Choked Estuary,Murders at Karlov Manor Commander,rare,Land,0.0,0.36,283.0,12,69.0,0,0,1
Angel of Suffering,Streets of New Capenna,mythic,Creature,5.0,3.58,4484.0,12,69.0,0,0,0
Foreboding Ruins,Duskmourn: House of Horror Commander,rare,Land,0.0,0.36,319.0,12,69.0,0,0,1
Fortified Village,Tarkir: Dragonstorm Commander,rare,Land,0.0,0.28,337.0,12,69.0,0,0,1
Archangel of Thune,Double Masters,mythic,Creature,5.0,61.46,1481.0,12,69.0,0,0,1
"Karn, Scion of Urza",Dominaria,mythic,Planeswalker,4.0,4.02,5160.0,11,68.5,0,0,0
Windswept Heath,Modern Horizons 3,rare,Land,0.0,11.5,46.0,11,68.5,0,0,1
"Jace, the Perfected Mind",Phyrexia: All Will Be One,mythic,Planeswalker,4.0,1.27,5357.0,11,68.5,0,0,0
"Chandra, Dressed to Kill",Innistrad: Crimson Vow,mythic,Planeswalker,3.0,1.28,6316.0,11,68.5,0,0,0
Flooded Strand,Modern Horizons 3,rare,Land,0.0,15.24,41.0,11,68.5,0,0,1
"Arwen, Mortal Queen",The Lord of the Rings: Tales of Middle-earth,mythic,Creature,3.0,7.25,5076.0,11,68.5,0,0,0
Liliana Vess,Magic 2010,mythic,Planeswalker,5.0,5.97,4585.0,13,68.5,0,0,1
"Vivien, Monsters' Advocate",Ikoria: Lair of Behemoths,mythic,Planeswalker,5.0,2.3,5981.0,11,68.5,0,0,0
"Keranos, God of Storms",Journey into Nyx,mythic,Creature,5.0,17.22,6893.0,11,68.5,0,0,0
"Elesh Norn, Mother of Machines",Phyrexia: All Will Be One,mythic,Creature,5.0,26.94,946.0,11,68.5,0,0,1
Grove of the Burnwillows,Edge of Eternities: Stellar Sights,mythic,Land,0.0,5.05,3360.0,11,68.5,0,0,1
Gideon Blackblade,War of the Spark,mythic,Planeswalker,3.0,1.15,8340.0,11,68.5,0,0,0
Thassa's Oracle,Theros Beyond Death Promos,rare,Creature,2.0,22.78,401.0,9,68.5,0,1,1
Mox Opal,Modern Masters 2015,mythic,Artifact,0.0,189.97,238.0,9,68.5,0,0,1
Polluted Delta,Modern Horizons 3,rare,Land,0.0,18.03,38.0,11,68.5,0,0,1
Wooded Foothills,Khans of Tarkir,rare,Land,0.0,17.21,48.0,11,68.5,0,0,1
Bloodstained Mire,Modern Horizons 3,rare,Land,0.0,16.81,43.0,11,68.5,0,0,1
Assassin's Trophy,Secrets of Strixhaven Commander,rare,Instant,2.0,0.85,125.0,15,68.0,0,0,1
Asinine Antics,Wilds of Eldraine,mythic,Sorcery,4.0,0.82,7260.0,15,68.0,0,0,0
Bitterblossom,Wilds of Eldraine: Enchanting Tales,mythic,Enchantment,2.0,27.98,621.0,12,68.0,0,0,1
Banner of Kinship,Foundations,rare,Artifact,5.0,5.33,713.0,16,68.0,0,0,0
Prismatic Vista,Modern Horizons,rare,Land,0.0,36.0,194.0,10,68.0,0,0,0
Vaultborn Tyrant,The Big Score Promos,mythic,Creature,7.0,26.38,1794.0,15,68.0,0,0,1
"Ral, Monsoon Mage // Ral, Leyline Prodigy",Modern Horizons 3,mythic,Creature,2.0,5.12,3867.0,10,68.0,0,0,0
Scapeshift,Core Set 2019,mythic,Sorcery,4.0,51.01,1227.0,12,68.0,0,0,1
Avenger of Zendikar,Lorwyn Eclipsed Commander,mythic,Creature,7.0,0.41,264.0,8,68.0,0,0,1
Glissa Sunslayer,Phyrexia: All Will Be One,rare,Creature,3.0,1.62,1438.0,12,68.0,0,0,0
"Krang, Utrom Warlord",Teenage Mutant Ninja Turtles,mythic,Creature,9.0,19.02,8364.0,15,68.0,0,0,0
Quantum Riddler,Edge of Eternities,mythic,Creature,5.0,35.59,10523.0,15,68.0,0,0,0
"Sorin of House Markov // Sorin, Ravenous Neonate",Modern Horizons 3,mythic,Creature,2.0,2.75,3785.0,10,68.0,0,0,0
Archdruid's Charm,Murders at Karlov Manor,rare,Instant,3.0,7.07,614.0,15,68.0,0,0,0
Great Train Heist,Outlaws of Thunder Junction,rare,Instant,1.0,3.06,1089.0,15,68.0,0,0,0
Elesh Norn // The Argent Etchings,March of the Machine,mythic,Creature,4.0,7.27,3919.0,12,68.0,0,0,0
"Liliana, Heretical Healer // Liliana, Defiant Necromancer",Magic Origins,mythic,Creature,3.0,7.07,4233.0,12,68.0,0,0,0
Overgrown Farmland,Tarkir: Dragonstorm Commander,rare,Land,0.0,2.27,292.0,12,68.0,0,0,1
Urabrask // The Great Work,March of the Machine,mythic,Creature,4.0,15.17,1706.0,12,68.0,0,0,0
"Halvar, God of Battle // Sword of the Realms",Kaldheim,mythic,Creature,4.0,28.05,2319.0,12,68.0,0,0,0
Canopy Vista,Tarkir: Dragonstorm Commander,rare,Land,0.0,0.34,103.0,12,68.0,0,0,1
Nyxbloom Ancient,Theros Beyond Death Promos,mythic,Creature,7.0,27.59,978.0,12,68.0,0,0,1
Prairie Stream,Tarkir: Dragonstorm Commander,rare,Land,0.0,0.31,106.0,12,68.0,0,0,1
"Annie Flash, the Veteran",Outlaws of Thunder Junction,mythic,Creature,6.0,0.26,15969.0,15,68.0,0,0,0
Rockfall Vale,Tarkir: Dragonstorm Commander,rare,Land,0.0,2.13,210.0,12,68.0,0,0,1
"Jace, Unraveler of Secrets",Shadows over Innistrad,mythic,Planeswalker,5.0,1.35,6501.0,12,68.0,0,0,0
"Alela, Artful Provocateur",Secret Lair Drop,mythic,Creature,4.0,13.38,4889.0,12,68.0,0,0,1
Three Tree City,Bloomburrow Promos,rare,Land,0.0,24.0,187.0,16,68.0,0,0,1
Archangel of Tithes,Outlaws of Thunder Junction,mythic,Creature,4.0,4.05,2171.0,15,68.0,0,0,1
Old Gnawbone,The List,mythic,Creature,7.0,48.59,872.0,11,67.5,0,0,1
Archangel Elspeth,March of the Machine,mythic,Planeswalker,4.0,3.75,5154.0,11,67.5,0,0,0
Savai Triome,Ikoria: Lair of Behemoths Promos,rare,Land,0.0,20.71,477.0,11,67.5,0,0,1
The Meathook Massacre,Innistrad Remastered,mythic,Enchantment,2.0,24.25,505.0,11,67.5,0,0,1
Balefire Dragon,Innistrad Remastered,mythic,Creature,7.0,12.3,1228.0,11,67.5,0,0,1
Mana Confluence,Journey into Nyx,rare,Land,0.0,30.43,118.0,11,67.5,0,0,0
Ketria Triome,The List,rare,Land,0.0,16.34,349.0,11,67.5,0,0,1
Professor Onyx,Duskmourn: House of Horror Commander,mythic,Planeswalker,6.0,3.1,2416.0,11,67.5,0,0,1
"Jace, the Mind Sculptor",Masters 25,mythic,Planeswalker,4.0,17.68,3419.0,11,67.5,0,0,1
"Chandra, Awakened Inferno",Commander Masters,mythic,Planeswalker,6.0,10.27,3143.0,11,67.5,0,0,1
Indatha Triome,Ikoria: Lair of Behemoths Promos,rare,Land,0.0,18.24,452.0,11,67.5,0,0,1
Sorin the Mirthless,Innistrad: Crimson Vow,mythic,Planeswalker,4.0,2.09,7566.0,11,67.5,0,0,0
Anointed Procession,Amonkhet,rare,Enchantment,4.0,57.95,348.0,12,67.0,0,0,0
Caretaker's Talent,Bloomburrow,rare,Enchantment,3.0,6.51,697.0,15,67.0,0,0,0
Double Down,Outlaws of Thunder Junction,mythic,Enchantment,4.0,0.59,5401.0,14,67.0,0,0,0
Sorin Markov,The List,mythic,Planeswalker,6.0,6.65,3792.0,12,67.0,0,0,1
Arid Mesa,Modern Horizons 2,rare,Land,0.0,35.94,54.0,10,67.0,0,0,1
"Nicol Bolas, the Ravager // Nicol Bolas, the Arisen",Core Set 2019,mythic,Creature,4.0,19.78,5075.0,12,67.0,0,0,0
"Ugin, the Ineffable",War of the Spark,rare,Planeswalker,6.0,1.35,988.0,12,67.0,0,0,0
Borborygmos and Fblthp,March of the Machine,mythic,Creature,5.0,0.37,17040.0,12,67.0,0,0,0
Enduring Vitality,Duskmourn: House of Horror,rare,Creature,3.0,7.17,536.0,16,67.0,0,0,0
Innkeeper's Talent,Bloomburrow,rare,Enchantment,2.0,8.84,725.0,15,67.0,0,0,0
Enduring Curiosity,Duskmourn: House of Horror,rare,Creature,4.0,7.47,912.0,15,67.0,0,0,0
Enduring Tenacity,Duskmourn: House of Horror,rare,Creature,4.0,8.06,951.0,16,67.0,0,0,0
Enduring Courage,Duskmourn: House of Horror,rare,Creature,4.0,2.35,1212.0,16,67.0,0,0,0
Scalding Tarn,Modern Masters 2017,rare,Land,0.0,34.9,49.0,10,67.0,0,0,1
Ouroboroid,Edge of Eternities Promos,mythic,Creature,4.0,38.19,2280.0,15,67.0,0,0,1
"Phlage, Titan of Fire's Fury",Modern Horizons 3,mythic,Creature,3.0,16.54,8308.0,10,67.0,0,0,0
Monument to Endurance,Aetherdrift,rare,Artifact,3.0,14.59,1238.0,15,67.0,0,0,0
"Kiora, Master of the Depths",Battle for Zendikar,mythic,Planeswalker,4.0,1.89,8631.0,8,67.0,0,0,0
"Ajani, Outland Chaperone",Lorwyn Eclipsed Promos,mythic,Planeswalker,3.0,7.85,13611.0,15,67.0,0,0,1
Basilisk Collar,Foundations,rare,Artifact,1.0,3.73,258.0,17,67.0,0,0,1
Batterskull,Double Masters,mythic,Artifact,5.0,5.02,4810.0,12,67.0,0,0,1
"Jace, Wielder of Mysteries",War of the Spark,rare,Planeswalker,4.0,4.75,1060.0,12,67.0,0,0,0
"Huatli, Radiant Champion",Secret Lair Drop,mythic,Planeswalker,4.0,3.26,8860.0,12,67.0,0,0,1
Contagion Engine,Breaking News,mythic,Artifact,6.0,14.45,1771.0,12,67.0,0,0,1
Phyrexian Arena,Foundations,rare,Enchantment,3.0,3.4,96.0,18,67.0,0,0,1
Grim Tutor,Secret Lair Drop,mythic,Sorcery,3.0,24.56,682.0,12,67.0,0,0,1
Chromatic Lantern,Teenage Mutant Ninja Turtles Eternal,rare,Artifact,3.0,1.19,80.0,12,67.0,0,0,1
Castle Garenbrig,Throne of Eldraine,rare,Land,0.0,6.07,708.0,12,67.0,0,0,0
Super Shredder,Teenage Mutant Ninja Turtles,mythic,Creature,2.0,29.49,7957.0,15,67.0,0,0,0
Ranger-Captain of Eos,The List,mythic,Creature,3.0,29.3,739.0,10,67.0,0,0,1
Agatha of the Vile Cauldron,Wilds of Eldraine Promos,mythic,Creature,2.0,6.33,5924.0,15,67.0,0,0,1
Enduring Innocence,Duskmourn: House of Horror,rare,Creature,3.0,5.84,873.0,15,67.0,0,0,0
Bloodchief Ascension,Avatar: The Last Airbender Eternal,mythic,Enchantment,1.0,12.76,724.0,10,67.0,0,0,1
Marsh Flats,Modern Masters 2017,rare,Land,0.0,27.18,51.0,10,67.0,0,0,1
"Yawgmoth, Thran Physician",Dominaria Remastered,mythic,Creature,4.0,27.88,802.0,10,67.0,0,0,1
Mox Jasper,Tarkir: Dragonstorm Promos,mythic,Artifact,0.0,11.56,2986.0,15,67.0,0,0,1
Darkbore Pathway // Slitherbore Pathway,Kaldheim,rare,Land,0.0,5.71,1107.0,11,66.5,0,0,0
"Ajani, Sleeper Agent",Dominaria United Promos,mythic,Planeswalker,4.0,6.54,6451.0,11,66.5,0,0,1
Barkchannel Pathway // Tidechannel Pathway,Kaldheim,rare,Land,0.0,4.79,1059.0,11,66.5,0,0,0
Blightstep Pathway // Searstep Pathway,Kaldheim,rare,Land,0.0,5.11,786.0,11,66.5,0,0,0
Faerie Mastermind,March of the Machine,rare,Creature,2.0,21.38,343.0,11,66.5,0,0,0
Liliana of the Veil,Dominaria United Promos,mythic,Planeswalker,3.0,4.43,2872.0,11,66.5,0,0,1
Shattered Sanctum,Secrets of Strixhaven,rare,Land,0.0,1.82,323.0,11,66.5,0,0,1
Dreamroot Cascade,Secrets of Strixhaven,rare,Land,0.0,2.09,185.0,11,66.5,0,0,1
Subtlety,Modern Horizons 2,mythic,Creature,4.0,12.44,4461.0,9,66.5,0,0,0
Sundown Pass,Secrets of Strixhaven,rare,Land,0.0,2.02,313.0,11,66.5,0,0,1
"Urza, Lord High Artificer",Dominaria Remastered,mythic,Creature,4.0,13.54,779.0,9,66.5,0,0,1
Sheoldred // The True Scriptures,March of the Machine,mythic,Creature,5.0,16.65,1798.0,11,66.5,0,0,0
Deathcap Glade,Secrets of Strixhaven,rare,Land,0.0,2.31,447.0,11,66.5,0,0,1
"Elesh Norn, Grand Cenobite",Secret Lair Drop,mythic,Creature,7.0,14.85,762.0,11,66.5,0,0,1
Stormcarved Coast,Secrets of Strixhaven,rare,Land,0.0,2.06,220.0,11,66.5,0,0,1
Kaito Shizuki,Kamigawa: Neon Dynasty Promos,mythic,Planeswalker,3.0,1.12,5613.0,11,66.5,0,0,1
"Avacyn, Angel of Hope",Innistrad Remastered,mythic,Creature,8.0,30.36,754.0,11,66.5,0,0,1
Sword of Truth and Justice,Secret Lair Drop,mythic,Artifact,3.0,29.71,1619.0,11,66.5,0,0,1
Azorius Signet,Secret Lair Drop,rare,Artifact,2.0,13.23,192.0,13,66.5,0,0,1
Warren Soultrader,Modern Horizons 3,rare,Creature,3.0,11.79,459.0,11,66.5,0,0,0
"Tyvar, Jubilant Brawler",Phyrexia: All Will Be One,rare,Planeswalker,3.0,1.57,2334.0,12,66.0,0,0,0
Ba Sing Se,Avatar: The Last Airbender,rare,Land,0.0,4.64,2316.0,15,66.0,0,0,0
Heroic Intervention,Tales of Middle-earth Commander,rare,Instant,2.0,12.43,32.0,12,66.0,0,0,1
"Camellia, the Seedmiser",Bloomburrow,rare,Creature,3.0,1.49,2633.0,16,66.0,0,0,0
"Birgi, God of Storytelling // Harnfel, Horn of Bounty",Kaldheim,rare,Creature,3.0,26.19,489.0,12,66.0,0,0,0
"Gisela, the Broken Blade",Innistrad Remastered,mythic,Creature,4.0,20.05,2543.0,12,66.0,0,0,1
"Alania, Divergent Storm",Bloomburrow,rare,Creature,5.0,0.28,4229.0,16,66.0,0,0,0
Inspiring Vantage,Outlaws of Thunder Junction,rare,Land,0.0,1.08,1475.0,14,66.0,0,0,1
Cabal Stronghold,Dominaria,rare,Land,0.0,14.26,956.0,12,66.0,0,0,0
Bleachbone Verge,Aetherdrift Promos,rare,Land,0.0,9.4,1009.0,15,66.0,0,0,1
"Tergrid, God of Fright // Tergrid's Lantern",Kaldheim,rare,Creature,5.0,17.41,1512.0,12,66.0,0,1,0
Willowrush Verge,Aetherdrift Promos,rare,Land,0.0,10.07,1263.0,15,66.0,0,0,1
"Sorin, Vengeful Bloodlord",War of the Spark,rare,Planeswalker,4.0,1.68,4942.0,12,66.0,0,0,0
Karn's Bastion,Edge of Eternities Commander,rare,Land,0.0,1.91,198.0,12,66.0,0,0,1
Conduit of Worlds,Phyrexia: All Will Be One,rare,Artifact,4.0,4.45,522.0,12,66.0,0,0,0
"Alesha, Who Laughs at Fate",Foundations,rare,Creature,3.0,3.74,2001.0,16,66.0,0,0,0
Ugin's Labyrinth,Modern Horizons 3 Promos,mythic,Land,0.0,12.84,2892.0,10,66.0,0,0,1
Tyvar Kell,Kaldheim Promos,mythic,Planeswalker,4.0,4.36,4430.0,10,66.0,0,0,1
Wastewood Verge,Aetherdrift Promos,rare,Land,0.0,7.85,1241.0,15,66.0,0,0,1
The World Tree,Kaldheim Promos,rare,Land,0.0,7.57,760.0,12,66.0,0,0,1
Hexing Squelcher,Lorwyn Eclipsed,rare,Creature,2.0,17.45,1370.0,15,66.0,0,0,0
Riverpyre Verge,Aetherdrift Promos,rare,Land,0.0,17.57,1111.0,15,66.0,0,0,1
The Immortal Sun,Commander Masters,mythic,Artifact,6.0,11.85,2443.0,12,66.0,0,0,1
"Bonny Pall, Clearcutter",Outlaws of Thunder Junction,rare,Creature,6.0,1.11,3112.0,15,66.0,0,0,0
Concealed Courtyard,Outlaws of Thunder Junction,rare,Land,0.0,1.07,1153.0,15,66.0,0,0,1
"Yavimaya, Cradle of Growth",Modern Horizons 3 Commander,rare,Land,0.0,14.6,76.0,10,66.0,0,0,1
"Ral, Storm Conduit",War of the Spark,rare,Planeswalker,4.0,1.09,3218.0,12,66.0,0,0,0
"Nissa, Resurgent Animist",March of the Machine: The Aftermath Promos,mythic,Creature,3.0,22.01,2043.0,11,65.5,0,0,1
Capricious Hellraiser,Phyrexia: All Will Be One,mythic,Creature,6.0,0.33,14111.0,11,65.5,0,0,0
"Takenuma, Abandoned Mire",Kamigawa: Neon Dynasty Promos,rare,Land,0.0,11.22,239.0,11,65.5,0,0,1
Blackcleave Cliffs,Phyrexia: All Will Be One,rare,Land,0.0,1.81,1048.0,13,65.5,0,0,1
Baneslayer Angel,Core Set 2021,mythic,Creature,5.0,3.74,4712.0,13,65.5,0,0,1
"Valki, God of Lies // Tibalt, Cosmic Impostor",Kaldheim,mythic,Creature,2.0,3.28,5608.0,11,65.5,0,0,0
Urza's Incubator,Modern Horizons 3,rare,Artifact,3.0,17.12,303.0,13,65.5,0,0,1
"Tezzeret, Agent of Bolas",Mirrodin Besieged,mythic,Planeswalker,4.0,2.68,13558.0,7,65.5,0,0,0
Darkslick Shores,Phyrexia: All Will Be One,rare,Land,0.0,1.98,1331.0,13,65.5,0,0,1
Copperline Gorge,Phyrexia: All Will Be One,rare,Land,0.0,0.39,1460.0,13,65.5,0,0,1
"Karn, Living Legacy",Dominaria United,mythic,Planeswalker,4.0,1.12,5159.0,9,65.5,0,0,0
"Etali, Primal Conqueror // Etali, Primal Sickness",March of the Machine,rare,Creature,7.0,34.93,732.0,12,65.0,0,0,0
Bedevil,Duskmourn: House of Horror Commander,rare,Instant,3.0,0.48,461.0,12,65.0,0,0,1
Insatiable Avarice,Outlaws of Thunder Junction,rare,Sorcery,1.0,5.92,1070.0,15,65.0,0,0,0
Ruinous Ultimatum,Ikoria: Lair of Behemoths,rare,Sorcery,7.0,2.81,630.0,12,65.0,0,0,0
"Etali, Primal Storm",Foundations,rare,Creature,6.0,0.52,257.0,16,65.0,0,0,1
"Adeline, Resplendent Cathar",Innistrad: Midnight Hunt,rare,Creature,3.0,3.93,512.0,12,65.0,0,0,0
Djeru and Hazoret,March of the Machine,rare,Creature,5.0,0.41,4968.0,12,65.0,0,0,0
Spire of Industry,Edge of Eternities Commander,rare,Land,0.0,0.29,384.0,12,65.0,0,0,1
Multiversal Passage,Marvel's Spider-Man,rare,Land,0.0,8.28,3026.0,15,65.0,0,0,0
"Minamo, School at Water's Edge",Tales of Middle-earth Commander,mythic,Land,0.0,55.29,598.0,8,65.0,0,0,1
Arcane Bombardment,Outlaws of Thunder Junction Commander,mythic,Enchantment,6.0,6.31,2211.0,12,65.0,0,0,1
Blasphemous Edict,Foundations,rare,Sorcery,5.0,3.36,550.0,16,65.0,0,0,0
Aurora Awakener,Lorwyn Eclipsed Promos,mythic,Creature,7.0,3.48,11914.0,15,65.0,0,0,1
Delighted Halfling,The Lord of the Rings: Tales of Middle-earth,rare,Creature,1.0,25.39,157.0,10,65.0,0,0,0
Scavenger Grounds,Outlaws of Thunder Junction Commander,rare,Land,0.0,0.46,316.0,12,65.0,0,0,1
"Ghalta, Primal Hunger",Foundations,rare,Creature,12.0,0.7,476.0,16,65.0,0,0,1
"Finneas, Ace Archer",Bloomburrow,rare,Creature,2.0,0.31,4542.0,16,65.0,0,0,0
Abandoned Air Temple,Avatar: The Last Airbender,rare,Land,0.0,6.09,1933.0,16,65.0,0,0,0
Ajani Vengeant,Shards of Alara,mythic,Planeswalker,4.0,4.18,13762.0,8,65.0,0,0,0
Archon of Cruelty,Modern Horizons 2,mythic,Creature,8.0,8.5,1118.0,6,65.0,0,0,0
Geier Reach Sanitarium,The Lost Caverns of Ixalan Commander,rare,Land,0.0,1.55,424.0,12,65.0,0,0,1
Maskwood Nexus,Commander Legends: Battle for Baldur's Gate,rare,Artifact,4.0,2.23,481.0,12,65.0,0,0,1
Felidar Retreat,Foundations,rare,Enchantment,4.0,1.52,471.0,16,65.0,0,0,1
Vineglimmer Snarl,March of the Machine Commander,rare,Land,0.0,0.29,547.0,12,65.0,0,0,1
Necroblossom Snarl,Duskmourn: House of Horror Commander,rare,Land,0.0,0.41,557.0,12,65.0,0,0,1
"Eiganjo, Seat of the Empire",Kamigawa: Neon Dynasty Promos,rare,Land,0.0,5.92,370.0,11,64.5,0,0,1
"Emrakul, the Promised End",Innistrad Remastered,mythic,Creature,13.0,13.64,1814.0,11,64.5,0,0,1
Wrenn and Six,Modern Horizons,mythic,Planeswalker,2.0,9.56,6034.0,9,64.5,0,0,0
"Rowan, Scholar of Sparks // Will, Scholar of Frost",Strixhaven: School of Mages,mythic,Planeswalker,3.0,1.91,10732.0,9,64.5,0,0,0
Mox Tantalite,Modern Horizons,mythic,Artifact,0.0,11.87,4220.0,7,64.5,0,0,0
"Teferi, Time Raveler",War of the Spark,rare,Planeswalker,3.0,4.32,1098.0,8,64.0,0,0,0
Ghost Vacuum,Duskmourn: House of Horror,rare,Artifact,1.0,2.78,3909.0,15,64.0,0,0,0
"Ayara, First of Locthwain",Throne of Eldraine,rare,Creature,3.0,10.04,803.0,12,64.0,0,0,0
"Nissa, Vastwood Seer // Nissa, Sage Animist",Magic Origins,mythic,Creature,3.0,3.85,6175.0,12,64.0,0,0,0
Altar of the Brood,Khans of Tarkir,rare,Artifact,1.0,8.96,1409.0,12,64.0,0,0,0
"Kutzil, Malamet Exemplar",The Lost Caverns of Ixalan,uncommon,Creature,3.0,3.85,377.0,14,64.0,0,0,0
Fecund Greenshell,Bloomburrow,rare,Creature,5.0,1.68,2857.0,16,64.0,0,0,0
Admiral Beckett Brass,Secret Lair Drop,mythic,Creature,4.0,11.29,5505.0,12,64.0,0,0,1
"Linvala, Keeper of Silence",Modern Masters 2017,mythic,Creature,4.0,18.84,2470.0,12,64.0,0,0,1
Avabruck Caretaker // Hollowhenge Huntmaster,Innistrad: Crimson Vow,mythic,Creature,6.0,3.89,7120.0,12,64.0,0,0,0
Breach the Multiverse,March of the Machine,rare,Sorcery,7.0,7.94,820.0,12,64.0,0,0,0
"Kytheon, Hero of Akros // Gideon, Battle-Forged",Magic Origins,mythic,Creature,1.0,1.24,10910.0,12,64.0,0,0,0
Ancient Tomb,Ultimate Masters,rare,Land,0.0,127.91,64.0,8,64.0,0,1,1
City on Fire,March of the Machine,rare,Enchantment,8.0,11.35,799.0,12,64.0,0,0,0
Azure Beastbinder,Bloomburrow,rare,Creature,2.0,0.42,3973.0,16,64.0,0,0,0
"Gideon, Ally of Zendikar",The List,mythic,Planeswalker,4.0,1.18,8764.0,12,64.0,0,0,1
Chainsaw,Duskmourn: House of Horror,rare,Artifact,2.0,0.82,4124.0,16,64.0,0,0,0
"Liliana, Untouched by Death",Starter Commander Decks,mythic,Planeswalker,4.0,1.18,6952.0,12,64.0,0,0,1
Inga and Esika,March of the Machine,rare,Creature,4.0,2.28,2299.0,12,64.0,0,0,0
Anguished Unmaking,Secret Lair Drop,rare,Instant,3.0,5.87,156.0,12,64.0,0,0,1
"Liliana, Death Mage",The List,mythic,Planeswalker,6.0,1.12,13165.0,12,64.0,0,0,1
Esper Sentinel,Modern Horizons 2 Timeshifts,rare,Creature,1.0,56.26,75.0,10,64.0,0,0,1
Aetherize,Secret Lair Drop,rare,Instant,4.0,19.96,315.0,16,64.0,0,0,1
Drana and Linvala,March of the Machine,rare,Creature,4.0,6.51,1768.0,12,64.0,0,0,0
"Akiri, Fearless Voyager",Zendikar Rising,rare,Creature,3.0,4.86,2025.0,12,64.0,0,0,0
Authority of the Consuls,Foundations,rare,Enchantment,1.0,3.78,385.0,16,64.0,0,0,1
Ghalta and Mavren,March of the Machine,rare,Creature,7.0,4.64,1708.0,12,64.0,0,0,0
Vanquisher's Banner,The Lost Caverns of Ixalan Commander,rare,Artifact,5.0,4.63,342.0,12,64.0,0,0,1
Rampaging Baloths,Edge of Eternities Commander,rare,Creature,6.0,0.33,360.0,17,64.0,0,0,1
Arasta of the Endless Web,Theros Beyond Death,rare,Creature,4.0,3.61,1077.0,12,64.0,0,0,0
Alhammarret's Archive,Commander 2021,mythic,Artifact,5.0,11.86,953.0,8,64.0,0,0,1
Sheltered Thicket,Lorwyn Eclipsed Commander,rare,Land,0.0,0.27,624.0,12,64.0,0,0,1
"Nissa, Who Shakes the World",War of the Spark,rare,Planeswalker,5.0,4.02,1530.0,12,64.0,0,0,0
Approach of the Second Sun,Amonkhet,rare,Sorcery,7.0,3.64,1030.0,12,64.0,0,0,0
"Braids, Arisen Nightmare",Edge of Eternities Commander,rare,Creature,3.0,2.76,290.0,12,64.0,0,0,1
Polyraptor,Secret Lair Drop,mythic,Creature,8.0,15.76,3602.0,12,64.0,0,0,1
Supreme Verdict,Ravnica: Clue Edition,rare,Sorcery,4.0,2.92,464.0,12,64.0,0,0,1
Serra's Sanctum,Urza's Saga,rare,Land,0.0,399.89,3016.0,6,64.0,1,1,0
Bayou,Revised Edition,rare,Land,0.0,411.65,433.0,7,63.5,1,0,1
Scrubland,Revised Edition,rare,Land,0.0,410.14,386.0,7,63.5,1,0,1
Plateau,Revised Edition,rare,Land,0.0,341.8,456.0,7,63.5,1,0,1
Underground Sea,Revised Edition,rare,Land,0.0,927.92,299.0,7,63.5,1,0,1
Badlands,Revised Edition,rare,Land,0.0,457.79,387.0,7,63.5,1,0,1
"Mikaeus, the Unhallowed",Commander Masters,mythic,Creature,6.0,28.09,1232.0,7,63.5,0,0,1
"Alibou, Ancient Witness",Commander 2021,mythic,Creature,5.0,5.7,2569.0,9,63.5,0,0,0
Pearl Medallion,Modern Horizons 3,rare,Artifact,2.0,4.25,492.0,13,63.5,0,0,1
Volcanic Island,Revised Edition,rare,Land,0.0,748.92,350.0,7,63.5,1,0,1
The Wandering Emperor,Kamigawa: Neon Dynasty Promos,mythic,Planeswalker,4.0,3.39,5378.0,11,63.5,0,0,1
"Azusa, Lost but Seeking",Commander Masters,rare,Creature,3.0,12.23,295.0,13,63.5,0,0,1
"Ragavan, Nimble Pilferer",Multiverse Legends,mythic,Creature,1.0,46.35,268.0,7,63.5,0,0,1
"Liliana, the Last Hope",Double Masters 2022,mythic,Planeswalker,3.0,4.12,7435.0,11,63.5,0,0,1
Diabolic Intent,Final Fantasy: Through the Ages,rare,Sorcery,2.0,13.3,263.0,13,63.5,0,0,1
"Ajani, Nacatl Pariah // Ajani, Nacatl Avenger",Modern Horizons 3,mythic,Creature,2.0,9.41,4516.0,7,63.5,0,0,0
Tundra,Revised Edition,rare,Land,0.0,570.17,371.0,7,63.5,1,0,1
Savannah,Revised Edition,rare,Land,0.0,366.83,470.0,7,63.5,1,0,1
Tropical Island,Revised Edition,rare,Land,0.0,530.98,365.0,7,63.5,1,0,1
Ancient Copper Dragon,Commander Legends: Battle for Baldur's Gate,mythic,Creature,6.0,106.83,652.0,9,63.5,0,0,0
Ancient Silver Dragon,Commander Legends: Battle for Baldur's Gate,mythic,Creature,8.0,61.94,1374.0,9,63.5,0,0,0
Taiga,Revised Edition,rare,Land,0.0,385.49,438.0,7,63.5,1,0,1
Blightsteel Colossus,Secret Lair Drop,mythic,Creature,12.0,27.26,1055.0,8,63.0,0,0,1
Exotic Orchard,Secrets of Strixhaven Commander,rare,Land,0.0,0.73,9.0,8,63.0,0,0,1
Absorb,Invasion,rare,Instant,3.0,3.56,3788.0,14,63.0,0,0,0
"Sorin, Imperious Bloodlord",Innistrad Remastered,mythic,Planeswalker,3.0,3.29,3943.0,8,63.0,0,0,1
Gruff Triplets,Wilds of Eldraine,rare,Creature,6.0,0.31,4691.0,15,63.0,0,0,0
Wishclaw Talisman,Foundations,rare,Artifact,2.0,2.0,506.0,16,63.0,0,0,1
Scute Swarm,Duskmourn: House of Horror Commander,rare,Creature,3.0,4.66,225.0,12,63.0,0,0,1
Chandra Ablaze,Zendikar,mythic,Planeswalker,6.0,3.73,13998.0,8,63.0,0,0,0
Coiling Rebirth,Bloomburrow,rare,Sorcery,5.0,0.16,4206.0,16,63.0,0,0,0
Return of the Wildspeaker,Lorwyn Eclipsed Commander,rare,Instant,5.0,0.65,174.0,12,63.0,0,0,1
Artist's Talent,Bloomburrow,rare,Enchantment,2.0,6.39,1721.0,15,63.0,0,0,0
Darkstar Augur,Bloomburrow,rare,Creature,3.0,0.33,3321.0,16,63.0,0,0,0
"Toski, Bearer of Secrets",Murders at Karlov Manor Commander,rare,Creature,4.0,3.06,374.0,12,63.0,0,0,1
Ingenious Prodigy,Wilds of Eldraine,rare,Creature,1.0,0.54,3524.0,15,63.0,0,0,0
Blackblade Reforged,Dominaria United Commander,rare,Artifact,2.0,3.07,328.0,12,63.0,0,0,1
Claim Jumper,Outlaws of Thunder Junction,rare,Creature,3.0,0.84,1823.0,15,63.0,0,0,0
Oracle of Mul Daya,Edge of Eternities Commander,rare,Creature,4.0,3.09,479.0,12,63.0,0,0,1
Fear of Missing Out,Duskmourn: House of Horror,rare,Creature,2.0,2.71,2703.0,15,63.0,0,0,0
Professional Face-Breaker,Final Fantasy Commander,rare,Creature,3.0,3.84,216.0,12,63.0,0,0,1
Blasphemous Act,Secrets of Strixhaven Commander,rare,Sorcery,9.0,1.95,23.0,10,63.0,0,0,1
Essence Channeler,Bloomburrow,rare,Creature,2.0,0.65,4063.0,16,63.0,0,0,0
Phyrexian Metamorph,Edge of Eternities Commander,rare,Creature,4.0,1.96,298.0,12,63.0,0,0,1
Psychosis Crawler,Murders at Karlov Manor Commander,rare,Creature,5.0,1.92,450.0,12,63.0,0,0,1
Ghostly Dancers,Duskmourn: House of Horror,rare,Creature,5.0,0.4,3854.0,16,63.0,0,0,0
Aven Interrupter,Outlaws of Thunder Junction,rare,Creature,3.0,3.88,1788.0,14,63.0,0,0,0
City of Brass,Teenage Mutant Ninja Turtles Eternal,rare,Land,0.0,9.8,99.0,8,63.0,0,0,1
"Ezuri, Stalker of Spheres",Phyrexia: All Will Be One,rare,Creature,4.0,0.65,3035.0,12,63.0,0,0,0
"Tamiyo, Inquisitive Student // Tamiyo, Seasoned Scholar",Modern Horizons 3,mythic,Creature,1.0,19.22,6984.0,9,62.5,0,0,0
Treasure Vault,Adventures in the Forgotten Realms,rare,Artifact,0.0,1.5,500.0,11,62.5,0,0,0
Cursed Mirror,Secrets of Strixhaven Commander,rare,Artifact,3.0,1.95,448.0,11,62.5,0,0,1
"Jace, Vryn's Prodigy // Jace, Telepath Unbound",Magic Origins,mythic,Creature,2.0,5.0,6347.0,11,62.5,0,0,0
Sanguine Bond,Tales of Middle-earth Commander,rare,Enchantment,5.0,3.71,493.0,13,62.5,0,0,1
Altaïr Ibn-La'Ahad,Assassin's Creed,mythic,Creature,3.0,6.12,6441.0,7,62.5,0,0,0
"Kozilek, Butcher of Truth",Modern Masters 2015,mythic,Creature,10.0,40.34,1067.0,7,62.5,0,0,1
Black Market Connections,Assassin's Creed,rare,Enchantment,3.0,15.78,133.0,11,62.5,0,0,1
Goblin Bombardment,Modern Horizons 2,rare,Enchantment,2.0,3.67,455.0,13,62.5,0,0,1
Mystic Forge,Commander Masters,rare,Artifact,4.0,2.71,426.0,11,62.5,0,0,1
City of Traitors,Exodus,rare,Land,0.0,485.91,1282.0,7,62.5,1,0,0
Sevinne's Reclamation,Modern Horizons 3,rare,Sorcery,3.0,0.56,344.0,11,62.5,0,0,1
Rugged Prairie,Secrets of Strixhaven Commander,rare,Land,0.0,0.73,317.0,8,62.0,0,0,1
Cavalier of Dawn,Core Set 2020 Promos,mythic,Creature,5.0,11.88,5369.0,12,62.0,0,0,1
"Clement, the Worrywort",Bloomburrow,rare,Creature,3.0,0.28,6365.0,16,62.0,0,0,0
Mosswort Bridge,Tarkir: Dragonstorm Commander,rare,Land,0.0,0.28,193.0,8,62.0,0,0,1
"Sram, Senior Edificer",Secrets of Strixhaven Commander,rare,Creature,2.0,3.33,472.0,12,62.0,0,0,1
"Archangel Avacyn // Avacyn, the Purifier",Innistrad Remastered,mythic,Creature,5.0,3.26,7291.0,12,62.0,0,0,1
Chandra's Ignition,The Lost Caverns of Ixalan Commander,rare,Sorcery,5.0,4.84,496.0,12,62.0,0,0,1
Flooded Grove,Tarkir: Dragonstorm Commander,rare,Land,0.0,0.31,321.0,8,62.0,0,0,1
Eternity Vessel,Zendikar,mythic,Artifact,6.0,22.24,9645.0,8,62.0,0,0,0
Auntie's Hovel,Lorwyn,rare,Land,0.0,6.58,11056.0,12,62.0,0,0,0
"Fblthp, Lost on the Range",Outlaws of Thunder Junction,rare,Creature,3.0,0.33,4373.0,15,62.0,0,0,0
Swiftfoot Boots,Tarkir: Dragonstorm Commander,uncommon,Artifact,2.0,2.05,12.0,15,62.0,0,0,1
Demonic Counsel,Duskmourn: House of Horror,rare,Sorcery,2.0,1.95,1928.0,16,62.0,0,0,0
Hardened Scales,Secrets of Strixhaven Commander,rare,Enchantment,1.0,2.66,199.0,12,62.0,0,0,1
Dour Port-Mage,Bloomburrow,rare,Creature,2.0,1.51,1565.0,16,62.0,0,0,0
Archpriest of Shadows,March of the Machine,rare,Creature,5.0,1.44,2922.0,12,62.0,0,0,0
Cascade Bluffs,Edge of Eternities Commander,rare,Land,0.0,0.44,324.0,8,62.0,0,0,1
"Breeches, the Blastmaker",Outlaws of Thunder Junction,rare,Creature,3.0,0.26,7641.0,15,62.0,0,0,0
Sarkhan Vol,Shards of Alara,mythic,Planeswalker,4.0,2.87,15376.0,8,62.0,0,0,0
Fetid Heath,Secrets of Strixhaven Commander,rare,Land,0.0,0.74,376.0,8,62.0,0,0,1
"Eriette, the Beguiler",Outlaws of Thunder Junction,rare,Creature,4.0,0.22,13470.0,15,62.0,0,0,0
Unnatural Growth,Innistrad Remastered,rare,Enchantment,5.0,2.5,451.0,12,62.0,0,0,1
Snapcaster Mage,Innistrad,rare,Creature,2.0,15.98,1469.0,10,62.0,0,0,0
Avatar's Wrath,Avatar: The Last Airbender,rare,Sorcery,4.0,3.66,2383.0,16,62.0,0,0,0
Rogue's Passage,Secrets of Strixhaven Commander,uncommon,Land,0.0,0.98,19.0,15,62.0,0,0,1
"Invasion of Ikoria // Zilortha, Apex of Ikoria",March of the Machine,rare,Creature,2.0,11.5,1205.0,12,62.0,0,0,0
Entity Tracker,Duskmourn: House of Horror,rare,Creature,3.0,0.56,2269.0,16,62.0,0,0,0
Archmage Emeritus,Secrets of Strixhaven Commander,rare,Creature,4.0,3.54,267.0,12,62.0,0,0,1
"Boseiju, Who Shelters All",Tales of Middle-earth Commander,mythic,Land,0.0,14.1,2856.0,8,62.0,0,0,1
Twilight Mire,Secrets of Strixhaven Commander,rare,Land,0.0,0.71,420.0,8,62.0,0,0,1
Animation Module,Kaladesh,rare,Artifact,1.0,3.25,4182.0,12,62.0,0,0,0
Blind Obedience,Commander 2016,rare,Enchantment,2.0,3.45,468.0,12,62.0,0,0,1
Rishkar's Expertise,The Lost Caverns of Ixalan Commander,rare,Sorcery,6.0,3.32,246.0,12,62.0,0,0,1
Faeburrow Elder,Lorwyn Eclipsed Commander,rare,Creature,3.0,0.38,523.0,12,62.0,0,0,1
Bident of Thassa,The Lost Caverns of Ixalan Commander,rare,Enchantment,4.0,0.41,405.0,12,62.0,0,0,1
Bonders' Enclave,Outlaws of Thunder Junction Commander,rare,Land,0.0,0.64,544.0,12,62.0,0,0,1
Charming Scoundrel,Wilds of Eldraine,rare,Creature,2.0,0.82,3438.0,15,62.0,0,0,0
Voice of Victory,Tarkir: Dragonstorm Promos,rare,Creature,2.0,18.29,626.0,15,62.0,0,0,1
"Bruse Tarl, Roving Rancher",Outlaws of Thunder Junction,rare,Creature,4.0,0.18,14337.0,15,62.0,0,0,0
Blooming Marsh,Outlaws of Thunder Junction,rare,Land,0.0,2.22,1515.0,14,62.0,0,0,1
Shamanic Revelation,New Capenna Commander,rare,Sorcery,5.0,1.27,373.0,12,62.0,0,0,1
"Gev, Scaled Scorch",Bloomburrow,rare,Creature,2.0,0.34,6195.0,16,62.0,0,0,0
Nurturing Peatland,Modern Horizons,rare,Land,0.0,6.84,1543.0,10,62.0,0,0,0
Botanical Sanctum,Outlaws of Thunder Junction,rare,Land,0.0,1.32,1659.0,15,62.0,0,0,1
"Kiki-Jiki, Mirror Breaker",Modern Masters,mythic,Creature,5.0,11.81,1143.0,7,61.5,0,0,1
Sanctum Weaver,Modern Horizons 2,rare,Creature,2.0,4.02,595.0,11,61.5,0,0,0
Loran of the Third Path,Murders at Karlov Manor Commander,rare,Creature,3.0,3.07,358.0,11,61.5,0,0,1
Welcoming Vampire,Tarkir: Dragonstorm Commander,rare,Creature,3.0,2.79,431.0,11,61.5,0,0,1
Bilbo's Ring,The Lord of the Rings: Tales of Middle-earth,rare,Artifact,3.0,14.54,4986.0,11,61.5,0,0,0
Imperial Recruiter,Modern Horizons 2,mythic,Creature,3.0,12.64,609.0,7,61.5,0,0,1
Alchemist's Refuge,Avacyn Restored,rare,Land,0.0,3.29,1156.0,7,61.5,0,0,0
Pact of Negation,Modern Masters,rare,Instant,0.0,17.19,356.0,11,61.5,0,0,1
Invasion of Innistrad // Deluge of the Dead,March of the Machine,mythic,Enchantment,4.0,0.4,10566.0,11,61.5,0,0,0
Chord of Calling,Ravnica Remastered,rare,Instant,3.0,4.88,537.0,13,61.5,0,0,1
"Heliod, the Radiant Dawn // Heliod, the Warped Eclipse",March of the Machine,rare,Creature,4.0,2.91,3094.0,12,61.0,0,0,0
The Tabernacle at Pendrell Vale,Legends,rare,Land,0.0,2899.99,8982.0,6,61.0,1,1,0
"Ozolith, the Shattered Spire",Secrets of Strixhaven Commander,rare,Artifact,2.0,11.87,683.0,12,61.0,0,0,1
Frontier Bivouac,Lorwyn Eclipsed Commander,uncommon,Land,0.0,0.28,380.0,15,61.0,0,0,1
"Rin and Seri, Inseparable // Rin and Seri, Inseparable",Secret Lair Drop,mythic,Other,0.0,11.54,5602.0,12,61.0,0,0,1
Akul the Unrepentant,Outlaws of Thunder Junction,rare,Creature,4.0,0.26,10128.0,15,61.0,0,0,0
Bloated Contaminator,Phyrexia: All Will Be One,rare,Creature,3.0,3.0,2559.0,12,61.0,0,0,0
Another Round,Outlaws of Thunder Junction,rare,Sorcery,3.0,0.36,3480.0,15,61.0,0,0,0
Demolition Field,Foundations,uncommon,Land,0.0,0.27,392.0,15,61.0,0,0,1
Hidetsugu and Kairi,March of the Machine,rare,Creature,5.0,0.36,7644.0,12,61.0,0,0,0
Hell to Pay,Outlaws of Thunder Junction,rare,Sorcery,1.0,0.37,2700.0,15,61.0,0,0,0
Dreamdew Entrancer,Bloomburrow,rare,Creature,4.0,0.23,6705.0,16,61.0,0,0,0
"Baylen, the Haymaker",Secret Lair Drop,rare,Creature,3.0,16.13,2657.0,16,61.0,0,0,1
Arid Archway,Outlaws of Thunder Junction,uncommon,Land,0.0,0.45,1427.0,14,61.0,0,0,0
Midnight Clock,Outlaws of Thunder Junction Commander,rare,Artifact,3.0,0.56,591.0,12,61.0,0,0,1
Grievous Wound,Duskmourn: House of Horror,rare,Enchantment,5.0,0.42,3481.0,16,61.0,0,0,0
Garruk's Uprising,Lorwyn Eclipsed Commander,uncommon,Enchantment,3.0,0.44,92.0,15,61.0,0,0,1
Baral and Kari Zev,March of the Machine,rare,Creature,3.0,0.18,6665.0,12,61.0,0,0,0
Chrome Host Seedshark,March of the Machine,rare,Creature,3.0,0.39,3386.0,12,61.0,0,0,0
Beast Whisperer,Ravnica: Clue Edition,rare,Creature,4.0,9.48,201.0,12,61.0,0,0,1
Cursed Recording,Duskmourn: House of Horror,rare,Artifact,4.0,0.2,11110.0,16,61.0,0,0,0
For the Common Good,Bloomburrow,rare,Sorcery,1.0,1.25,2270.0,16,61.0,0,0,0
Come Back Wrong,Duskmourn: House of Horror,rare,Sorcery,3.0,0.43,3766.0,16,61.0,0,0,0
Icetill Explorer,Edge of Eternities Promos,rare,Creature,4.0,20.97,891.0,15,61.0,0,0,1
Ramunap Excavator,Commander Legends,rare,Creature,3.0,4.41,418.0,12,61.0,0,0,1
Sandsteppe Citadel,Lorwyn Eclipsed Commander,uncommon,Land,0.0,0.29,491.0,15,61.0,0,0,1
Echo of Eons,Mystery Booster 2,mythic,Sorcery,6.0,12.61,2649.0,10,61.0,0,0,1
Encroaching Mycosynth,Phyrexia: All Will Be One,rare,Artifact,4.0,0.38,3781.0,12,61.0,0,0,0
Sphinx Ambassador,Magic 2010,mythic,Creature,7.0,12.2,11335.0,8,61.0,0,0,0
Sage of Hours,Journey into Nyx,mythic,Creature,2.0,12.59,7834.0,8,61.0,0,0,0
Expel the Interlopers,Wilds of Eldraine,rare,Sorcery,5.0,0.34,2710.0,15,61.0,0,0,0
Hoarding Broodlord,March of the Machine,rare,Creature,8.0,4.63,1645.0,12,61.0,0,0,0
Untimely Malfunction,Duskmourn: House of Horror,uncommon,Instant,2.0,4.54,320.0,15,61.0,0,0,0
Mystic Monastery,Edge of Eternities Commander,uncommon,Land,0.0,0.31,372.0,15,61.0,0,0,1
Opulent Palace,Lorwyn Eclipsed Commander,uncommon,Land,0.0,0.33,368.0,15,61.0,0,0,1
"Glissa, Herald of Predation",March of the Machine,rare,Creature,5.0,0.33,9565.0,12,61.0,0,0,0
Nomad Outpost,Tarkir: Dragonstorm,uncommon,Land,0.0,0.34,355.0,15,61.0,0,0,1
Nesting Grounds,Lorwyn Eclipsed Commander,rare,Land,0.0,0.29,574.0,11,60.5,0,0,1
Utvara Hellkite,Ravnica Remastered,mythic,Creature,8.0,11.86,1424.0,7,60.5,0,0,1
"Tasha, the Witch Queen",Commander Legends: Battle for Baldur's Gate,mythic,Planeswalker,5.0,7.96,4160.0,5,60.5,0,0,0
Glasspool Mimic // Glasspool Shore,Zendikar Rising,rare,Creature,3.0,6.19,1171.0,11,60.5,0,0,0
Knight of the White Orchid,March of the Machine Commander,rare,Creature,2.0,4.24,608.0,13,60.5,0,0,1
Kessig Wolf Run,Tarkir: Dragonstorm Commander,rare,Land,0.0,0.31,375.0,7,60.5,0,0,1
Academy Manufactor,Outlaws of Thunder Junction Commander,rare,Creature,3.0,6.87,261.0,11,60.5,0,0,1
Valakut Awakening // Valakut Stoneforge,Zendikar Rising,rare,Instant,3.0,14.89,520.0,11,60.5,0,0,0
Damn,The Lost Caverns of Ixalan Commander,rare,Sorcery,2.0,1.87,331.0,11,60.5,0,0,1
Lotus Field,Secrets of Strixhaven Commander,rare,Land,0.0,7.07,976.0,11,60.5,0,0,1
Darksteel Forge,Darksteel,rare,Artifact,9.0,38.39,1413.0,9,60.5,0,0,0
Vault of the Archangel,Tarkir: Dragonstorm Commander,rare,Land,0.0,0.59,453.0,7,60.5,0,0,1
Ancient Brass Dragon,Commander Legends: Battle for Baldur's Gate,mythic,Creature,7.0,43.79,1617.0,9,60.5,0,0,0
Thousand-Year Elixir,Commander 2013,rare,Artifact,3.0,15.14,904.0,12,60.0,0,0,1
"Mangara, the Diplomat",Secrets of Strixhaven Commander,rare,Creature,4.0,0.92,654.0,12,60.0,0,0,1
Secluded Courtyard,Lorwyn Eclipsed Commander,uncommon,Land,0.0,0.36,215.0,15,60.0,0,0,1
Yavimaya Hollow,Urza's Destiny,rare,Land,0.0,69.37,3751.0,8,60.0,1,0,0
Cruel Somnophage // Can't Wake Up,Wilds of Eldraine,rare,Creature,2.0,0.73,4638.0,15,60.0,0,0,0
Archmage's Newt,Outlaws of Thunder Junction,rare,Creature,2.0,0.15,12610.0,15,60.0,0,0,0
Cloud Key,Edge of Eternities Commander,rare,Artifact,3.0,1.06,657.0,12,60.0,0,0,1
Lighthouse Chronologist,Rise of the Eldrazi,mythic,Creature,2.0,15.28,12365.0,8,60.0,0,0,0
Unbreakable Formation,Ravnica Remastered,rare,Instant,3.0,1.35,519.0,12,60.0,0,0,1
Dusk Legion Duelist,March of the Machine,rare,Creature,2.0,2.91,2606.0,12,60.0,0,0,0
Grand Arbiter Augustin IV,Double Masters 2022,rare,Creature,4.0,16.42,1772.0,8,60.0,0,1,1
Farsight Ritual,Wilds of Eldraine,rare,Instant,4.0,0.26,12934.0,14,60.0,0,0,0
Arcane Adaptation,Ixalan,rare,Enchantment,3.0,4.34,3815.0,12,60.0,0,0,0
Panoptic Mirror,Darksteel,rare,Artifact,5.0,26.35,11274.0,8,60.0,0,1,0
Angel of Serenity,Secret Lair Drop,mythic,Creature,7.0,10.27,3471.0,8,60.0,0,0,1
Decadent Dragon // Expensive Taste,Wilds of Eldraine,rare,Creature,4.0,1.29,2946.0,15,60.0,0,0,0
Augur of Autumn,Innistrad: Double Feature,rare,Creature,3.0,5.33,1091.0,12,60.0,0,0,1
Realmwalker,Lorwyn Eclipsed Commander,rare,Creature,3.0,0.87,599.0,12,60.0,0,0,1
Withering Torment,Duskmourn: House of Horror,uncommon,Instant,3.0,3.41,312.0,15,60.0,0,0,0
Bramble Familiar // Fetch Quest,Wilds of Eldraine,rare,Creature,2.0,1.22,3144.0,15,60.0,0,0,0
Freestrider Lookout,Outlaws of Thunder Junction,rare,Creature,3.0,0.38,5371.0,15,60.0,0,0,0
An Offer You Can't Refuse,Foundations,uncommon,Instant,1.0,6.07,37.0,15,60.0,0,0,1
Caustic Bronco,Outlaws of Thunder Junction,rare,Creature,2.0,0.32,6418.0,15,60.0,0,0,0
Incubation Druid,March of the Machine Commander,rare,Creature,2.0,1.41,655.0,12,60.0,0,0,1
Storm the Vault // Vault of Catlacan,Rivals of Ixalan,rare,Enchantment,4.0,6.22,3225.0,12,60.0,0,0,0
Tireless Tracker,Edge of Eternities Commander,rare,Creature,3.0,0.26,604.0,12,60.0,0,0,1
Mind Stone,Secrets of Strixhaven Commander,uncommon,Artifact,2.0,0.73,31.0,14,60.0,0,0,1
Black Sun's Twilight,Phyrexia: All Will Be One,rare,Instant,1.0,0.37,4441.0,12,60.0,0,0,0
Emerald Medallion,Modern Horizons 3,rare,Artifact,2.0,2.65,615.0,13,59.5,0,0,1
Dovin's Veto,War of the Spark,uncommon,Instant,2.0,4.19,252.0,11,59.5,0,0,0
Apex Devastator,Commander Legends,mythic,Creature,10.0,4.88,1051.0,5,59.5,0,0,0
Crucible of Worlds,Tenth Edition,rare,Artifact,3.0,29.4,575.0,13,59.5,0,0,1
"Garruk, Primal Hunter",Commander 2021,mythic,Planeswalker,5.0,1.53,1898.0,7,59.5,0,0,1
Mishra's Workshop,Antiquities,rare,Land,0.0,3000.32,4213.0,5,59.5,1,1,0
Ad Nauseam,Double Masters,rare,Instant,5.0,31.32,1334.0,7,59.5,0,1,1
Ancient Bronze Dragon,Commander Legends: Battle for Baldur's Gate,mythic,Creature,7.0,19.96,2582.0,9,59.5,0,0,0
Culling Ritual,Secrets of Strixhaven Commander,rare,Sorcery,4.0,1.43,592.0,11,59.5,0,0,1
Thespian's Stage,Double Masters,rare,Land,0.0,0.45,541.0,11,59.5,0,0,1
Ancient Gold Dragon,Commander Legends: Battle for Baldur's Gate,mythic,Creature,7.0,35.56,2023.0,9,59.5,0,0,0
Talisman of Dominance,Murders at Karlov Manor Commander,uncommon,Artifact,2.0,2.7,90.0,11,59.5,0,0,1
All Is Dust,Commander Masters,mythic,Sorcery,7.0,3.96,932.0,7,59.5,0,0,1
Dazzling Theater // Prop Room,Duskmourn: House of Horror,rare,Enchantment,7.0,0.67,1845.0,16,59.0,0,0,0
Hired Claw,Bloomburrow,rare,Creature,1.0,0.73,10617.0,15,59.0,0,0,0
Emberheart Challenger,Bloomburrow,rare,Creature,2.0,0.66,8822.0,15,59.0,0,0,0
Academy Ruins,Double Masters,rare,Land,0.0,8.91,499.0,8,59.0,0,0,1
Acidic Slime,Secret Lair Drop,rare,Creature,5.0,4.48,1337.0,12,59.0,0,0,1
Extraordinary Journey,Wilds of Eldraine,rare,Enchantment,2.0,0.26,9640.0,15,59.0,0,0,0
Blade of Shared Souls,Phyrexia: All Will Be One,rare,Artifact,3.0,0.2,11717.0,12,59.0,0,0,0
Platinum Emperion,Ultimate Masters,mythic,Creature,8.0,17.65,4906.0,8,59.0,0,0,1
Reliquary Tower,Secrets of Strixhaven Commander,uncommon,Land,0.0,2.93,10.0,12,59.0,0,0,1
Duelist of the Mind,Outlaws of Thunder Junction,rare,Creature,2.0,0.34,9764.0,15,59.0,0,0,0
Blue Sun's Twilight,Phyrexia: All Will Be One,rare,Sorcery,2.0,0.56,3945.0,12,59.0,0,0,0
Elvish Archivist,Wilds of Eldraine,rare,Creature,2.0,0.31,8078.0,15,59.0,0,0,0
Into the Flood Maw,Bloomburrow,uncommon,Instant,1.0,2.37,819.0,15,59.0,0,0,0
Time Warp,Magic 2010,mythic,Sorcery,5.0,13.42,1989.0,10,59.0,0,0,1
"Fortune, Loyal Steed",Outlaws of Thunder Junction,rare,Creature,3.0,0.22,7451.0,15,59.0,0,0,0
"Calamity, Galloping Inferno",Outlaws of Thunder Junction,rare,Creature,6.0,0.26,6031.0,15,59.0,0,0,0
Colossal Rattlewurm,Outlaws of Thunder Junction,rare,Creature,4.0,0.27,9172.0,15,59.0,0,0,0
Dust Animus,Outlaws of Thunder Junction,rare,Creature,2.0,0.26,11956.0,15,59.0,0,0,0
Greater Auramancy,Shadowmoor,rare,Enchantment,2.0,15.88,2322.0,12,59.0,0,0,0
Baleful Mastery,Outlaws of Thunder Junction Commander,rare,Instant,4.0,5.22,1260.0,12,59.0,0,0,1
Serra Ascendant,Secret Lair Drop,rare,Creature,1.0,24.98,963.0,12,59.0,0,0,1
Faunsbane Troll,Wilds of Eldraine,rare,Creature,4.0,0.13,27096.0,15,59.0,0,0,0
"Baral, Chief of Compliance",Secret Lair Drop,rare,Creature,2.0,6.63,1277.0,12,59.0,0,0,1
Evolving Wilds,Wilds of Eldraine,common,Land,0.0,0.37,17.0,19,59.0,0,0,1
Altar of Dementia,Modern Horizons,rare,Artifact,2.0,18.28,610.0,12,59.0,0,0,1
Errant and Giada,March of the Machine,rare,Creature,3.0,0.3,7656.0,12,59.0,0,0,0
Dissection Tools,Duskmourn: House of Horror,rare,Artifact,5.0,0.14,7922.0,16,59.0,0,0,0
Dolmen Gate,The List,rare,Artifact,2.0,26.49,1378.0,12,59.0,0,0,1
Cruelclaw's Heist,Bloomburrow,rare,Sorcery,2.0,0.38,5744.0,16,59.0,0,0,0
Urza's Cave,Modern Horizons 3,uncommon,Land,0.0,1.23,465.0,10,59.0,0,0,0
Balustrade Wurm,Duskmourn: House of Horror,rare,Creature,5.0,0.18,12561.0,16,59.0,0,0,0
Unwinding Clock,The Brothers' War Retro Artifacts,rare,Artifact,4.0,19.5,540.0,12,59.0,0,0,1
Khalni Hydra,Rise of the Eldrazi,mythic,Creature,8.0,12.43,13582.0,8,59.0,0,0,0
Revel in Riches,The List,rare,Enchantment,5.0,18.84,1099.0,12,59.0,0,0,1
Primal Amulet // Primal Wellspring,Ixalan,rare,Artifact,4.0,10.47,2055.0,12,59.0,0,0,0
Field of the Dead,Secret Lair Countdown,rare,Land,0.0,26.54,437.0,6,59.0,0,1,1
Terramorphic Expanse,Lorwyn Eclipsed Commander,common,Land,0.0,0.3,28.0,18,59.0,0,0,1
Hylda's Crown of Winter,Wilds of Eldraine,rare,Artifact,3.0,0.43,5139.0,15,59.0,0,0,0
Dowsing Dagger // Lost Vale,Ixalan,rare,Artifact,2.0,6.27,2274.0,12,59.0,0,0,0
Mesmeric Orb,Secret Lair Drop,rare,Artifact,2.0,12.66,1085.0,12,59.0,0,0,1
Feral Encounter,Wilds of Eldraine,rare,Sorcery,2.0,0.3,13305.0,15,59.0,0,0,0
Hellspur Posse Boss,Outlaws of Thunder Junction,rare,Creature,4.0,0.18,6814.0,15,59.0,0,0,0
Volrath's Stronghold,Stronghold,rare,Land,0.0,94.51,2774.0,7,58.5,1,0,0
Warren Instigator,Zendikar,mythic,Creature,2.0,12.05,5451.0,7,58.5,0,0,0
Angel of the Ruins,Secret Lair Drop,rare,Creature,7.0,4.7,1043.0,11,58.5,0,0,1
"Emrakul, the Aeons Torn",Double Masters 2022,mythic,Creature,15.0,20.98,3732.5,7,58.5,0,0,1
"Ashiok, Dream Render",Secret Lair Drop,rare,Planeswalker,3.0,16.78,2466.0,11,58.5,0,0,1
Agent of Treachery,Core Set 2020,rare,Creature,7.0,5.63,2091.0,11,58.5,0,0,0
Unbound Flourishing,Secrets of Strixhaven Commander,mythic,Enchantment,3.0,15.93,3200.0,7,58.5,0,0,1
Damnation,Secret Lair Drop,rare,Sorcery,4.0,14.32,357.0,11,58.5,0,0,1
Grave Pact,Planechase,rare,Enchantment,4.0,24.08,563.0,13,58.5,0,0,1
"Myrel, Shield of Argive",Secret Lair Countdown,rare,Creature,4.0,17.57,1484.0,11,58.5,0,0,1
"Excalibur, Sword of Eden",Assassin's Creed,rare,Artifact,12.0,12.42,961.0,7,58.5,0,0,0
"Narset, Parter of Veils",Mystery Booster 2,uncommon,Planeswalker,3.0,1.11,861.0,10,58.0,0,1,1
Archon of the Wild Rose,Wilds of Eldraine,rare,Creature,4.0,0.27,9174.0,15,58.0,0,0,0
Reflections of Littjara,Tarkir: Dragonstorm Commander,rare,Enchantment,5.0,1.38,627.0,12,58.0,0,0,1
Kjeldoran Outpost,Alliances,rare,Land,0.0,16.73,14256.0,8,58.0,1,0,0
"Imodane, the Pyrohammer",Wilds of Eldraine,rare,Creature,4.0,0.34,7382.0,15,58.0,0,0,0
"Tatyova, Benthic Druid",Foundations,uncommon,Creature,5.0,0.34,449.0,15,58.0,0,0,1
"Akroma, Angel of Wrath",Commander 2020,mythic,Creature,8.0,4.63,4288.0,8,58.0,0,0,1
Ajani Goldmane,Magic 2011,mythic,Planeswalker,4.0,4.53,10310.0,8,58.0,0,0,1
Faerie Slumber Party,Wilds of Eldraine,rare,Sorcery,6.0,1.15,7920.0,14,58.0,0,0,0
"Beatrix, Loyal General",Final Fantasy,rare,Creature,6.0,5.64,9063.0,15,58.0,0,0,0
"Growing Rites of Itlimoc // Itlimoc, Cradle of the Sun",The Lost Caverns of Ixalan,rare,Enchantment,3.0,6.93,545.0,15,58.0,0,0,1
Teferi's Ageless Insight,Murders at Karlov Manor Commander,rare,Enchantment,4.0,4.06,588.0,12,58.0,0,0,1
Counterspell,Duskmourn: House of Horror Commander,uncommon,Instant,2.0,4.15,16.0,14,58.0,0,0,1
Graven Cairns,Duskmourn: House of Horror Commander,rare,Land,0.0,4.31,585.0,8,58.0,0,0,1
Second Harvest,Innistrad Remastered,rare,Instant,4.0,1.95,587.0,12,58.0,0,0,1
Doomsday Excruciator,Duskmourn: House of Horror,rare,Creature,6.0,1.15,6121.0,16,58.0,0,0,0
Coruscation Mage,Bloomburrow,uncommon,Creature,2.0,0.8,871.0,15,58.0,0,0,0
Vedalken Archmage,Mirrodin,rare,Creature,4.0,12.62,3049.0,12,58.0,0,0,0
Torment of Hailfire,Secret Lair Drop,rare,Sorcery,2.0,25.91,634.0,12,58.0,0,0,1
Byway Barterer,Bloomburrow,rare,Creature,3.0,0.15,11182.0,16,58.0,0,0,0
Solemnity,Hour of Devastation,rare,Enchantment,3.0,11.83,3819.0,12,58.0,0,0,0
Shared Animosity,The Lost Caverns of Ixalan Commander,rare,Enchantment,3.0,3.83,663.0,12,58.0,0,0,1
Festival of Embers,Bloomburrow,rare,Enchantment,5.0,0.19,11155.0,16,58.0,0,0,0
Hearthborn Battler,Bloomburrow,rare,Creature,3.0,0.17,6507.0,16,58.0,0,0,0
Windbrisk Heights,Tarkir: Dragonstorm Commander,rare,Land,0.0,0.3,642.0,8,58.0,0,0,1
Painter's Servant,Special Guests,mythic,Creature,2.0,34.39,7186.0,10,58.0,0,0,1
Command Tower,Secrets of Strixhaven Commander,common,Land,0.0,0.82,2.0,15,58.0,0,0,1
Fiery Emancipation,Wilds of Eldraine: Enchanting Tales,rare,Enchantment,6.0,15.37,832.0,12,58.0,0,0,1
Complete the Circuit,March of the Machine,rare,Instant,6.0,0.33,8983.0,12,58.0,0,0,0
"Elspeth, Knight-Errant",Secret Lair Drop,mythic,Planeswalker,4.0,6.53,5720.0,8,58.0,0,0,1
"Atraxa, Praetors' Voice",Double Masters,mythic,Creature,4.0,27.25,2396.0,9,57.5,0,0,1
"Jeska, Thrice Reborn",Commander Legends,mythic,Planeswalker,3.0,6.04,4153.0,5,57.5,0,0,0
"Tamiyo, the Moon Sage",Jumpstart 2022,mythic,Planeswalker,5.0,4.8,5331.0,7,57.5,0,0,1
Tamiyo's Safekeeping,Kamigawa: Neon Dynasty,common,Instant,1.0,4.02,490.0,13,57.5,0,0,0
Bojuka Bog,Edge of Eternities Commander,common,Land,0.0,0.98,27.0,13,57.5,0,0,1
Wrath of God,Commander Masters,rare,Sorcery,4.0,3.75,612.0,13,57.5,0,0,1
Hall of Heliod's Generosity,Duskmourn: House of Horror Commander,rare,Land,0.0,8.4,419.0,7,57.5,0,0,1
"Alela, Cunning Conqueror",Wilds of Eldraine Commander,mythic,Creature,4.0,14.94,3389.0,5,57.5,0,0,0
Champion of Lambholt,New Capenna Commander,rare,Creature,3.0,4.24,531.0,11,57.5,0,0,1
Worldfire,Magic 2013,mythic,Sorcery,9.0,32.58,7988.0,7,57.5,0,0,0
Ashcoat of the Shadow Swarm,Jumpstart 2022,mythic,Creature,4.0,59.14,5203.0,9,57.5,0,0,0
Putrefy,Lorwyn Eclipsed Commander,uncommon,Instant,3.0,0.31,326.0,13,57.5,0,0,1
Acererak the Archlich,Secret Lair Drop,mythic,Creature,3.0,6.82,5626.0,9,57.5,0,0,1
"Nissa, Worldwaker",Archenemy: Nicol Bolas,mythic,Planeswalker,5.0,4.07,8989.0,7,57.5,0,0,1
Boros Signet,Tarkir: Dragonstorm Commander,uncommon,Artifact,2.0,0.47,232.0,13,57.5,0,0,1
Inkmoth Nexus,Secret Lair Drop,rare,Land,0.0,10.65,2029.0,11,57.5,0,0,1
"Tevesh Szat, Doom of Fools",Commander Legends,mythic,Planeswalker,5.0,7.25,3507.0,5,57.5,0,0,0
Rakdos Signet,Duskmourn: House of Horror Commander,uncommon,Artifact,2.0,2.24,155.0,13,57.5,0,0,1
Chalice of the Void,Masters 25,mythic,Artifact,0.0,13.25,8895.0,9,57.5,0,0,1
Dictate of Erebos,Secret Lair Drop,rare,Enchantment,5.0,12.19,958.0,12,57.0,0,0,1
Animal Sanctuary,The List,rare,Land,0.0,3.54,3618.0,12,57.0,0,0,1
Doomskar Warrior,March of the Machine,rare,Creature,4.0,0.26,13229.0,12,57.0,0,0,0
Dragonwing Glider,Phyrexia: All Will Be One,rare,Artifact,5.0,0.27,10728.0,12,57.0,0,0,0
Aggravated Assault,Onslaught,rare,Enchantment,3.0,29.95,696.0,12,57.0,0,0,0
High Noon,Outlaws of Thunder Junction,rare,Enchantment,2.0,3.18,7149.0,14,57.0,0,0,0
Patchwork Banner,Secrets of Strixhaven Commander,uncommon,Artifact,3.0,2.88,245.0,15,57.0,0,0,1
Elspeth Tirel,Phyrexia: All Will Be One Commander,mythic,Planeswalker,5.0,2.62,5115.0,8,57.0,0,0,1
"Graaz, Unstoppable Juggernaut",Phyrexia: All Will Be One,rare,Creature,8.0,0.32,6632.0,12,57.0,0,0,0
Green Sun's Twilight,Phyrexia: All Will Be One,rare,Sorcery,1.0,0.35,5155.0,12,57.0,0,0,0
Asceticism,Scars of Mirrodin,rare,Enchantment,5.0,6.66,1279.0,8,57.0,0,0,0
Ancient Imperiosaur,March of the Machine,rare,Creature,7.0,0.32,7805.0,12,57.0,0,0,0
Goliath Hatchery,Phyrexia: All Will Be One,rare,Enchantment,6.0,0.21,14406.0,12,57.0,0,0,0
Deeproot Wayfinder,March of the Machine,rare,Creature,2.0,0.26,10351.0,12,57.0,0,0,0
"Oboro, Palace in the Clouds",Tales of Middle-earth Commander,mythic,Land,0.0,14.49,5020.0,8,57.0,0,0,1
Baron Bertram Graywater,Outlaws of Thunder Junction,uncommon,Creature,4.0,0.31,3981.0,14,57.0,0,0,0
Archfiend of the Dross,Phyrexia: All Will Be One,rare,Creature,4.0,0.36,6642.0,12,57.0,0,0,0
"Emry, Lurker of the Loch",Edge of Eternities Commander,rare,Creature,3.0,0.45,616.0,10,57.0,0,0,1
Entish Restoration,The Lord of the Rings: Tales of Middle-earth,uncommon,Instant,3.0,3.97,421.0,10,57.0,0,0,0
Argentum Masticore,Phyrexia: All Will Be One,rare,Creature,5.0,0.31,9529.0,12,57.0,0,0,0
Hall of the Bandit Lord,Champions of Kamigawa,rare,Land,0.0,17.02,2918.0,8,57.0,0,0,0
Bloated Processor,March of the Machine,rare,Creature,3.0,0.2,10575.0,12,57.0,0,0,0
Adaptive Automaton,Secret Lair Drop,rare,Creature,3.0,6.51,1707.0,16,57.0,0,0,1
Silent Clearing,Assassin's Creed,rare,Land,0.0,5.9,1598.0,10,57.0,0,0,1
Grafted Butcher,March of the Machine,rare,Creature,2.0,0.34,8427.0,12,57.0,0,0,0
Gruul Turf,Lorwyn Eclipsed Commander,uncommon,Land,0.0,0.38,398.0,10,57.0,0,0,1
"Ayara, Widow of the Realm // Ayara, Furnace Queen",March of the Machine,rare,Creature,3.0,0.29,6546.0,12,57.0,0,0,0
"Minsc & Boo, Timeless Heroes",Mystery Booster 2,mythic,Planeswalker,4.0,3.29,3603.0,6,57.0,0,0,1
Essence of Orthodoxy,March of the Machine,rare,Creature,5.0,0.33,8141.0,12,57.0,0,0,0
Beastmaster Ascension,New Capenna Commander,rare,Enchantment,3.0,4.09,559.0,11,56.5,0,0,1
Training Center,Commander Legends,rare,Land,0.0,12.76,149.0,5,56.5,0,0,0
Karn Liberated,Modern Masters 2015,mythic,Planeswalker,7.0,3.04,6788.0,7,56.5,0,0,1
Dack Fayden,Mystery Booster 2,mythic,Planeswalker,3.0,2.39,6676.0,9,56.5,0,0,1
Gray Merchant of Asphodel,Duskmourn: House of Horror Commander,uncommon,Creature,5.0,2.87,243.0,13,56.5,0,0,1
Elminster,Commander Legends: Battle for Baldur's Gate,mythic,Planeswalker,5.0,1.21,9980.0,5,56.5,0,0,0
Path to Exile,Secrets of Strixhaven Commander,uncommon,Instant,1.0,1.21,15.0,11,56.5,0,0,1
Sigarda's Aid,Commander Legends,rare,Enchantment,1.0,18.2,868.0,11,56.5,0,0,1
Abstergo Entertainment,Assassin's Creed,rare,Land,0.0,3.43,2156.0,7,56.5,0,0,0
Green Sun's Zenith,Eternal Masters,rare,Sorcery,1.0,21.27,554.0,11,56.5,0,0,1
Thawing Glaciers,Alliances,rare,Land,0.0,23.01,11591.0,7,56.5,1,0,0
"Adrix and Nev, Twincasters",Murders at Karlov Manor Commander,mythic,Creature,4.0,10.36,1389.0,5,56.5,0,0,1
Spectator Seating,Commander Legends,rare,Land,0.0,16.41,171.0,5,56.5,0,0,0
Lightning Greaves,Tarkir: Dragonstorm Commander,uncommon,Artifact,2.0,4.44,13.0,11,56.5,0,0,1
Veil of Summer,Secrets of Strixhaven Mystical Archive,rare,Instant,1.0,3.95,568.0,9,56.5,0,0,1
"Elas il-Kor, Sadistic Pilgrim",Dominaria United,uncommon,Creature,2.0,1.81,589.0,11,56.5,0,0,0
Basim Ibn Ishaq,Assassin's Creed,rare,Creature,2.0,4.91,2968.0,7,56.5,0,0,0
Unexpected Windfall,Adventures in the Forgotten Realms,common,Instant,4.0,3.46,301.0,13,56.5,0,0,0
Coat of Arms,Eighth Edition,rare,Artifact,5.0,15.46,928.0,9,56.5,0,0,1
Barad-dûr,The Lord of the Rings: Tales of Middle-earth,rare,Land,0.0,4.53,1789.0,11,56.5,0,0,1
Selfless Spirit,Secrets of Strixhaven Commander,rare,Creature,2.0,0.99,622.0,11,56.5,0,0,1
Amulet of Vigor,Worldwake,rare,Artifact,1.0,56.76,1293.0,7,56.5,0,0,0
Vault of Champions,Commander Legends,rare,Land,0.0,15.73,167.0,5,56.5,0,0,0
Lake of the Dead,Alliances,rare,Land,0.0,107.55,5454.0,7,56.5,1,0,0
"Aphelia, Viper Whisperer",Foundations Jumpstart,mythic,Creature,2.0,8.08,11146.0,9,56.5,0,0,0
Forbidden Orchard,Commander 2016,rare,Land,0.0,8.24,667.0,8,56.0,0,0,1
"Aang, Airbending Master",Avatar: The Last Airbender Eternal,mythic,Creature,5.0,10.78,5798.0,8,56.0,0,0,0
Elusive Otter // Grove's Bounty,Wilds of Eldraine,rare,Creature,1.0,1.35,7490.0,14,56.0,0,0,0
Drag to the Roots,Duskmourn: House of Horror,uncommon,Instant,4.0,0.13,4301.0,15,56.0,0,0,0
"Azula, Ruthless Firebender",Avatar: The Last Airbender Eternal,mythic,Creature,3.0,3.7,14064.0,8,56.0,0,0,0
Despark,Tarkir: Dragonstorm Commander,uncommon,Instant,2.0,0.36,391.0,12,56.0,0,0,1
Honest Rutstein,Outlaws of Thunder Junction,uncommon,Creature,3.0,0.33,1561.0,14,56.0,0,0,0
Gumdrop Poisoner // Tempt with Treats,Wilds of Eldraine,rare,Creature,3.0,0.33,11569.0,15,56.0,0,0,0
Ignoble Hierarch,Lorwyn Eclipsed Commander,rare,Creature,1.0,0.87,533.0,10,56.0,0,0,1
"Shizo, Death's Storehouse",Dominaria United Commander,rare,Land,0.0,37.87,600.0,8,56.0,0,0,1
Inspiring Call,Foundations,uncommon,Instant,3.0,0.38,276.0,15,56.0,0,0,1
Burnished Hart,Foundations,uncommon,Creature,3.0,0.3,428.0,16,56.0,0,0,1
Invasion of Alara // Awaken the Maelstrom,March of the Machine,rare,Sorcery,5.0,0.32,10797.0,12,56.0,0,0,0
Glistening Dawn,March of the Machine,rare,Sorcery,4.0,0.16,14048.0,12,56.0,0,0,0
Boon-Bringer Valkyrie,March of the Machine,rare,Creature,5.0,0.48,8450.0,12,56.0,0,0,0
Austere Command,Murders at Karlov Manor Commander,rare,Sorcery,6.0,0.46,164.0,8,56.0,0,0,1
"Emeria, the Sky Ruin",Secrets of Strixhaven Commander,rare,Land,0.0,17.42,1121.0,8,56.0,0,0,1
Guardian of Ghirapur,March of the Machine,rare,Creature,3.0,0.37,7681.0,12,56.0,0,0,0
"Arabella, Abandoned Doll",Duskmourn: House of Horror,uncommon,Creature,2.0,0.4,2329.0,15,56.0,0,0,0
Demand Answers,Murders at Karlov Manor,common,Instant,2.0,0.4,415.0,17,56.0,0,0,0
Horned Loch-Whale // Lagoon Breach,Wilds of Eldraine,rare,Creature,6.0,0.37,8290.0,15,56.0,0,0,0
"Doc Aurlock, Grizzled Genius",Outlaws of Thunder Junction,uncommon,Creature,2.0,0.36,2340.0,14,56.0,0,0,0
Heartflame Duelist // Heartflame Slash,Wilds of Eldraine,rare,Creature,2.0,0.3,9728.0,15,56.0,0,0,0
"Shinka, the Bloodsoaked Keep",Champions of Kamigawa,rare,Land,0.0,19.79,2103.0,8,56.0,0,0,0
Admonition Angel,Secret Lair Drop,mythic,Creature,6.0,22.8,7528.0,8,56.0,0,0,1
Biorhythm,Onslaught,rare,Sorcery,8.0,29.85,14627.0,8,56.0,0,1,0
Snakeskin Veil,Foundations,uncommon,Instant,1.0,0.32,478.0,17,56.0,0,0,1
Arcanis the Omnipotent,Secret Lair Drop,rare,Creature,6.0,7.01,2989.0,18,56.0,0,0,1
Dimir Aqueduct,Duskmourn: House of Horror Commander,uncommon,Land,0.0,0.32,325.0,9,55.5,0,0,1
Allosaurus Shepherd,Double Masters 2022,mythic,Creature,1.0,52.72,1718.0,9,55.5,0,0,1
Talisman of Progress,Tarkir: Dragonstorm Commander,uncommon,Artifact,2.0,0.69,147.0,11,55.5,0,0,1
Battle Angels of Tyr,Commander Legends: Battle for Baldur's Gate,mythic,Creature,4.0,27.74,1695.0,5,55.5,0,0,0
Warg Rider,The Lord of the Rings: Tales of Middle-earth,rare,Creature,5.0,14.88,6937.0,11,55.5,0,0,0
Unclaimed Territory,Lorwyn Eclipsed Commander,uncommon,Land,0.0,0.32,236.0,11,55.5,0,0,1
Azorius Chancery,Duskmourn: House of Horror Commander,uncommon,Land,0.0,0.31,427.0,9,55.5,0,0,1
Malakir Rebirth // Malakir Mire,Zendikar Rising,uncommon,Instant,1.0,13.5,253.0,11,55.5,0,0,0
Orzhov Basilica,Duskmourn: House of Horror Commander,uncommon,Land,0.0,0.33,367.0,9,55.5,0,0,1
Rakdos Carnarium,Lorwyn Eclipsed Commander,uncommon,Land,0.0,0.61,457.0,9,55.5,0,0,1
Lotus Vale,Weatherlight,rare,Land,0.0,38.79,6934.0,7,55.5,1,0,0
Rakdos Charm,Edge of Eternities Commander,uncommon,Instant,2.0,0.38,322.0,11,55.5,0,0,1
Boros Garrison,Murders at Karlov Manor Commander,uncommon,Land,0.0,0.37,441.0,9,55.5,0,0,1
"Aesi, Tyrant of Gyre Strait",Duskmourn: House of Horror Commander,mythic,Creature,6.0,9.5,849.0,5,55.5,0,0,1
Buried Ruin,Edge of Eternities Commander,uncommon,Land,0.0,0.37,195.0,11,55.5,0,0,1
Izzet Boilerworks,Outlaws of Thunder Junction Commander,uncommon,Land,0.0,0.37,378.0,9,55.5,0,0,1
"Aminatou, the Fateshifter",Secret Lair Drop,mythic,Planeswalker,3.0,5.55,4468.0,5,55.5,0,0,1
Balor,Commander Legends: Battle for Baldur's Gate,mythic,Creature,5.0,4.92,4032.0,5,55.5,0,0,0
Emergence Zone,War of the Spark,uncommon,Land,0.0,4.72,542.0,11,55.5,0,0,0
Talisman of Indulgence,Duskmourn: House of Horror Commander,uncommon,Artifact,2.0,3.7,127.0,11,55.5,0,0,1
Abundance,Urza's Saga,rare,Enchantment,4.0,5.36,1719.0,9,55.5,0,0,0
"Arvinox, the Mind Flail",Secret Lair Drop,mythic,Creature,7.0,33.5,4640.0,5,55.5,0,0,0
Exquisite Blood,Jumpstart,rare,Enchantment,5.0,29.44,509.0,11,55.5,0,0,1
Golgari Rot Farm,Lorwyn Eclipsed Commander,uncommon,Land,0.0,0.34,304.0,9,55.5,0,0,1
Simic Growth Chamber,Murders at Karlov Manor Commander,uncommon,Land,0.0,0.28,277.0,9,55.5,0,0,1
Rainbow Vale,Fallen Empires,rare,Land,0.0,11.12,13036.0,7,55.5,1,0,0
Banefire,Core Set 2019 Promos,rare,Sorcery,1.0,3.97,3887.0,13,55.5,0,0,1
"Akroma, Vision of Ixidor",Commander Legends,mythic,Creature,7.0,12.6,4960.0,5,55.5,0,0,0
Scorched Ruins,Weatherlight,rare,Land,0.0,57.67,6521.0,7,55.5,1,0,0
Darksteel Citadel,Double Masters,uncommon,Artifact,0.0,1.46,288.0,14,55.0,0,0,1
Abraded Bluffs,Outlaws of Thunder Junction,common,Land,0.0,0.31,2594.0,16,55.0,0,0,0
Colossification,Bloomburrow,rare,Enchantment,7.0,0.47,3800.0,16,55.0,0,0,1
Reclamation Sage,Foundations,uncommon,Creature,3.0,0.39,291.0,15,55.0,0,0,1
Cultivate,Secrets of Strixhaven Commander,common,Sorcery,3.0,0.94,20.0,15,55.0,0,0,1
Mycosynth Golem,Fifth Dawn,rare,Creature,11.0,36.61,3456.0,8,55.0,0,0,0
Abrade,Secrets of Strixhaven Mystical Archive,uncommon,Instant,2.0,3.67,153.0,17,55.0,0,0,1
"Goddric, Cloaked Reveler",Wilds of Eldraine,rare,Creature,3.0,0.16,17644.0,15,55.0,0,0,0
Central Elevator // Promising Stairs,Duskmourn: House of Horror,rare,Enchantment,7.0,0.11,7907.0,16,55.0,0,0,0
Sorrow's Path,The Dark,rare,Land,0.0,10.26,23009.0,8,55.0,1,0,0
Festering Gulch,Outlaws of Thunder Junction,common,Land,0.0,0.29,4801.0,17,55.0,0,0,0
Feed the Swarm,Tarkir: Dragonstorm Commander,common,Sorcery,2.0,0.36,89.0,17,55.0,0,0,1
As Foretold,Wilds of Eldraine: Enchanting Tales,rare,Enchantment,3.0,3.52,1705.0,12,55.0,0,0,1
Nimbus Maze,Forgotten Realms Commander,rare,Land,0.0,6.38,1826.0,8,55.0,0,0,1
Inquisitive Glimmer,Duskmourn: House of Horror,uncommon,Creature,2.0,0.34,2697.0,15,55.0,0,0,0
Arcum Dagsson,Double Masters,mythic,Creature,4.0,15.5,6628.0,8,55.0,0,0,1
Fellwar Stone,Secrets of Strixhaven Commander,uncommon,Artifact,2.0,1.9,18.0,10,55.0,0,0,1
Into the Fire,March of the Machine,rare,Sorcery,3.0,0.23,7063.0,12,55.0,0,0,0
A Tale for the Ages,Wilds of Eldraine,rare,Enchantment,2.0,0.21,13970.0,15,55.0,0,0,0
Stroke of Midnight,Tarkir: Dragonstorm Commander,uncommon,Instant,3.0,0.39,189.0,15,55.0,0,0,1
"Avatar Kyoshi, Earthbender",Avatar: The Last Airbender Eternal,mythic,Creature,8.0,18.06,5372.0,8,55.0,0,0,0
Guttersnipe,Tarkir: Dragonstorm Commander,uncommon,Creature,3.0,0.38,403.0,17,55.0,0,0,1
Marrow-Gnawer,Salvat 2005,rare,Creature,5.0,17.99,2940.0,12,55.0,0,0,1
"Atarka, World Render",Fate Reforged Promos,rare,Creature,7.0,3.83,1275.0,8,55.0,0,0,1
Gilt-Leaf Palace,The List,rare,Land,0.0,9.09,4992.0,8,55.0,0,0,1
Eroded Canyon,Outlaws of Thunder Junction,common,Land,0.0,0.31,3430.0,16,55.0,0,0,0
Forlorn Flats,Outlaws of Thunder Junction,common,Land,0.0,0.31,4732.0,16,55.0,0,0,0
Creosote Heath,Outlaws of Thunder Junction,common,Land,0.0,0.24,3458.0,17,55.0,0,0,0
Bristling Backwoods,Outlaws of Thunder Junction,common,Land,0.0,0.28,3093.0,16,55.0,0,0,0
Bandit's Haul,Outlaws of Thunder Junction,uncommon,Artifact,3.0,0.25,4990.0,14,55.0,0,0,0
Realms Uncharted,Rise of the Eldrazi,rare,Instant,3.0,13.28,3789.0,8,55.0,0,0,0
Cankerbloom,Phyrexia: All Will Be One,uncommon,Creature,2.0,0.55,690.0,11,54.5,0,0,0
"Karn, the Great Creator",Mystery Booster 2,rare,Planeswalker,4.0,4.39,1894.0,9,54.5,0,0,1
Kor Haven,Tales of Middle-earth Commander,mythic,Land,0.0,15.48,3699.0,7,54.5,0,0,1
Command Beacon,Tarkir: Dragonstorm Commander,rare,Land,0.0,5.55,180.0,9,54.5,0,0,1
"Syr Konrad, the Grim",Duskmourn: House of Horror Commander,uncommon,Creature,5.0,0.54,247.0,11,54.5,0,0,1
Winding Canyons,Weatherlight,rare,Land,0.0,27.94,7768.0,7,54.5,1,0,0
"Aloy, Savior of Meridian",Secret Lair Drop,mythic,Creature,5.0,6.7,11227.0,5,54.5,0,0,0
Farseek,Edge of Eternities Commander,common,Sorcery,2.0,0.47,22.0,13,54.5,0,0,1
Rhythm of the Wild,Ravnica Remastered,uncommon,Enchantment,3.0,4.97,196.0,11,54.5,0,0,1
Utopia Sprawl,Ravnica Remastered,uncommon,Enchantment,1.0,1.99,333.0,13,54.5,0,0,1
Bala Ged Recovery // Bala Ged Sanctuary,Zendikar Rising,uncommon,Sorcery,3.0,8.08,305.0,11,54.5,0,0,0
Relic of Legends,Dominaria United,uncommon,Artifact,3.0,2.31,570.0,11,54.5,0,0,0
Altar of Bone,Ice Age,rare,Sorcery,2.0,8.54,13912.0,7,54.5,1,0,0
Warstorm Surge,Commander Legends: Battle for Baldur's Gate,rare,Enchantment,6.0,1.03,666.0,10,54.0,0,0,1
Ball Lightning,Fifth Edition,rare,Creature,3.0,5.68,9086.0,19,54.0,0,0,1
Talisman of Conviction,Tarkir: Dragonstorm Commander,uncommon,Artifact,2.0,0.34,154.0,10,54.0,0,0,1
"Avatar Roku, Firebender",Avatar: The Last Airbender Eternal,mythic,Creature,6.0,15.04,5851.0,8,54.0,0,0,0
Talisman of Hierarchy,Secrets of Strixhaven Commander,uncommon,Artifact,2.0,0.82,136.0,10,54.0,0,0,1
Blacksmith's Talent,Bloomburrow,uncommon,Enchantment,1.0,0.3,3884.0,15,54.0,0,0,0
Exsanguinate,Foundations,uncommon,Sorcery,2.0,0.38,307.0,16,54.0,0,0,1
Hunter's Talent,Bloomburrow,uncommon,Enchantment,2.0,0.38,3664.0,15,54.0,0,0,0
Clifftop Lookout,Bloomburrow,uncommon,Creature,3.0,0.3,2699.0,15,54.0,0,0,0
Talisman of Creativity,Secrets of Strixhaven Commander,uncommon,Artifact,2.0,1.29,126.0,10,54.0,0,0,1
Collector's Vault,Wilds of Eldraine,uncommon,Artifact,2.0,1.38,1703.0,14,54.0,0,0,0
Go for the Throat,March of the Machine Commander,uncommon,Instant,2.0,0.61,354.0,14,54.0,0,0,1
Broodspinner,Duskmourn: House of Horror,uncommon,Creature,2.0,0.26,10661.0,15,54.0,0,0,0
Talisman of Curiosity,Murders at Karlov Manor Commander,uncommon,Artifact,2.0,0.41,446.0,10,54.0,0,0,1
Negate,Teenage Mutant Ninja Turtles,common,Instant,2.0,0.27,53.0,19,54.0,0,0,1
Witch Enchanter // Witch-Blessed Meadow,Modern Horizons 3,uncommon,Creature,4.0,3.02,340.0,10,54.0,0,0,0
Accursed Marauder,Modern Horizons 3,common,Creature,2.0,0.36,487.0,12,54.0,0,0,0
Bandit's Talent,Bloomburrow,uncommon,Enchantment,2.0,0.36,4410.0,15,54.0,0,0,0
Llanowar Elves,Foundations,common,Creature,1.0,0.36,62.0,19,54.0,0,0,1
Sapling of Colfenor,Eventide,rare,Creature,5.0,12.03,6615.0,8,54.0,0,0,0
Ancestral Vision,Time Spiral,rare,Sorcery,0.0,3.13,3017.0,8,54.0,0,0,0
Fell the Profane // Fell Mire,Modern Horizons 3,uncommon,Instant,4.0,3.16,228.0,10,54.0,0,0,0
Luminarch Ascension,Zendikar,rare,Enchantment,2.0,11.97,3113.0,8,54.0,0,0,0
Experimental Confectioner,Wilds of Eldraine,uncommon,Creature,3.0,6.75,3551.0,14,54.0,0,0,0
Lurking Predators,The List,rare,Enchantment,6.0,13.2,3042.0,12,54.0,0,0,1
Wooded Bastion,The List,rare,Land,0.0,12.84,2003.0,8,54.0,0,0,1
Gossip's Talent,Bloomburrow,uncommon,Enchantment,2.0,0.24,4377.0,15,54.0,0,0,0
Honored Dreyleader,Bloomburrow,uncommon,Creature,3.0,0.26,3552.0,15,54.0,0,0,0
Simic Signet,Duskmourn: House of Horror Commander,uncommon,Artifact,2.0,0.34,553.0,14,54.0,0,0,1
Talisman of Resilience,Duskmourn: House of Horror Commander,uncommon,Artifact,2.0,0.34,483.0,10,54.0,0,0,1
Rampant Growth,Tarkir: Dragonstorm Commander,common,Sorcery,2.0,0.42,26.0,15,54.0,0,0,1
Sink into Stupor // Soporific Springs,Modern Horizons 3,uncommon,Instant,3.0,6.2,182.0,10,54.0,0,0,0
Interdisciplinary Mascot,March of the Machine,rare,Creature,8.0,0.35,15193.0,12,54.0,0,0,0
Krark's Thumb,Mirrodin,rare,Artifact,2.0,15.71,4965.0,8,54.0,0,0,0
Roil Elemental,Zendikar,rare,Creature,6.0,13.88,3731.0,8,54.0,0,0,0
Forsaken Miner,Outlaws of Thunder Junction,uncommon,Creature,1.0,0.78,2503.0,14,54.0,0,0,0
Mirkwood Bats,The Lord of the Rings: Tales of Middle-earth,common,Creature,4.0,0.72,222.0,12,54.0,0,0,0
Abyssal Persecutor,Tales of Middle-earth Commander,mythic,Creature,4.0,28.27,6354.0,8,54.0,0,0,1
"Invasion of Fiora // Marchesa, Resolute Monarch",March of the Machine,rare,Creature,6.0,0.58,5832.0,12,54.0,0,0,0
Storm-Kiln Artist,Secrets of Strixhaven Commander,uncommon,Creature,4.0,2.34,231.0,11,53.5,0,0,1
Arcbound Ravager,Modern Masters,rare,Creature,2.0,16.42,3801.0,11,53.5,0,0,1
Urza's Saga,Mystery Booster 2,rare,Enchantment,0.0,37.23,119.0,5,53.5,0,0,1
Golgari Signet,Duskmourn: House of Horror Commander,uncommon,Artifact,2.0,0.31,644.0,13,53.5,0,0,1
Dimir Signet,Ravnica: Clue Edition,common,Artifact,2.0,1.2,137.0,13,53.5,0,0,1
Growth Spiral,Duskmourn: House of Horror Commander,common,Instant,2.0,0.29,217.0,13,53.5,0,0,1
Izzet Signet,Tarkir: Dragonstorm Commander,common,Artifact,2.0,0.37,165.0,13,53.5,0,0,1
Lightning Bolt,Ravnica: Clue Edition,uncommon,Instant,1.0,3.53,158.0,13,53.5,0,0,1
Archmage's Charm,Secret Lair Drop,rare,Instant,3.0,3.11,1773.0,11,53.5,0,0,1
"Atreus, Impulsive Son",Secret Lair Drop,mythic,Creature,3.0,3.15,9265.0,5,53.5,0,0,0
Akroma's Will,The Lost Caverns of Ixalan Commander,rare,Instant,4.0,18.13,203.0,9,53.5,0,0,1
Buried Alive,Modern Horizons 3,uncommon,Sorcery,3.0,0.81,379.0,13,53.5,0,0,1
Anvil of Bogardan,Visions,rare,Artifact,2.0,47.63,5302.0,7,53.5,1,0,0
Orzhov Signet,Tarkir: Dragonstorm Commander,common,Artifact,2.0,0.35,172.0,13,53.5,0,0,1
Experimental Augury,Phyrexia: All Will Be One,common,Instant,2.0,0.36,1307.0,13,53.5,0,0,0
Angelic Guardian,Core Set 2020,rare,Creature,6.0,4.7,12244.0,13,53.5,0,0,1
Edgewall Inn,Wilds of Eldraine,uncommon,Land,0.0,0.2,8946.0,14,53.0,0,0,0
Insidious Fungus,Duskmourn: House of Horror,uncommon,Creature,1.0,0.4,2020.0,15,53.0,0,0,0
Invasion of Gobakhan // Lightshield Array,March of the Machine,rare,Enchantment,2.0,0.4,8005.0,12,53.0,0,0,0
Goblin Anarchomancer,Modern Horizons 2,common,Creature,2.0,1.09,508.0,12,53.0,0,0,0
Wayfarer's Bauble,Tarkir: Dragonstorm Commander,common,Artifact,1.0,0.33,111.0,14,53.0,0,0,1
Food Fight,Wilds of Eldraine,rare,Enchantment,2.0,0.14,18685.0,15,53.0,0,0,0
Invasion of Arcavios // Invocation of the Founders,March of the Machine,rare,Enchantment,5.0,0.34,9869.0,12,53.0,0,0,0
"Geth, Thane of Contracts",Phyrexia: All Will Be One,rare,Creature,3.0,0.16,19680.0,12,53.0,0,0,0
Bloodfeather Phoenix,March of the Machine,rare,Creature,2.0,0.29,17403.0,12,53.0,0,0,0
"Miren, the Moaning Well",Saviors of Kamigawa,rare,Land,0.0,19.42,8226.0,8,53.0,0,0,0
Eternal Witness,Commander Masters,uncommon,Creature,3.0,1.31,100.0,12,53.0,0,0,1
"Greta, Sweettooth Scourge",Wilds of Eldraine,uncommon,Creature,3.0,0.2,5006.0,14,53.0,0,0,0
Cactusfolk Sureshot,Outlaws of Thunder Junction,uncommon,Creature,4.0,0.29,5516.0,14,53.0,0,0,0
"Chandra, Fire of Kaladesh // Chandra, Roaring Flame",The List,mythic,Creature,3.0,1.82,9755.0,8,53.0,0,0,1
Bear Umbra,Neon Dynasty Commander,rare,Enchantment,4.0,9.64,841.0,8,53.0,0,0,1
Terminate,Lorwyn Eclipsed Commander,common,Instant,2.0,0.38,219.0,14,53.0,0,0,1
Everflowing Chalice,Edge of Eternities Commander,uncommon,Artifact,0.0,0.28,249.0,10,53.0,0,0,1
Faithless Looting,Tarkir: Dragonstorm Commander,common,Sorcery,1.0,0.34,94.0,12,53.0,0,0,1
Bucolic Ranch,Outlaws of Thunder Junction,uncommon,Land,0.0,0.17,13216.0,14,53.0,0,0,0
"Oko, Thief of Crowns",Breaking News,mythic,Planeswalker,3.0,5.24,1863.0,6,53.0,0,0,1
"Witch-king, Bringer of Ruin",The Lord of the Rings: Tales of Middle-earth,rare,Creature,6.0,13.34,7470.0,10,53.0,0,0,0
"Ertha Jo, Frontier Mentor",Outlaws of Thunder Junction,uncommon,Creature,4.0,0.24,7793.0,14,53.0,0,0,0
Haunted Screen,Duskmourn: House of Horror,uncommon,Artifact,3.0,0.08,13572.0,15,53.0,0,0,0
Bloodfell Caves,March of the Machine,common,Land,0.0,0.13,877.0,18,53.0,0,0,1
Growing Dread,Duskmourn: House of Horror,uncommon,Enchantment,2.0,0.05,10583.0,15,53.0,0,0,0
Intimidation Campaign,Outlaws of Thunder Junction,uncommon,Enchantment,3.0,0.07,14607.0,14,53.0,0,0,0
Beastie Beatdown,Duskmourn: House of Horror,uncommon,Sorcery,2.0,0.08,13937.0,15,53.0,0,0,0
At Knifepoint,Outlaws of Thunder Junction,uncommon,Enchantment,3.0,0.3,6608.0,14,53.0,0,0,0
Dismal Backwater,March of the Machine,common,Land,0.0,0.15,925.0,18,53.0,0,0,1
Selesnya Sanctuary,Murders at Karlov Manor Commander,uncommon,Land,0.0,0.35,525.0,10,53.0,0,0,1
Arena,Time Spiral Timeshifted,special,Land,0.0,5.86,8805.0,8,53.0,0,0,1
Marionette Apprentice,Modern Horizons 3,uncommon,Creature,2.0,1.12,572.0,10,53.0,0,0,0
Victimize,Tarkir: Dragonstorm Commander,uncommon,Sorcery,3.0,0.78,128.0,12,53.0,0,0,1
"Wort, Boggart Auntie",Lorwyn,rare,Creature,4.0,31.22,11704.0,8,53.0,0,0,0
Evolved Spinoderm,Phyrexia: All Will Be One,rare,Creature,4.0,0.07,20459.0,12,53.0,0,0,0
Mortify,March of the Machine Commander,uncommon,Instant,3.0,0.65,543.0,16,53.0,0,0,1
Blossoming Sands,Bloomburrow,common,Land,0.0,0.13,1047.0,18,53.0,0,0,1
Greater Good,Forgotten Realms Commander,rare,Enchantment,4.0,4.72,647.0,9,52.5,0,0,1
Rapid Hybridization,Secrets of Strixhaven Commander,uncommon,Instant,1.0,0.86,213.0,11,52.5,0,0,1
Zulaport Cutthroat,Secrets of Strixhaven Commander,uncommon,Creature,2.0,1.35,241.0,11,52.5,0,0,1
Balduvian Trading Post,Alliances,rare,Land,0.0,3.8,17531.0,7,52.5,1,0,0
Archivist of Oghma,Commander Legends: Battle for Baldur's Gate,rare,Creature,2.0,8.54,645.0,9,52.5,0,0,0
Conjurer's Closet,Innistrad Remastered,rare,Artifact,5.0,4.04,503.0,7,52.5,0,0,1
Angel of Jubilation,Avacyn Restored,rare,Creature,4.0,10.69,4963.0,7,52.5,0,0,0
Ancient Grudge,Secret Lair Drop,rare,Instant,2.0,11.61,6777.0,13,52.5,0,0,1
Baldur's Gate,Commander Legends: Battle for Baldur's Gate,rare,Land,0.0,3.45,2349.0,9,52.5,0,0,0
Pitiless Plunderer,The Lost Caverns of Ixalan Commander,uncommon,Creature,4.0,3.05,233.0,11,52.5,0,0,1
Evolution Sage,Lorwyn Eclipsed Commander,uncommon,Creature,3.0,2.65,402.0,11,52.5,0,0,1
"Atla Palani, Nest Tender",Secret Lair Drop,mythic,Creature,4.0,46.58,4318.0,5,52.5,0,0,1
Achilles Davenport,Assassin's Creed,rare,Creature,4.0,5.36,6315.0,7,52.5,0,0,0
Arbor Elf,Secret Lair Drop,rare,Creature,1.0,16.18,590.0,9,52.5,0,0,1
Abeyance,Weatherlight,rare,Instant,2.0,32.55,14305.0,7,52.5,1,0,0
Academy Rector,Urza's Destiny,rare,Creature,4.0,74.22,5544.0,7,52.5,1,0,0
Adun Oakenshield,Legends,rare,Creature,3.0,68.7,23165.0,8,52.0,1,0,0
Bolt Bend,Foundations,uncommon,Instant,4.0,2.48,593.0,15,52.0,0,0,1
Fear of Infinity,Duskmourn: House of Horror,uncommon,Creature,3.0,0.12,12119.0,15,52.0,0,0,0
Burrowguard Mentor,Bloomburrow,uncommon,Creature,2.0,0.22,6577.0,15,52.0,0,0,0
Tireless Provisioner,March of the Machine Commander,uncommon,Creature,3.0,3.06,177.0,10,52.0,0,0,1
Devouring Sugarmaw // Have for Dinner,Wilds of Eldraine,rare,Creature,4.0,0.25,20130.0,15,52.0,0,0,0
Fireglass Mentor,Bloomburrow,uncommon,Creature,2.0,0.07,9156.0,15,52.0,0,0,0
Conduit Pylons,Outlaws of Thunder Junction,common,Land,0.0,0.33,1926.0,16,52.0,0,0,0
Feather of Flight,Bloomburrow,uncommon,Enchantment,2.0,0.33,4271.0,15,52.0,0,0,0
Harrow,Edge of Eternities Commander,common,Instant,3.0,0.33,237.0,15,52.0,0,0,1
Gremlin Tamer,Duskmourn: House of Horror,uncommon,Creature,2.0,0.14,8136.0,15,52.0,0,0,0
"Ash, Party Crasher",Wilds of Eldraine,uncommon,Creature,2.0,0.15,14770.0,14,52.0,0,0,0
Corrupted Conviction,March of the Machine,common,Instant,1.0,1.12,581.0,16,52.0,0,0,0
"Untaidake, the Cloud Keeper",Champions of Kamigawa,rare,Land,0.0,6.28,9735.0,8,52.0,0,0,0
Eiganjo Castle,Secret Lair Drop,rare,Land,0.0,7.56,3453.0,8,52.0,0,0,1
Springleaf Drum,Lorwyn Eclipsed,uncommon,Artifact,1.0,0.35,596.0,19,52.0,0,0,1
Bovine Intervention,Outlaws of Thunder Junction,uncommon,Instant,2.0,0.28,3577.0,14,52.0,0,0,0
Silent Arbiter,Commander 2020,rare,Creature,4.0,11.9,1129.0,8,52.0,0,0,1
"Kaya, Ghost Assassin",The List,mythic,Planeswalker,4.0,3.22,14292.0,6,52.0,0,0,1
Overwhelming Stampede,Duskmourn: House of Horror Commander,rare,Sorcery,5.0,1.7,549.0,8,52.0,0,0,1
Vedalken Orrery,Double Masters 2022,rare,Artifact,4.0,18.11,1397.0,8,52.0,0,0,1
Hidden Grotto,Bloomburrow,common,Land,0.0,0.27,2401.0,17,52.0,0,0,0
"Oathkeeper, Takeno's Daisho",Champions of Kamigawa,rare,Artifact,3.0,20.52,10416.0,8,52.0,0,0,0
Avoid Fate,Time Spiral Timeshifted,special,Instant,1.0,8.68,8684.0,10,52.0,0,0,1
Sword of Kaldra,Mirrodin,rare,Artifact,4.0,21.63,8876.0,8,52.0,0,0,0
Hedron Archive,Commander Masters,uncommon,Artifact,4.0,0.3,527.0,15,52.0,0,0,1
Mentor of the Meek,Innistrad Remastered,uncommon,Creature,3.0,0.28,605.0,16,52.0,0,0,1
Whispersilk Cloak,Duskmourn: House of Horror Commander,uncommon,Artifact,3.0,3.66,314.0,10,52.0,0,0,1
Konda's Banner,Champions of Kamigawa,rare,Artifact,2.0,11.57,10866.0,8,52.0,0,0,0
Argothian Enchantress,Eternal Masters,mythic,Creature,2.0,47.58,3522.0,7,51.5,0,0,1
Angus Mackenzie,Legends,rare,Creature,3.0,223.65,18013.0,7,51.5,1,0,0
City of Shadows,The Dark,rare,Land,0.0,53.98,16069.0,7,51.5,1,0,0
Undiscovered Paradise,Visions,rare,Land,0.0,35.12,16394.0,7,51.5,1,0,0
"Animar, Soul of Elements",Double Masters 2022,mythic,Creature,3.0,45.98,2309.0,5,51.5,0,0,1
Triumph of the Hordes,Secret Lair Drop,rare,Sorcery,4.0,14.44,1258.0,7,51.5,0,0,1
Aluren,Tempest,rare,Enchantment,4.0,97.26,9259.0,7,51.5,1,0,0
Big Score,Secrets of Strixhaven Commander,common,Instant,4.0,1.95,170.0,13,51.5,0,0,1
Barrowgoyf,Modern Horizons 3 Commander,rare,Creature,3.0,13.16,4006.0,9,51.5,0,0,0
Arcane Sanctum,Duskmourn: House of Horror Commander,uncommon,Land,0.0,0.37,334.0,7,51.5,0,0,1
"Aragorn, King of Gondor",Tales of Middle-earth Commander,mythic,Creature,4.0,11.7,3896.0,5,51.5,0,0,1
Jungle Shrine,Lorwyn Eclipsed Commander,uncommon,Land,0.0,0.34,293.0,7,51.5,0,0,1
Puresteel Paladin,Commander Masters,rare,Creature,2.0,2.12,623.0,7,51.5,0,0,1
Crumbling Necropolis,The Lost Caverns of Ixalan Commander,uncommon,Land,0.0,0.37,351.0,7,51.5,0,0,1
Bountiful Promenade,The List,rare,Land,0.0,16.84,206.0,5,51.5,0,0,1
Sea of Clouds,Commander Legends: Battle for Baldur's Gate,rare,Land,0.0,18.04,166.0,5,51.5,0,0,1
Talisman of Impulse,Tarkir: Dragonstorm Commander,uncommon,Artifact,2.0,0.38,566.0,11,51.5,0,0,1
Morbid Opportunist,Secrets of Strixhaven Commander,uncommon,Creature,3.0,0.97,265.0,11,51.5,0,0,1
Bastion of Remembrance,Tarkir: Dragonstorm Commander,uncommon,Enchantment,3.0,0.27,335.0,11,51.5,0,0,1
Mulldrifter,Lorwyn Eclipsed Commander,uncommon,Creature,5.0,0.32,561.0,13,51.5,0,0,1
Luxury Suite,Commander Legends: Battle for Baldur's Gate,rare,Land,0.0,28.12,162.0,5,51.5,0,0,1
Soldevi Excavations,Alliances,rare,Land,0.0,8.75,15318.0,7,51.5,1,0,0
Rejuvenating Springs,Tales of Middle-earth Commander,rare,Land,0.0,6.8,141.0,5,51.5,0,0,1
Teferi's Isle,Mirage,rare,Land,0.0,7.53,17286.0,7,51.5,1,0,0
The Black Gate,Tales of Middle-earth Commander,rare,Land,0.0,7.24,1178.0,5,51.5,0,0,0
Spire Garden,Teenage Mutant Ninja Turtles Eternal,rare,Land,0.0,5.05,184.0,5,51.5,0,0,1
Seaside Citadel,Lorwyn Eclipsed Commander,uncommon,Land,0.0,0.34,390.0,7,51.5,0,0,1
Angel's Grace,Time Spiral Remastered,rare,Instant,1.0,7.48,2130.0,8,51.0,0,0,1
Harmonize,Teenage Mutant Ninja Turtles Eternal,uncommon,Sorcery,4.0,0.31,302.0,12,51.0,0,0,1
Blooming Blast,Bloomburrow,uncommon,Instant,2.0,0.06,14522.0,15,51.0,0,0,0
Eriette's Tempting Apple,Wilds of Eldraine,uncommon,Artifact,4.0,0.27,7602.0,14,51.0,0,0,0
Al-abara's Carpet,Legends,rare,Artifact,5.0,61.7,26984.0,8,51.0,1,0,0
Bounding Felidar,Outlaws of Thunder Junction,uncommon,Creature,6.0,0.21,10516.0,14,51.0,0,0,0
Badlands Revival,Outlaws of Thunder Junction,uncommon,Sorcery,5.0,0.16,12010.0,14,51.0,0,0,0
Ward of Bones,Eventide,rare,Artifact,6.0,21.28,11967.0,8,51.0,0,0,0
Reprieve,The Lord of the Rings: Tales of Middle-earth,uncommon,Instant,2.0,2.07,665.0,10,51.0,0,0,0
Generous Gift,The Lost Caverns of Ixalan Commander,uncommon,Instant,3.0,1.42,55.0,8,51.0,0,0,1
Fear of Impostors,Duskmourn: House of Horror,uncommon,Creature,3.0,0.27,5436.0,15,51.0,0,0,0
Heaped Harvest,Bloomburrow,common,Artifact,3.0,0.18,2846.0,17,51.0,0,0,0
Thrill of Possibility,Foundations,common,Instant,2.0,0.28,202.0,18,51.0,0,0,1
Thrumming Stone,The List,rare,Artifact,5.0,19.26,2286.0,8,51.0,0,0,1
Enter the Enigma,Duskmourn: House of Horror,common,Sorcery,1.0,0.32,1420.0,17,51.0,0,0,0
Archmage Ascension,Zendikar,rare,Enchantment,3.0,4.93,8462.0,8,51.0,0,0,0
Liquimetal Torque,Modern Horizons 2,uncommon,Artifact,2.0,3.52,494.0,6,51.0,0,0,0
Ashnod's Cylix,Alliances,rare,Artifact,2.0,3.49,25726.0,8,51.0,1,0,0
Opt,Outlaws of Thunder Junction Commander,common,Instant,1.0,0.28,211.0,20,51.0,0,0,1
Ethereal Armor,Duskmourn: House of Horror,uncommon,Enchantment,1.0,0.37,1062.0,17,51.0,0,0,1
"Thada Adel, Acquisitor",Worldwake,rare,Creature,3.0,19.89,5172.0,8,51.0,0,0,0
Form a Posse,Outlaws of Thunder Junction,uncommon,Sorcery,2.0,0.16,12232.0,14,51.0,0,0,0
Alchor's Tomb,Legends,rare,Artifact,4.0,18.36,28818.0,8,51.0,1,0,0
Consumed by Greed,Bloomburrow,uncommon,Instant,3.0,0.19,6648.0,15,51.0,0,0,0
Ashes of the Fallen,Saviors of Kamigawa,rare,Artifact,2.0,7.09,12887.0,8,51.0,0,0,0
Arcbound Reclaimer,Darksteel,rare,Creature,4.0,6.88,7273.0,8,51.0,0,0,0
Quicksilver Elemental,Mirrodin,rare,Creature,5.0,23.11,8442.0,8,51.0,0,0,0
Island of Wak-Wak,Arabian Nights,rare,Land,0.0,235.12,21949.0,7,50.5,1,0,0
Nature's Claim,Iconic Masters,common,Instant,1.0,0.95,363.0,13,50.5,0,0,1
Talon Gates of Madara,Modern Horizons 3 Commander,rare,Land,0.0,16.34,594.0,5,50.5,0,0,0
Wizard Class,Adventures in the Forgotten Realms,uncommon,Enchantment,1.0,3.02,661.0,9,50.5,0,0,0
Read the Bones,Duskmourn: House of Horror Commander,common,Sorcery,3.0,0.27,429.0,13,50.5,0,0,1
Armored Scrapgorger,Phyrexia: All Will Be One,uncommon,Creature,2.0,0.29,4287.0,11,50.5,0,0,0
Village Rites,Innistrad Remastered,common,Instant,1.0,1.29,197.0,13,50.5,0,0,1
Access Tunnel,Outlaws of Thunder Junction Commander,uncommon,Land,0.0,3.3,576.0,11,50.5,0,0,1
Bladehold War-Whip,Phyrexia: All Will Be One,uncommon,Artifact,3.0,0.3,5610.0,11,50.5,0,0,0
Infernal Grasp,Lorwyn Eclipsed Commander,uncommon,Instant,2.0,0.37,271.0,11,50.5,0,0,1
Bartel Runeaxe,Legends,rare,Creature,6.0,21.29,29242.0,7,50.5,1,0,0
Consider,Tarkir: Dragonstorm Commander,common,Instant,1.0,0.31,389.0,13,50.5,0,0,1
Avatar of Growth,Game Night,mythic,Creature,6.0,24.66,11509.0,5,50.5,0,0,0
Beamtown Beatstick,March of the Machine,common,Artifact,1.0,0.5,2525.0,13,50.5,0,0,0
Mayhem Devil,Edge of Eternities Commander,uncommon,Creature,3.0,0.35,573.0,11,50.5,0,0,1
Expand the Sphere,Phyrexia: All Will Be One,uncommon,Sorcery,4.0,0.16,4737.0,11,50.5,0,0,0
Glacial Chasm,Ice Age,uncommon,Land,0.0,23.64,2139.0,7,50.5,0,1,0
Griffin Canyon,Visions,rare,Land,0.0,5.76,17083.0,7,50.5,1,0,0
Diamond Valley,Arabian Nights,rare,Land,0.0,695.0,17092.0,7,50.5,1,0,0
Break Down the Door,Duskmourn: House of Horror,uncommon,Instant,3.0,0.06,9973.0,15,50.0,0,0,0
Reiterate,Time Spiral Remastered,rare,Instant,3.0,14.38,2706.0,8,50.0,0,0,1
Faerie Dreamthief,Wilds of Eldraine,uncommon,Creature,1.0,0.27,6174.0,14,50.0,0,0,0
Blood Hustler,Outlaws of Thunder Junction,uncommon,Creature,2.0,0.19,12020.0,14,50.0,0,0,0
Dewdrop Cure,Bloomburrow,uncommon,Sorcery,3.0,0.12,7209.0,15,50.0,0,0,0
"Ashling, the Extinguisher",Eventide,rare,Creature,4.0,32.01,13372.0,8,50.0,0,0,0
Getaway Glamer,Outlaws of Thunder Junction,uncommon,Instant,1.0,0.28,6317.0,14,50.0,0,0,0
Breath of Fury,Ravnica: City of Guilds,rare,Enchantment,4.0,12.23,6260.0,8,50.0,0,0,0
Glistening Oil,New Phyrexia,rare,Enchantment,2.0,12.49,6718.0,8,50.0,0,0,0
Deadly Dispute,Tarkir: Dragonstorm Commander,common,Instant,2.0,0.4,132.0,12,50.0,0,0,1
Rising of the Day,The Lord of the Rings: Tales of Middle-earth,uncommon,Enchantment,3.0,0.71,653.0,10,50.0,0,0,0
Hop to It,Bloomburrow,uncommon,Sorcery,3.0,0.26,4870.0,15,50.0,0,0,0
Bitter Ordeal,Future Sight,rare,Sorcery,3.0,15.11,13797.0,8,50.0,0,0,0
Argentum Armor,Game Night: Free-for-All,rare,Artifact,6.0,3.09,2223.0,8,50.0,0,0,1
Hollow Marauder,Outlaws of Thunder Junction,uncommon,Creature,7.0,0.13,10825.0,14,50.0,0,0,0
Fear of Burning Alive,Duskmourn: House of Horror,uncommon,Creature,6.0,0.12,6929.0,15,50.0,0,0,0
Heirloom Epic,Bloomburrow,uncommon,Artifact,1.0,0.11,10329.0,15,50.0,0,0,0
Cynical Loner,Duskmourn: House of Horror,uncommon,Creature,2.0,0.13,9239.0,15,50.0,0,0,0
Goblin Electromancer,Tarkir: Dragonstorm Commander,common,Creature,2.0,0.26,656.0,14,50.0,0,0,1
Bleeding Woods,Duskmourn: House of Horror,common,Land,0.0,0.11,9556.0,18,50.0,0,0,0
Sakashima the Impostor,The List,rare,Creature,4.0,16.35,1959.0,8,50.0,0,0,1
Back for Seconds,Wilds of Eldraine,uncommon,Sorcery,3.0,0.24,6828.0,14,50.0,0,0,0
Abandoned Campground,Duskmourn: House of Horror,common,Land,0.0,0.11,9339.0,17,50.0,0,0,0
Ashes of the Abhorrent,Ixalan Promos,rare,Enchantment,2.0,5.72,7994.0,12,50.0,0,0,1
Daring Waverider,Bloomburrow,uncommon,Creature,6.0,0.11,8655.0,15,50.0,0,0,0
Builder's Talent,Bloomburrow,uncommon,Enchantment,2.0,0.1,10650.0,15,50.0,0,0,0
Baseball Bat,Duskmourn: House of Horror,uncommon,Artifact,2.0,0.1,18482.0,15,50.0,0,0,0
Bushy Bodyguard,Bloomburrow,uncommon,Creature,2.0,0.22,11376.0,15,50.0,0,0,0
Glimmer Seeker,Duskmourn: House of Horror,uncommon,Creature,3.0,0.08,14915.0,15,50.0,0,0,0
Baron Sengir,Homelands,rare,Creature,8.0,5.32,23723.0,8,50.0,1,0,0
Demonic Ruckus,Outlaws of Thunder Junction,uncommon,Enchantment,2.0,0.33,6236.0,14,50.0,0,0,0
Maralen of the Mornsong,Morningtide,rare,Creature,3.0,43.41,9915.0,8,50.0,0,0,0
Eddymurk Crab,Bloomburrow,uncommon,Creature,7.0,0.35,13241.0,15,50.0,0,0,0
Timber Protector,Lorwyn,rare,Creature,5.0,22.96,7325.0,8,50.0,0,0,0
Etched Cornfield,Duskmourn: House of Horror,common,Land,0.0,0.09,10660.0,17,50.0,0,0,0
"Comet, Stellar Pup",Mystery Booster 2,mythic,Planeswalker,4.0,5.67,6218.0,4,50.0,0,0,1
Icewrought Sentry,Wilds of Eldraine,uncommon,Creature,3.0,0.2,11494.0,14,50.0,0,0,0
House Cartographer,Duskmourn: House of Horror,uncommon,Creature,2.0,0.05,12674.0,15,50.0,0,0,0
Caught in the Crossfire,Outlaws of Thunder Junction,uncommon,Instant,2.0,0.16,14701.0,14,50.0,0,0,0
Flowerfoot Swordmaster,Bloomburrow,uncommon,Creature,1.0,0.17,11582.0,15,50.0,0,0,0
Hydroelectric Specimen // Hydroelectric Laboratory,Modern Horizons 3,uncommon,Creature,3.0,0.91,658.0,10,50.0,0,0,0
Krosan Grip,Commander 2021,uncommon,Instant,3.0,1.54,583.0,12,50.0,0,0,1
Fell,Bloomburrow,uncommon,Sorcery,2.0,0.38,2737.0,15,50.0,0,0,0
Pinnacle Monk // Mystic Peak,Modern Horizons 3,uncommon,Creature,5.0,1.24,577.0,10,50.0,0,0,0
Brimstone Roundup,Outlaws of Thunder Junction,uncommon,Enchantment,2.0,0.17,10136.0,14,50.0,0,0,0
Discerning Financier,Wilds of Eldraine,uncommon,Creature,3.0,0.2,7256.0,14,50.0,0,0,0
Floodpits Drowner,Duskmourn: House of Horror,uncommon,Creature,2.0,0.57,8525.0,15,50.0,0,0,0
Disciple of Freyalise // Garden of Freyalise,Modern Horizons 3,uncommon,Creature,6.0,1.58,528.0,10,50.0,0,0,0
Elephant Graveyard,Arabian Nights,rare,Land,0.0,290.66,21786.0,7,49.5,1,0,0
Vandalblast,Outlaws of Thunder Junction Commander,uncommon,Sorcery,1.0,2.38,98.0,7,49.5,0,0,1
Witch's Clinic,Commander 2021,rare,Land,0.0,12.59,1096.0,5,49.5,0,0,0
Arena Rector,Battlebond,mythic,Creature,4.0,9.47,8829.0,5,49.5,0,0,0
Avacyn's Memorial,Midnight Hunt Commander,mythic,Artifact,8.0,9.63,7402.0,5,49.5,0,0,0
"Auntie Blyte, Bad Influence",Jumpstart 2022,mythic,Creature,3.0,9.66,12089.0,5,49.5,0,0,0
"Surtr, Fiery Jötun",Assassin's Creed,rare,Creature,5.0,11.8,7167.0,7,49.5,0,0,0
Elvish Mystic,Commander Masters,common,Creature,1.0,1.07,109.0,13,49.5,0,0,1
Blightbelly Rat,Phyrexia: All Will Be One,common,Creature,2.0,0.34,2603.0,13,49.5,0,0,0
Foundry Inspector,Commander Masters,common,Creature,3.0,0.35,254.0,13,49.5,0,0,1
Halo Forager,March of the Machine,uncommon,Creature,3.0,0.34,5549.0,11,49.5,0,0,0
Archaeomancer's Map,Commander 2021,rare,Artifact,3.0,6.71,853.0,5,49.5,0,0,0
Explore,Outlaws of Thunder Junction Commander,common,Sorcery,2.0,0.33,230.0,13,49.5,0,0,1
Botanical Brawler,March of the Machine,uncommon,Creature,2.0,0.09,6302.0,11,49.5,0,0,0
Aura Mutation,Invasion,rare,Instant,2.0,3.8,2565.0,7,49.5,0,0,0
Infectious Bite,Phyrexia: All Will Be One,uncommon,Instant,2.0,0.47,2648.0,11,49.5,0,0,0
Curiosity,Jumpstart,uncommon,Enchantment,1.0,0.9,597.0,13,49.5,0,0,1
Ancestral Knowledge,Weatherlight,rare,Enchantment,2.0,7.85,17565.0,7,49.5,1,0,0
All Hallow's Eve,Legends,rare,Sorcery,4.0,523.16,20465.0,7,49.5,1,0,0
Argivian Archaeologist,Antiquities,rare,Creature,3.0,128.65,23489.0,8,49.0,1,0,0
Hazardroot Herbalist,Bloomburrow,uncommon,Creature,3.0,0.16,13128.0,15,49.0,0,0,0
Feed the Cycle,Bloomburrow,uncommon,Instant,2.0,0.19,6983.0,15,49.0,0,0,0
"Erayo, Soratami Ascendant // Erayo's Essence",Saviors of Kamigawa,rare,Creature,2.0,19.2,3732.5,6,49.0,0,0,0
Confusion in the Ranks,Mirrodin,rare,Enchantment,5.0,17.42,7972.0,8,49.0,0,0,0
Brazen Collector,Bloomburrow,uncommon,Creature,2.0,0.16,10033.0,15,49.0,0,0,0
Archive Dragon,Wilds of Eldraine,uncommon,Creature,6.0,0.15,14288.0,14,49.0,0,0,0
Always Watching,The List,rare,Enchantment,3.0,3.66,6237.0,12,49.0,0,0,1
Worn Powerstone,Modern Horizons 3,uncommon,Artifact,3.0,0.34,567.0,12,49.0,0,0,1
Bazaar Trader,Worldwake,rare,Creature,2.0,4.59,7124.0,8,49.0,0,0,0
Get Out,Duskmourn: House of Horror,uncommon,Instant,2.0,0.33,6021.0,15,49.0,0,0,0
Artificer's Intuition,Fifth Dawn,rare,Enchantment,2.0,5.22,12727.0,8,49.0,0,0,0
Canyon Crab,Outlaws of Thunder Junction,uncommon,Creature,2.0,0.07,14828.0,14,49.0,0,0,0
Diabolic Tutor,Commander Anthology,uncommon,Sorcery,4.0,2.05,444.0,10,49.0,0,0,1
Disturbing Mirth,Duskmourn: House of Horror,uncommon,Enchantment,2.0,0.09,18752.0,15,49.0,0,0,0
Bitter Chill,Wilds of Eldraine,uncommon,Enchantment,2.0,0.08,12255.0,14,49.0,0,0,0
Animist's Awakening,Commander 2020,rare,Sorcery,1.0,3.42,3215.0,8,49.0,0,0,1
Hivespine Wolverine,Bloomburrow,uncommon,Creature,5.0,0.09,12812.0,15,49.0,0,0,0
Harnesser of Storms,Bloomburrow,uncommon,Creature,3.0,0.09,7875.0,15,49.0,0,0,0
Curious Forager,Bloomburrow,uncommon,Creature,3.0,0.09,9312.0,15,49.0,0,0,0
Gold Rush,Outlaws of Thunder Junction,uncommon,Instant,2.0,0.09,9175.0,14,49.0,0,0,0
Harvestrite Host,Bloomburrow,uncommon,Creature,3.0,0.09,10740.0,15,49.0,0,0,0
Ghostly Keybearer,Duskmourn: House of Horror,uncommon,Creature,4.0,0.08,13042.0,15,49.0,0,0,0
"Altanak, the Thrice-Called",Duskmourn: House of Horror,uncommon,Creature,7.0,0.17,7534.0,15,49.0,0,0,0
Dosan the Falling Leaf,Champions of Kamigawa,rare,Creature,3.0,22.35,6120.0,8,49.0,0,0,0
Flick a Coin,Wilds of Eldraine,common,Instant,3.0,0.17,3663.0,16,49.0,0,0,0
Bark-Knuckle Boxer,Bloomburrow,uncommon,Creature,2.0,0.11,13304.0,15,49.0,0,0,0
Chancellor of Tales,Wilds of Eldraine,uncommon,Creature,4.0,0.22,11456.0,14,49.0,0,0,0
Dazzling Denial,Bloomburrow,common,Instant,2.0,0.25,4207.0,18,49.0,0,0,0
Barkform Harvester,Bloomburrow,common,Creature,3.0,0.22,4514.0,17,49.0,0,0,0
Doubling Cube,Tenth Edition,rare,Artifact,2.0,28.33,3437.0,8,49.0,0,0,1
Fleeting Reflection,Outlaws of Thunder Junction,uncommon,Instant,2.0,0.24,11234.0,14,49.0,0,0,0
Archfiend of Depravity,Archenemy: Nicol Bolas,rare,Creature,5.0,4.69,1596.0,8,49.0,0,0,1
Font of Mythos,Secret Lair Drop,rare,Artifact,4.0,14.85,2187.0,8,49.0,0,0,1
Choice of Damnations,Saviors of Kamigawa,rare,Sorcery,6.0,14.58,12300.0,8,49.0,0,0,0
Bonecache Overseer,Bloomburrow,uncommon,Creature,1.0,0.14,8660.0,15,49.0,0,0,0
Hazel's Nocturne,Bloomburrow,uncommon,Instant,4.0,0.13,6964.0,15,49.0,0,0,0
Masako the Humorless,Champions of Kamigawa,rare,Creature,3.0,25.94,11361.0,8,49.0,0,0,0
Cabal Coffers,Mystery Booster 2,uncommon,Land,0.0,26.64,186.0,8,49.0,0,0,1
Congregation Gryff,Outlaws of Thunder Junction,uncommon,Creature,3.0,0.13,16718.0,14,49.0,0,0,0
Angelic Arbiter,Jumpstart,rare,Creature,7.0,3.85,4860.0,8,49.0,0,0,1
Sign in Blood,Duskmourn: House of Horror Commander,common,Sorcery,2.0,3.05,227.0,14,49.0,0,0,1
Preordain,Tarkir: Dragonstorm Commander,common,Sorcery,1.0,0.6,218.0,12,49.0,0,0,1
Deepmuck Desperado,Outlaws of Thunder Junction,uncommon,Creature,3.0,0.19,9871.0,14,49.0,0,0,0
Diresight,Bloomburrow,common,Sorcery,3.0,0.18,2562.0,17,49.0,0,0,0
Hoarder's Overflow,Bloomburrow,uncommon,Enchantment,2.0,0.06,12207.0,15,49.0,0,0,0
Food Coma,Wilds of Eldraine,uncommon,Enchantment,4.0,0.27,14837.0,14,49.0,0,0,0
Brambleguard Captain,Bloomburrow,uncommon,Creature,4.0,0.18,11255.0,15,49.0,0,0,0
Reaper King,Secret Lair Drop,rare,Creature,10.0,12.62,8505.0,8,49.0,0,0,1
Brambleguard Veteran,Bloomburrow,uncommon,Creature,3.0,0.1,13495.0,15,49.0,0,0,0
Huskburster Swarm,Bloomburrow,uncommon,Creature,8.0,0.29,7627.0,15,49.0,0,0,0
Beacon of Creation,Fifth Dawn,rare,Sorcery,4.0,7.5,11615.0,8,49.0,0,0,0
Flamecache Gecko,Bloomburrow,uncommon,Creature,2.0,0.1,9954.0,15,49.0,0,0,0
Highway Robbery,Outlaws of Thunder Junction,common,Sorcery,2.0,0.32,4069.0,16,49.0,0,0,0
Faerie Fencing,Wilds of Eldraine,uncommon,Instant,1.0,0.31,7749.0,14,49.0,0,0,0
Claws of Gix,Time Spiral Timeshifted,special,Artifact,0.0,15.05,6836.0,8,49.0,0,0,1
Plaguecrafter,Ravnica Remastered,uncommon,Creature,3.0,0.32,613.0,11,48.5,0,0,1
Night's Whisper,Lorwyn Eclipsed Commander,common,Sorcery,2.0,0.42,191.0,13,48.5,0,0,1
Agate Instigator,Bloomburrow Commander,rare,Creature,2.0,5.38,1221.0,5,48.5,0,0,0
Arachnogenesis,Commander Masters,rare,Instant,3.0,4.4,1343.0,9,48.5,0,0,1
Stitcher's Supplier,Tarkir: Dragonstorm Commander,uncommon,Creature,1.0,0.27,664.0,11,48.5,0,0,1
Drown in Ichor,Phyrexia: All Will Be One,uncommon,Sorcery,2.0,0.78,1970.0,11,48.5,0,0,0
Blazing Crescendo,Phyrexia: All Will Be One,common,Instant,2.0,0.29,4039.0,13,48.5,0,0,0
Archfiend of Despair,Commander Masters,mythic,Creature,8.0,24.77,2723.0,5,48.5,0,0,1
Bilious Skulldweller,Phyrexia: All Will Be One,uncommon,Creature,1.0,0.26,4598.0,11,48.5,0,0,0
Armageddon,Masters 25,mythic,Sorcery,4.0,16.25,4031.0,7,48.5,0,0,1
Bad Moon,Time Spiral Timeshifted,special,Enchantment,2.0,4.1,7203.0,9,48.5,0,0,1
Ashnod's Altar,Commander Masters,uncommon,Artifact,3.0,18.12,129.0,13,48.5,0,0,1
"Astarion, the Decadent",Secret Lair Drop,rare,Creature,6.0,36.18,3532.0,9,48.5,0,0,1
Kenrith's Transformation,Forgotten Realms Commander,uncommon,Enchantment,2.0,0.92,659.0,11,48.5,0,0,1
Kodama's Reach,Lorwyn Eclipsed Commander,common,Sorcery,3.0,1.25,35.0,9,48.5,0,0,1
Cursed Windbreaker,Duskmourn: House of Horror,uncommon,Artifact,3.0,0.09,15995.0,15,48.0,0,0,0
Corpseberry Cultivator,Bloomburrow,common,Creature,3.0,0.09,11413.0,17,48.0,0,0,0
Ferocification,Outlaws of Thunder Junction,uncommon,Enchantment,3.0,0.15,13401.0,14,48.0,0,0,0
Cindering Cutthroat,Bloomburrow,common,Creature,3.0,0.06,12090.0,17,48.0,0,0,0
Ashiok's Reaper,Wilds of Eldraine,uncommon,Creature,4.0,0.2,6881.0,14,48.0,0,0,0
Fear of Failed Tests,Duskmourn: House of Horror,uncommon,Creature,5.0,0.09,12030.0,15,48.0,0,0,0
Commune with Evil,Duskmourn: House of Horror,uncommon,Sorcery,3.0,0.08,11165.0,15,48.0,0,0,0
Eerie Interference,Wilds of Eldraine,uncommon,Instant,3.0,0.17,8554.0,14,48.0,0,0,0
Braid of Fire,Secret Lair Drop,rare,Enchantment,2.0,19.92,4040.0,8,48.0,0,0,1
Cathartic Parting,Duskmourn: House of Horror,uncommon,Sorcery,2.0,0.05,14364.0,15,48.0,0,0,0
"Anowon, the Ruin Sage",Commander 2017,rare,Creature,5.0,3.28,4853.0,8,48.0,0,0,1
Nazgûl,The Lord of the Rings: Tales of Middle-earth,uncommon,Creature,3.0,15.11,3015.0,10,48.0,0,0,0
Full Steam Ahead,Outlaws of Thunder Junction,uncommon,Sorcery,5.0,0.14,12194.0,14,48.0,0,0,0
Fear of Isolation,Duskmourn: House of Horror,uncommon,Creature,2.0,0.26,14602.0,15,48.0,0,0,0
Necrogen Mists,Mirrodin,rare,Enchantment,3.0,12.33,6273.0,8,48.0,0,0,0
Coordinated Clobbering,Duskmourn: House of Horror,uncommon,Sorcery,1.0,0.05,13135.0,15,48.0,0,0,0
Ornithopter of Paradise,Commander Masters,common,Creature,2.0,0.83,224.0,12,48.0,0,0,1
Grab the Prize,Duskmourn: House of Horror,common,Sorcery,2.0,0.41,1553.0,17,48.0,0,0,0
Psychic Possession,Dissension,rare,Enchantment,4.0,16.28,10747.0,8,48.0,0,0,0
Beacon of Immortality,Tenth Edition,rare,Instant,6.0,14.33,3023.0,8,48.0,0,0,1
Conductive Machete,Duskmourn: House of Horror,uncommon,Artifact,4.0,0.09,17941.0,15,48.0,0,0,0
"Kokusho, the Evening Star",Iconic Masters,rare,Creature,6.0,20.74,2284.0,8,48.0,0,0,1
Avatar of Woe,Commander Anthology Volume II,rare,Creature,8.0,4.12,5354.0,9,47.5,0,0,1
Alpha Deathclaw,Fallout,rare,Creature,6.0,5.03,4808.0,5,47.5,0,0,0
"Barrin, Master Wizard",Urza's Saga,rare,Creature,3.0,4.23,15719.0,7,47.5,1,0,0
Laboratory Maniac,Innistrad Remastered,uncommon,Creature,3.0,1.24,579.0,11,47.5,0,0,1
Karakas,Tales of Middle-earth Commander,mythic,Land,0.0,12.91,3732.5,3,47.5,0,0,1
Reality Shift,Secrets of Strixhaven Commander,uncommon,Instant,2.0,0.9,270.0,7,47.5,0,0,1
Infested Fleshcutter,Phyrexia: All Will Be One,uncommon,Artifact,2.0,0.14,9727.0,11,47.5,0,0,0
Agent Frank Horrigan,Fallout,rare,Creature,7.0,8.69,3235.0,5,47.5,0,0,0
Ali from Cairo,Arabian Nights,rare,Creature,4.0,400.32,24909.0,7,47.5,1,0,0
Savage Lands,Lorwyn Eclipsed Commander,uncommon,Land,0.0,0.34,619.0,7,47.5,0,0,1
Cephalopod Sentry,Phyrexia: All Will Be One,uncommon,Creature,4.0,0.08,12063.0,11,47.5,0,0,0
"Minas Morgul, Dark Fortress",Tales of Middle-earth Commander,rare,Land,0.0,17.42,2133.0,5,47.5,0,0,0
Exorcise,Duskmourn: House of Horror,uncommon,Sorcery,2.0,0.33,6267.0,15,47.0,0,0,0
Gold Pan,Outlaws of Thunder Junction,common,Artifact,2.0,0.15,10065.0,16,47.0,0,0,0
Defiant Survivor,Duskmourn: House of Horror,uncommon,Creature,3.0,0.05,16156.0,15,47.0,0,0,0
Carrot Cake,Bloomburrow,common,Artifact,2.0,0.19,7263.0,18,47.0,0,0,0
"Urza, Academy Headmaster",Unstable,mythic,Planeswalker,5.0,2.87,3732.5,0,47.0,0,0,0
Head of the Homestead,Bloomburrow,common,Creature,5.0,0.14,10582.0,17,47.0,0,0,0
Propaganda,Outlaws of Thunder Junction Commander,uncommon,Enchantment,3.0,3.34,121.0,8,47.0,0,0,1
Galewind Moose,Bloomburrow,uncommon,Creature,6.0,0.16,11562.0,15,47.0,0,0,0
Cheeky House-Mouse // Squeak By,Wilds of Eldraine,uncommon,Creature,1.0,0.28,10168.0,14,47.0,0,0,0
Blood Artist,Secrets of Strixhaven Commander,uncommon,Creature,2.0,2.44,144.0,8,47.0,0,0,1
Maze of Ith,Dominaria Remastered,rare,Land,0.0,8.48,517.0,6,47.0,0,0,1
Brightblade Stoat,Bloomburrow,uncommon,Creature,2.0,0.11,12615.0,15,47.0,0,0,0
Boon Reflection,Double Masters,rare,Enchantment,5.0,14.9,4685.0,8,47.0,0,0,1
"Higure, the Still Wind",Planechase 2012,rare,Creature,5.0,14.01,5366.0,8,47.0,0,0,1
Callous Sell-Sword // Burn Together,Wilds of Eldraine,uncommon,Creature,2.0,0.29,12702.0,14,47.0,0,0,0
Terra Eternal,Worldwake,rare,Enchantment,3.0,11.56,8771.0,8,47.0,0,0,0
Aang and Katara,Avatar: The Last Airbender Eternal,rare,Creature,6.0,6.77,10568.0,8,47.0,0,0,0
Frolicking Familiar // Blow Off Steam,Wilds of Eldraine,uncommon,Creature,3.0,0.3,7572.0,14,47.0,0,0,0
Bumbleflower's Sharepot,Bloomburrow,common,Artifact,2.0,0.09,8759.0,17,47.0,0,0,0
Cache Grab,Bloomburrow,common,Instant,2.0,0.21,5226.0,17,47.0,0,0,0
"Azami, Lady of Scrolls",Secret Lair Drop,rare,Creature,5.0,13.43,4050.0,8,47.0,0,0,1
Hearth Elemental // Stoke Genius,Wilds of Eldraine,uncommon,Creature,6.0,0.24,14358.0,14,47.0,0,0,0
Galvanic Giant // Storm Reading,Wilds of Eldraine,uncommon,Creature,4.0,0.23,11436.0,14,47.0,0,0,0
Crumb and Get It,Bloomburrow,common,Instant,1.0,0.15,6251.0,17,47.0,0,0,0
Compleated Huntmaster,March of the Machine,uncommon,Creature,3.0,0.1,10996.0,11,46.5,0,0,0
Infectious Inquiry,Phyrexia: All Will Be One,common,Sorcery,3.0,0.33,2397.0,13,46.5,0,0,0
Ancient Ziggurat,The List,uncommon,Land,0.0,4.79,2819.0,11,46.5,0,0,1
Charforger,Phyrexia: All Will Be One,uncommon,Creature,3.0,0.08,19410.0,11,46.5,0,0,0
Atalan Jackal,"Warhammer 40,000 Commander",rare,Creature,3.0,4.68,4746.0,5,46.5,0,0,0
Intangible Virtue,Innistrad Remastered,uncommon,Enchantment,2.0,0.37,631.0,11,46.5,0,0,1
Pongify,Tarkir: Dragonstorm Commander,uncommon,Instant,1.0,1.86,160.0,7,46.5,0,0,1
Artistic Refusal,March of the Machine,uncommon,Instant,6.0,0.18,7100.0,11,46.5,0,0,0
Muddle the Mixture,Ravnica Remastered,uncommon,Instant,2.0,1.87,651.0,9,46.5,0,0,1
Abundant Countryside,Lorwyn Eclipsed Commander,rare,Land,0.0,3.86,4522.0,5,46.5,0,0,0
Contagious Vorrac,Phyrexia: All Will Be One,common,Creature,3.0,0.19,12040.0,13,46.5,0,0,0
Annex Sentry,Phyrexia: All Will Be One,uncommon,Creature,3.0,0.27,8601.0,11,46.5,0,0,0
Atomize,Fallout,rare,Instant,4.0,14.52,1932.0,5,46.5,0,0,0
Ascendant Evincar,Planechase,rare,Creature,6.0,3.09,10899.0,9,46.5,0,0,1
Invasion of Ergamon // Truga Cliffcharger,March of the Machine,uncommon,Creature,2.0,0.18,11325.0,11,46.5,0,0,0
Auriok Champion,Iconic Masters,rare,Creature,2.0,10.71,3634.0,7,46.5,0,0,1
Sanctum of Eternity,Commander 2019,rare,Land,0.0,7.24,3560.0,5,46.5,0,0,0
Atraxa's Skitterfang,Phyrexia: All Will Be One,uncommon,Creature,3.0,0.22,10427.0,11,46.5,0,0,0
Exuberant Fuseling,Phyrexia: All Will Be One,uncommon,Creature,1.0,0.1,13496.0,11,46.5,0,0,0
Barbed Batterfist,Phyrexia: All Will Be One,common,Artifact,2.0,0.1,13557.0,13,46.5,0,0,0
Cacophony Scamp,Phyrexia: All Will Be One,uncommon,Creature,1.0,0.24,11479.0,11,46.5,0,0,0
Gift of Compleation,March of the Machine,uncommon,Enchantment,2.0,0.12,13621.0,11,46.5,0,0,0
Charge of the Mites,Phyrexia: All Will Be One,common,Instant,3.0,0.26,9273.0,13,46.5,0,0,0
Hexgold Hoverwings,Phyrexia: All Will Be One,uncommon,Artifact,4.0,0.26,11273.0,11,46.5,0,0,0
Invasion of Amonkhet // Lazotep Convert,March of the Machine,uncommon,Creature,3.0,0.3,7629.0,11,46.5,0,0,0
Flywheel Racer,March of the Machine,common,Artifact,2.0,0.1,9334.0,13,46.5,0,0,0
Urza's Workshop,The Brothers' War Commander,rare,Land,0.0,14.89,2413.0,5,46.5,0,0,0
Open the Armory,Commander Legends,uncommon,Sorcery,2.0,2.69,668.0,11,46.5,0,0,1
Hexgold Halberd,Phyrexia: All Will Be One,uncommon,Artifact,2.0,0.14,9120.0,11,46.5,0,0,0
Innocuous Rat,Duskmourn: House of Horror,common,Creature,2.0,0.05,11636.0,17,46.0,0,0,0
Crystal Grotto,Wilds of Eldraine,common,Land,0.0,0.37,2539.0,16,46.0,0,0,1
Infernal Phantom,Duskmourn: House of Horror,uncommon,Creature,4.0,0.08,21331.0,15,46.0,0,0,0
Boom Box,Outlaws of Thunder Junction,uncommon,Artifact,2.0,0.18,16139.0,14,46.0,0,0,0
Glimmerlight,Duskmourn: House of Horror,common,Artifact,2.0,0.06,14893.0,17,46.0,0,0,0
Fear of Abduction,Duskmourn: House of Horror,uncommon,Creature,6.0,0.06,17932.0,15,46.0,0,0,0
Gadwick's First Duel,Wilds of Eldraine,uncommon,Enchantment,2.0,0.18,18603.0,14,46.0,0,0,0
Greenhouse // Rickety Gazebo,Duskmourn: House of Horror,uncommon,Enchantment,7.0,0.13,6675.0,15,46.0,0,0,0
Candy Trail,Wilds of Eldraine,common,Artifact,1.0,1.01,6504.0,16,46.0,0,0,0
Soul Warden,Modern Masters 2017,common,Creature,1.0,3.33,511.0,14,46.0,0,0,1
Don't Make a Sound,Duskmourn: House of Horror,common,Instant,2.0,0.15,5926.0,17,46.0,0,0,0
Aloe Alchemist,Outlaws of Thunder Junction,uncommon,Creature,2.0,0.15,16050.0,14,46.0,0,0,0
Embereth Veteran,Wilds of Eldraine,uncommon,Creature,1.0,0.1,22457.0,15,46.0,0,0,0
Bottomless Pool // Locker Room,Duskmourn: House of Horror,uncommon,Enchantment,6.0,0.13,5956.0,15,46.0,0,0,0
Cunning Coyote,Outlaws of Thunder Junction,uncommon,Creature,2.0,0.11,17880.0,14,46.0,0,0,0
Hardbristle Bandit,Outlaws of Thunder Junction,common,Creature,2.0,0.07,7833.0,16,46.0,0,0,0
Battletide Alchemist,Morningtide,rare,Creature,5.0,4.04,15738.0,8,46.0,0,0,0
Agatha's Champion,Wilds of Eldraine,uncommon,Creature,5.0,0.1,22936.0,14,46.0,0,0,0
Wasteland,Secret Lair Countdown,rare,Land,0.0,15.89,1168.0,6,46.0,0,0,1
Defiled Crypt // Cadaver Lab,Duskmourn: House of Horror,uncommon,Enchantment,5.0,0.17,5711.0,15,46.0,0,0,0
Beastbond Outcaster,Outlaws of Thunder Junction,uncommon,Creature,3.0,0.16,16946.0,14,46.0,0,0,0
Carrion Feeder,Modern Horizons,uncommon,Creature,1.0,4.43,602.0,10,46.0,0,0,1
Frontier Seeker,Outlaws of Thunder Junction,uncommon,Creature,2.0,0.08,18537.0,14,46.0,0,0,0
Fear of the Dark,Duskmourn: House of Horror,common,Creature,5.0,0.06,12419.0,18,46.0,0,0,0
Gila Courser,Outlaws of Thunder Junction,uncommon,Creature,3.0,0.19,15234.0,14,46.0,0,0,0
Drover Grizzly,Outlaws of Thunder Junction,common,Creature,3.0,0.19,10160.0,17,46.0,0,0,0
Fountainport Bell,Bloomburrow,common,Artifact,1.0,0.16,5166.0,17,46.0,0,0,0
Disdainful Stroke,Wilds of Eldraine,uncommon,Instant,2.0,0.2,2557.0,17,46.0,0,0,1
Belligerent of the Ball,Wilds of Eldraine,uncommon,Creature,3.0,0.04,25194.0,15,46.0,0,0,0
Ephara's Dispersal,March of the Machine,common,Instant,3.0,0.16,10311.0,13,45.5,0,0,0
Angelic Intervention,March of the Machine,common,Instant,2.0,0.16,9367.0,13,45.5,0,0,0
Hangar Scrounger,March of the Machine,common,Creature,3.0,0.16,14498.0,13,45.5,0,0,0
Basilica Shepherd,Phyrexia: All Will Be One,common,Creature,5.0,0.15,10112.0,13,45.5,0,0,0
Change the Equation,March of the Machine,uncommon,Instant,2.0,0.17,13648.0,11,45.5,0,0,0
Dune Mover,Phyrexia: All Will Be One,common,Creature,2.0,0.2,9898.0,13,45.5,0,0,0
Axgard Artisan,March of the Machine,uncommon,Creature,2.0,0.35,13117.0,11,45.5,0,0,0
Arcades Sabboth,Legends,rare,Creature,8.0,42.62,22653.0,9,45.5,0,0,0
Acid Rain,Legends,rare,Sorcery,4.0,93.65,20965.0,7,45.5,1,0,0
Aether Vial,Double Masters 2022,rare,Artifact,1.0,4.03,5810.0,7,45.5,0,0,1
Chittering Skitterling,Phyrexia: All Will Be One,uncommon,Creature,3.0,0.07,13723.0,11,45.5,0,0,0
Astral Wingspan,March of the Machine,uncommon,Enchantment,5.0,0.07,14023.0,11,45.5,0,0,0
Anger,Judgment,uncommon,Creature,4.0,3.38,364.0,7,45.5,0,0,0
Apocalypse,Tempest,rare,Sorcery,5.0,7.81,17187.0,7,45.5,1,0,0
Cut Short,March of the Machine,common,Instant,3.0,0.05,12625.0,13,45.5,0,0,0
Dross Skullbomb,Phyrexia: All Will Be One,common,Artifact,1.0,0.06,11772.0,13,45.5,0,0,0
Dramatic Reversal,Game Night 2019,common,Instant,2.0,4.11,628.0,13,45.5,0,0,1
Sakura-Tribe Elder,Secrets of Strixhaven Commander,common,Creature,2.0,1.0,107.0,9,45.5,0,0,1
Crawling Chorus,Phyrexia: All Will Be One,common,Creature,1.0,0.24,6069.0,13,45.5,0,0,0
Gloomfang Mauler,March of the Machine,common,Creature,7.0,0.21,14757.0,13,45.5,0,0,0
Basilica Skullbomb,Phyrexia: All Will Be One,common,Artifact,1.0,0.11,14230.0,13,45.5,0,0,0
Agent's Toolkit,New Capenna Commander,rare,Artifact,3.0,5.74,8071.0,5,45.5,0,0,0
"Andúril, Narsil Reforged",Tales of Middle-earth Commander,rare,Artifact,2.0,13.85,2540.0,5,45.5,0,0,0
Ancient Stirrings,Secret Lair Promo,rare,Sorcery,1.0,8.1,8068.0,9,45.5,0,0,1
Indoctrination Attendant,Phyrexia: All Will Be One,common,Creature,4.0,0.24,12784.0,13,45.5,0,0,0
Aura Shards,Commander 2011,uncommon,Enchantment,3.0,27.2,996.0,7,45.5,0,1,1
Against All Odds,Phyrexia: All Will Be One,uncommon,Sorcery,4.0,0.23,9376.0,11,45.5,0,0,0
Flensing Raptor,Phyrexia: All Will Be One,common,Creature,3.0,0.16,11628.0,13,45.5,0,0,0
Adaptive Sporesinger,Phyrexia: All Will Be One,common,Creature,3.0,0.15,10554.0,13,45.5,0,0,0
Dispatch,Edge of Eternities Commander,uncommon,Instant,1.0,0.4,488.0,7,45.5,0,0,1
Viscera Seer,Secrets of Strixhaven Commander,common,Creature,1.0,1.95,256.0,9,45.5,0,0,1
Distant Melody,Lorwyn Eclipsed Commander,common,Sorcery,4.0,0.38,620.0,13,45.5,0,0,1
Baleful Strix,Commander 2013,uncommon,Creature,2.0,4.38,353.0,9,45.5,0,0,1
Avacyn's Pilgrim,Midnight Hunt Commander,common,Creature,1.0,0.67,507.0,13,45.5,0,0,1
Furnace Reins,March of the Machine,uncommon,Sorcery,3.0,0.28,6155.0,11,45.5,0,0,0
Auton Soldier,Doctor Who,rare,Creature,6.0,10.65,2016.0,5,45.5,0,0,0
Alabaster Host Intercessor,March of the Machine,common,Creature,6.0,0.07,14185.0,13,45.5,0,0,0
Elvish Vatkeeper,March of the Machine,uncommon,Creature,3.0,0.17,16222.0,11,45.5,0,0,0
Bakersbane Duo,Bloomburrow,common,Creature,2.0,0.06,9462.0,17,45.0,0,0,0
Changeling Outcast,Outlaws of Thunder Junction Commander,common,Creature,1.0,1.24,617.0,12,45.0,0,0,1
Charging Hooligan,Wilds of Eldraine,uncommon,Creature,4.0,0.07,25752.0,14,45.0,0,0,0
Feed the Cauldron,Wilds of Eldraine,common,Instant,3.0,0.06,13355.0,16,45.0,0,0,0
Alania's Pathmaker,Bloomburrow,common,Creature,4.0,0.06,11730.0,17,45.0,0,0,0
Ice Out,Wilds of Eldraine,common,Instant,3.0,0.19,7201.0,16,45.0,0,0,0
Ayesha Tanaka,Legends,rare,Creature,4.0,14.34,25088.0,8,45.0,0,0,0
Forest,Wilds of Eldraine,common,Land,0.0,0.14,3732.5,20,45.0,0,0,1
Desperate Bloodseeker,Outlaws of Thunder Junction,common,Creature,2.0,0.14,13767.0,17,45.0,0,0,0
Emergent Haunting,Outlaws of Thunder Junction,uncommon,Enchantment,2.0,0.14,24420.0,14,45.0,0,0,0
High Fae Negotiator,Wilds of Eldraine,uncommon,Creature,5.0,0.15,17234.0,14,45.0,0,0,0
Gallant Pie-Wielder,Wilds of Eldraine,uncommon,Creature,3.0,0.12,23672.0,14,45.0,0,0,0
Explosive Derailment,Outlaws of Thunder Junction,common,Instant,1.0,0.12,10938.0,16,45.0,0,0,0
Elspeth's Smite,March of the Machine,uncommon,Instant,1.0,0.31,15594.0,15,45.0,0,0,0
Apprentice Wizard,The Dark,rare,Creature,3.0,6.12,10042.0,10,45.0,0,0,0
Boundary Lands Ranger,Wilds of Eldraine,uncommon,Creature,2.0,0.11,16686.0,15,45.0,0,0,0
Gnawing Crescendo,Wilds of Eldraine,common,Instant,3.0,0.27,11504.0,16,45.0,0,0,0
Dashing Bloodsucker,Duskmourn: House of Horror,uncommon,Creature,4.0,0.1,21526.0,15,45.0,0,0,0
Flesh Burrower,Duskmourn: House of Horror,common,Creature,2.0,0.1,9636.0,17,45.0,0,0,0
Become Brutes,Wilds of Eldraine,uncommon,Sorcery,2.0,0.12,18050.0,14,45.0,0,0,0
Fake Your Own Death,Outlaws of Thunder Junction,common,Instant,2.0,0.11,1539.0,17,45.0,0,0,1
Attack-in-the-Box,Duskmourn: House of Horror,uncommon,Creature,3.0,0.09,17936.0,15,45.0,0,0,0
Balemurk Leech,Duskmourn: House of Horror,common,Creature,2.0,0.09,7842.0,17,45.0,0,0,0
Break the Spell,Wilds of Eldraine,common,Instant,1.0,0.15,14066.0,16,45.0,0,0,0
Clockwork Percussionist,Duskmourn: House of Horror,common,Creature,1.0,0.25,8997.0,17,45.0,0,0,0
Holy Cow,Outlaws of Thunder Junction,common,Creature,3.0,0.23,8797.0,17,45.0,0,0,0
Dance of the Tumbleweeds,Outlaws of Thunder Junction,common,Sorcery,2.0,0.24,5947.0,16,45.0,0,0,0
Hellspur Brute,Outlaws of Thunder Junction,uncommon,Creature,5.0,0.16,15456.0,14,45.0,0,0,0
Elemental Bond,Tarkir: Dragonstorm Commander,uncommon,Enchantment,3.0,3.88,565.0,10,45.0,0,0,1
Gingerbrute,Wilds of Eldraine,common,Creature,1.0,0.35,1575.0,16,45.0,0,0,1
Daggermaw Megalodon,Duskmourn: House of Horror,common,Creature,6.0,0.05,13469.0,17,45.0,0,0,0
Fanatic of the Harrowing,Duskmourn: House of Horror,common,Creature,4.0,0.04,14183.0,17,45.0,0,0,0
Fear of Surveillance,Duskmourn: House of Horror,common,Creature,2.0,0.05,13515.0,17,45.0,0,0,0
Conduct Electricity,Bloomburrow,common,Instant,5.0,0.03,14726.0,17,45.0,0,0,0
Cursed Courtier,Wilds of Eldraine,uncommon,Creature,3.0,0.06,24116.0,14,45.0,0,0,0
Hardened Escort,Duskmourn: House of Horror,common,Creature,3.0,0.05,14934.0,18,45.0,0,0,0
Bonebind Orator,Bloomburrow,common,Creature,2.0,0.04,11585.0,17,45.0,0,0,0
Driftgloom Coyote,Bloomburrow,uncommon,Creature,5.0,0.06,20226.0,15,45.0,0,0,0
Daggerfang Duo,Bloomburrow,common,Creature,3.0,0.06,9732.0,17,45.0,0,0,0
Betrayer's Bargain,Duskmourn: House of Horror,uncommon,Instant,2.0,0.06,17452.0,15,45.0,0,0,0
Appendage Amalgam,Duskmourn: House of Horror,common,Creature,3.0,0.04,13620.0,18,45.0,0,0,0
Fear of Falling,Duskmourn: House of Horror,uncommon,Creature,5.0,0.06,18496.0,15,45.0,0,0,0
Fear of Exposure,Duskmourn: House of Horror,uncommon,Creature,3.0,0.03,16657.0,15,45.0,0,0,0
Adarkar Valkyrie,The List,rare,Creature,6.0,7.91,7777.0,8,45.0,0,0,1
Blighted Burgeoning,March of the Machine,common,Enchantment,3.0,0.08,12036.0,14,45.0,0,0,0
Dream Spoilers,Wilds of Eldraine,uncommon,Creature,4.0,0.09,18103.0,14,45.0,0,0,0
Downwind Ambusher,Bloomburrow,uncommon,Creature,4.0,0.09,19638.0,15,45.0,0,0,0
Frantic Firebolt,Wilds of Eldraine,common,Instant,3.0,0.07,12430.0,16,45.0,0,0,0
Cactarantula,Outlaws of Thunder Junction,common,Creature,6.0,0.08,14744.0,17,45.0,0,0,0
Diversion Specialist,Duskmourn: House of Horror,uncommon,Creature,4.0,0.07,22376.0,15,45.0,0,0,0
Chocobo Camp,Final Fantasy Commander,rare,Land,0.0,8.98,14376.0,5,44.5,0,0,0
Soul Spike,Coldsnap,rare,Instant,7.0,15.78,25169.0,7,44.5,0,0,0
Carnivorous Canopy,Phyrexia: All Will Be One,common,Sorcery,3.0,0.12,5928.0,13,44.5,0,0,0
Axelrod Gunnarson,Legends,rare,Creature,8.0,13.26,28127.0,9,44.5,0,0,0
Distorted Curiosity,Phyrexia: All Will Be One,uncommon,Sorcery,3.0,0.17,10848.0,11,44.5,0,0,0
Feed the Infection,Phyrexia: All Will Be One,uncommon,Sorcery,4.0,0.14,9763.0,11,44.5,0,0,0
Homeward Path,Secret Lair Drop,rare,Land,0.0,13.32,1139.0,5,44.5,0,0,1
Cinderslash Ravager,Phyrexia: All Will Be One,uncommon,Creature,6.0,0.07,22871.0,11,44.5,0,0,0
Bring the Ending,Phyrexia: All Will Be One,common,Instant,2.0,0.06,9922.0,13,44.5,0,0,0
Artifact Mutation,Commander 2020,rare,Instant,2.0,3.32,2303.0,7,44.5,0,0,1
Alchemist's Talent,Bloomburrow Commander,rare,Enchantment,4.0,3.05,2481.0,5,44.5,0,0,0
Deadly Derision,March of the Machine,common,Instant,4.0,0.15,12246.0,13,44.5,0,0,0
Attentive Skywarden,March of the Machine,common,Creature,3.0,0.05,13077.0,13,44.5,0,0,0
Duelist of Deep Faith,Phyrexia: All Will Be One,common,Creature,2.0,0.05,13629.0,13,44.5,0,0,0
Gulping Scraptrap,Phyrexia: All Will Be One,common,Creature,5.0,0.19,9972.0,13,44.5,0,0,0
"Baldin, Century Herdmaster",Secret Lair Drop,rare,Creature,6.0,5.68,3971.0,5,44.5,0,0,0
Mortuary Mire,Commander Legends: Battle for Baldur's Gate,common,Land,0.0,0.38,633.0,9,44.5,0,0,1
Cosmic Hunger,March of the Machine,common,Instant,2.0,0.3,5287.0,13,44.5,0,0,0
Anoint with Affliction,Phyrexia: All Will Be One,common,Instant,2.0,0.26,11029.0,13,44.5,0,0,0
Aboleth Spawn,Commander Legends: Battle for Baldur's Gate,rare,Creature,3.0,9.91,3714.0,5,44.5,0,0,0
Angelic Chorus,Battlebond,rare,Enchantment,5.0,8.8,6049.0,9,44.5,0,0,1
Churning Reservoir,Phyrexia: All Will Be One,uncommon,Artifact,1.0,0.11,18848.0,11,44.5,0,0,0
Fertilid's Favor,March of the Machine,common,Instant,4.0,0.12,12453.0,13,44.5,0,0,0
Ancient Cellarspawn,Duskmourn: House of Horror Commander,rare,Creature,3.0,6.48,2600.0,5,44.5,0,0,0
Copper Host Crusher,March of the Machine,uncommon,Creature,8.0,0.12,11040.0,11,44.5,0,0,0
Sickening Shoal,Betrayers of Kamigawa,rare,Instant,2.0,14.87,18477.0,7,44.5,0,0,0
Artificer Class,Commander Legends: Battle for Baldur's Gate,rare,Enchantment,2.0,14.88,3930.0,5,44.5,0,0,0
Bladegraft Aspirant,Phyrexia: All Will Be One,common,Creature,3.0,0.26,7318.0,13,44.5,0,0,0
Gleeful Demolition,Phyrexia: All Will Be One,uncommon,Sorcery,1.0,0.25,7491.0,11,44.5,0,0,0
Astral Dragon,Commander Legends: Battle for Baldur's Gate,rare,Creature,8.0,18.59,2429.0,5,44.5,0,0,0
Copper Longlegs,Phyrexia: All Will Be One,common,Creature,2.0,0.18,10632.0,13,44.5,0,0,0
Aspirant's Ascent,Phyrexia: All Will Be One,common,Instant,1.0,0.17,13521.0,13,44.5,0,0,0
Gitaxian Anatomist,Phyrexia: All Will Be One,common,Creature,4.0,0.21,14596.0,13,44.5,0,0,0
Arcane Heist,Outlaws of Thunder Junction Commander,rare,Sorcery,4.0,4.53,4770.0,5,44.5,0,0,0
Ainok Strike Leader,Tarkir: Dragonstorm Commander,rare,Creature,2.0,4.36,2575.0,5,44.5,0,0,0
Akki Battle Squad,Neon Dynasty Commander,rare,Creature,6.0,5.5,3673.0,5,44.5,0,0,0
All That Glitters,Commander Masters,common,Enchantment,2.0,0.49,601.0,12,44.0,0,0,1
Brave-Kin Duo,Bloomburrow,common,Creature,1.0,0.13,10689.0,18,44.0,0,0,0
Freeze in Place,Wilds of Eldraine,common,Sorcery,2.0,0.06,8231.0,16,44.0,0,0,0
Harried Spearguard,Wilds of Eldraine,common,Creature,1.0,0.06,13586.0,16,44.0,0,0,0
Binding Negotiation,Outlaws of Thunder Junction,uncommon,Sorcery,2.0,0.17,17356.0,14,44.0,0,0,0
Geyser Drake,Outlaws of Thunder Junction,common,Creature,3.0,0.1,7914.0,16,44.0,0,0,0
"Appa, the Vigilant",Avatar: The Last Airbender Eternal,rare,Creature,7.0,7.54,9821.0,8,44.0,0,0,0
Acquire,IDW Comics Inserts,rare,Sorcery,5.0,10.15,9794.0,8,44.0,0,0,1
High Stride,Bloomburrow,common,Instant,1.0,0.12,11874.0,17,44.0,0,0,0
Final Vengeance,Duskmourn: House of Horror,common,Sorcery,1.0,0.16,5502.0,17,44.0,0,0,0
Fact or Fiction,Commander Masters,uncommon,Instant,4.0,0.28,641.0,8,44.0,0,0,1
Deadeye Duelist,Outlaws of Thunder Junction,common,Creature,2.0,0.13,14991.0,17,44.0,0,0,0
Glimmerburst,Duskmourn: House of Horror,common,Instant,4.0,0.06,9760.0,18,44.0,0,0,0
Early Winter,Bloomburrow,common,Instant,5.0,0.07,14638.0,17,44.0,0,0,0
Beacon of Tomorrows,Secret Lair Drop,rare,Sorcery,8.0,6.02,5909.0,8,44.0,0,0,1
Artificial Evolution,Onslaught,rare,Instant,1.0,4.66,11972.0,8,44.0,0,0,0
Horrid Vigor,Duskmourn: House of Horror,common,Instant,2.0,0.24,5687.0,17,44.0,0,0,0
Graceful Takedown,Wilds of Eldraine,uncommon,Sorcery,2.0,0.09,22527.0,15,44.0,0,0,0
Hopeless Nightmare,Wilds of Eldraine,common,Enchantment,1.0,0.35,5799.0,14,44.0,0,0,0
Howling Galefang,Wilds of Eldraine,uncommon,Creature,4.0,0.07,24229.0,14,44.0,0,0,0
Cracked Skull,Duskmourn: House of Horror,common,Enchantment,3.0,0.07,13759.0,18,44.0,0,0,0
Dutiful Griffin,Wilds of Eldraine,uncommon,Creature,5.0,0.08,25882.0,14,44.0,0,0,0
Bellowing Crier,Bloomburrow,common,Creature,2.0,0.08,8597.0,17,44.0,0,0,0
Betrayal at the Vault,Outlaws of Thunder Junction,uncommon,Instant,6.0,0.08,17419.0,14,44.0,0,0,0
Glidedive Duo,Bloomburrow,common,Creature,5.0,0.08,10962.0,17,44.0,0,0,0
Fear of Lost Teeth,Duskmourn: House of Horror,common,Creature,1.0,0.07,10615.0,18,44.0,0,0,0
Agate-Blade Assassin,Bloomburrow,common,Creature,2.0,0.07,8604.0,17,44.0,0,0,0
Druid of the Spade,Bloomburrow,common,Creature,3.0,0.08,13524.0,17,44.0,0,0,0
Bespoke Battlegarb,Wilds of Eldraine,common,Artifact,2.0,0.03,19815.0,17,44.0,0,0,0
Agate Assault,Bloomburrow,common,Sorcery,3.0,0.05,9441.0,17,44.0,0,0,0
Harrier Strix,Outlaws of Thunder Junction,common,Creature,1.0,0.19,7300.0,16,44.0,0,0,0
Ego Drain,Wilds of Eldraine,uncommon,Sorcery,1.0,0.2,17120.0,14,44.0,0,0,0
Clammy Prowler,Duskmourn: House of Horror,common,Creature,4.0,0.05,11532.0,17,44.0,0,0,0
Frilled Sparkshooter,Bloomburrow,common,Creature,4.0,0.04,13186.0,17,44.0,0,0,0
Dreg Recycler,March of the Machine,common,Creature,2.0,0.06,14758.0,14,44.0,0,0,0
Give In to Violence,Duskmourn: House of Horror,common,Instant,2.0,0.06,13707.0,17,44.0,0,0,0
Duskmourn's Domination,Duskmourn: House of Horror,uncommon,Enchantment,6.0,0.03,22440.0,15,44.0,0,0,0
"Chandra, Legacy of Fire",Commander Masters,rare,Planeswalker,5.0,2.55,6710.0,5,43.5,0,0,0
Arbor Adherent,Tarkir: Dragonstorm Commander,rare,Creature,4.0,3.7,3460.0,5,43.5,0,0,0
Arachnoid Adaptation,March of the Machine,common,Instant,1.0,0.04,12032.0,13,43.5,0,0,0
Archmage of Echoes,Wilds of Eldraine Commander,rare,Creature,5.0,18.77,3980.0,5,43.5,0,0,0
Branchblight Stalker,Phyrexia: All Will Be One,common,Creature,2.0,0.28,12743.0,13,43.5,0,0,0
Ichorspit Basilisk,Phyrexia: All Will Be One,common,Creature,3.0,0.26,7925.0,13,43.5,0,0,0
Annihilating Glare,Phyrexia: All Will Be One,common,Sorcery,1.0,0.25,7218.0,13,43.5,0,0,0
"Amzu, Swarm's Hunger",Ravnica: Clue Edition,rare,Creature,5.0,17.2,7518.0,5,43.5,0,0,0
Akki Scrapchomper,March of the Machine,common,Creature,1.0,0.1,13750.0,13,43.5,0,0,0
Hazardous Blast,Phyrexia: All Will Be One,common,Sorcery,4.0,0.99,9600.0,13,43.5,0,0,0
Invasion of Dominaria // Serra Faithkeeper,March of the Machine,uncommon,Creature,3.0,0.1,13869.0,11,43.5,0,0,0
Heartfire Hero,Bloomburrow,uncommon,Creature,1.0,0.31,7898.0,9,43.5,0,0,0
Crystal Carapace,March of the Machine,common,Enchantment,4.0,0.11,13913.0,13,43.5,0,0,0
"Teyo, Geometric Tactician",Commander Masters,rare,Planeswalker,3.0,8.87,5083.0,5,43.5,0,0,0
Arcane Denial,Outlaws of Thunder Junction Commander,common,Instant,2.0,4.13,56.0,9,43.5,0,0,1
Archetype of Aggression,Born of the Gods,uncommon,Creature,3.0,4.32,2848.0,7,43.5,0,0,0
Bane of Bala Ged,Commander Masters,uncommon,Creature,7.0,3.21,3034.0,11,43.5,0,0,1
Access Denied,Neon Dynasty Commander,rare,Instant,5.0,3.16,3483.0,5,43.5,0,0,0
"Arwen, Weaver of Hope",Tales of Middle-earth Commander,rare,Creature,3.0,3.56,1829.0,5,43.5,0,0,0
"Vronos, Masked Inquisitor",Commander Masters,rare,Planeswalker,5.0,3.58,6725.0,5,43.5,0,0,0
Etherium Sculptor,Edge of Eternities Commander,common,Creature,2.0,0.74,430.0,9,43.5,0,0,1
Beanstalk Wurm // Plant Beans,Wilds of Eldraine,common,Creature,5.0,0.21,6431.0,16,43.0,0,0,0
Calamitous Tide,Bloomburrow,uncommon,Sorcery,6.0,0.07,15086.0,15,43.0,0,0,0
Grabby Giant // That's Mine,Wilds of Eldraine,common,Creature,4.0,0.21,11903.0,16,43.0,0,0,0
Ferocious Werefox // Guard Change,Wilds of Eldraine,common,Creature,4.0,0.16,14559.0,16,43.0,0,0,0
Duress,Phyrexia: All Will Be One,common,Sorcery,1.0,0.24,3217.0,19,43.0,0,0,1
Imodane's Recruiter // Train Troops,Wilds of Eldraine,uncommon,Creature,3.0,0.18,17027.0,15,43.0,0,0,0
Frantic Strength,Duskmourn: House of Horror,common,Enchantment,3.0,0.08,10095.0,17,43.0,0,0,0
Eye of Ugin,Modern Masters 2015,rare,Land,0.0,52.75,2764.0,6,43.0,0,0,1
Found Footage,Duskmourn: House of Horror,common,Artifact,1.0,0.02,18015.0,17,43.0,0,0,0
Gingerbread Hunter // Puny Snack,Wilds of Eldraine,uncommon,Creature,5.0,0.19,20864.0,14,43.0,0,0,0
Tolarian Academy,Urza's Saga,rare,Land,0.0,169.98,3732.5,0,43.0,1,0,0
Beluna's Gatekeeper // Entry Denied,Wilds of Eldraine,common,Creature,6.0,0.09,14861.0,16,43.0,0,0,0
Banishing Light,Bloomburrow,common,Enchantment,3.0,0.11,2332.0,17,43.0,0,0,1
Azure Drake,Legends,uncommon,Creature,4.0,7.06,28034.0,16,43.0,0,0,0
Aquatic Alchemist // Bubble Up,Wilds of Eldraine,common,Creature,2.0,0.08,13920.0,16,43.0,0,0,0
Friendly Teddy,Duskmourn: House of Horror,common,Creature,2.0,0.26,10138.0,17,43.0,0,0,0
Intrepid Trufflesnout // Go Hog Wild,Wilds of Eldraine,uncommon,Creature,2.0,0.25,17705.0,14,43.0,0,0,0
Fell Horseman // Deathly Ride,Wilds of Eldraine,common,Creature,4.0,0.14,14642.0,16,43.0,0,0,0
Cooped Up,Wilds of Eldraine,common,Enchantment,2.0,0.06,12469.0,16,43.0,0,0,0
Diminisher Witch,Wilds of Eldraine,common,Creature,3.0,0.04,25205.0,17,43.0,0,0,0
Emerge from the Cocoon,Duskmourn: House of Horror,common,Sorcery,5.0,0.04,11752.0,17,43.0,0,0,0
Fear of Being Hunted,Duskmourn: House of Horror,uncommon,Creature,3.0,0.05,16140.0,15,43.0,0,0,0
Wood Elves,March of the Machine Commander,common,Creature,3.0,0.62,636.0,10,43.0,0,0,1
Ankle Biter,Outlaws of Thunder Junction,common,Creature,1.0,0.32,6159.0,17,43.0,0,0,0
Back in Town,Outlaws of Thunder Junction Commander,rare,Sorcery,3.0,3.5,4046.0,5,42.5,0,0,0
Furnace Gremlin,March of the Machine,uncommon,Creature,2.0,0.06,24601.0,11,42.5,0,0,0
Cragsmasher Yeti,March of the Machine,common,Creature,6.0,0.12,20869.0,13,42.5,0,0,0
Incubation Sac,Phyrexia: All Will Be One,uncommon,Artifact,1.0,0.14,19251.0,11,42.5,0,0,0
Injector Crocodile,March of the Machine,common,Creature,6.0,0.14,17060.0,13,42.5,0,0,0
Captive Weird // Compleated Conjurer,March of the Machine,uncommon,Creature,1.0,0.13,25312.0,11,42.5,0,0,0
Atraxa's Fall,March of the Machine,common,Sorcery,2.0,0.27,8973.0,13,42.5,0,0,0
Balthor the Defiled,Judgment,rare,Creature,4.0,12.17,8907.0,7,42.5,0,0,0
Corruption of Towashi,March of the Machine,uncommon,Enchantment,5.0,0.08,18146.0,11,42.5,0,0,0
Bladed Battle-Fan,March of the Machine,common,Artifact,2.0,0.08,15247.0,13,42.5,0,0,0
Evolving Adaptive,Phyrexia: All Will Be One,uncommon,Creature,1.0,0.17,15917.0,11,42.5,0,0,0
Declaration of Naught,Morningtide,rare,Enchantment,2.0,17.96,18467.0,7,42.5,0,0,0
Font of Progress,Phyrexia: All Will Be One,uncommon,Artifact,1.0,0.08,20947.0,11,42.5,0,0,0
Herbology Instructor // Malady Invoker,March of the Machine,uncommon,Creature,2.0,0.07,25163.0,11,42.5,0,0,0
Eye of Malcator,Phyrexia: All Will Be One,common,Artifact,3.0,0.07,22479.0,13,42.5,0,0,0
Invasion of Azgol // Ashen Reaper,March of the Machine,uncommon,Creature,2.0,0.2,16880.0,11,42.5,0,0,0
Goldwarden's Helm,Phyrexia: All Will Be One,common,Artifact,3.0,0.15,17692.0,13,42.5,0,0,0
Harried Artisan // Phyrexian Skyflayer,March of the Machine,uncommon,Creature,3.0,0.02,27458.0,11,42.5,0,0,0
Bane of Progress,Commander Anthology,rare,Creature,6.0,3.72,1233.0,5,42.5,0,0,1
Apex Altisaur,The Lost Caverns of Ixalan Commander,rare,Creature,9.0,5.35,1479.0,5,42.5,0,0,1
Gnottvold Hermit // Chrome Host Hulk,March of the Machine,uncommon,Creature,4.0,0.03,27979.0,11,42.5,0,0,0
Quillspike,Eventide,uncommon,Creature,3.0,12.51,13126.0,7,42.5,0,0,0
Aurification,Onslaught,rare,Enchantment,4.0,6.71,13777.0,7,42.5,0,0,0
Blightreaper Thallid // Blightsower Thallid,March of the Machine,uncommon,Creature,2.0,0.09,20218.0,11,42.5,0,0,0
Bonded Herdbeast // Plated Kilnbeast,March of the Machine,common,Creature,5.0,0.05,24988.0,14,42.0,0,0,0
Fear of Immobility,Duskmourn: House of Horror,common,Creature,5.0,0.05,16672.0,18,42.0,0,0,0
Hand That Feeds,Duskmourn: House of Horror,common,Creature,2.0,0.03,22696.0,17,42.0,0,0,0
Grand Entryway // Elegant Rotunda,Duskmourn: House of Horror,common,Enchantment,5.0,0.07,10127.0,18,42.0,0,0,0
Curse of the Werefox,Wilds of Eldraine,common,Sorcery,3.0,0.04,15755.0,16,42.0,0,0,0
Finch Formation,Bloomburrow,common,Creature,3.0,0.06,18065.0,17,42.0,0,0,0
Glassworks // Shattered Yard,Duskmourn: House of Horror,common,Enchantment,8.0,0.06,8828.0,17,42.0,0,0,0
Aetherblade Agent // Gitaxian Mindstinger,March of the Machine,common,Creature,2.0,0.04,19071.0,14,42.0,0,0,0
Cut In,Wilds of Eldraine,common,Sorcery,4.0,0.05,24054.0,17,42.0,0,0,0
Bola Slinger,March of the Machine,common,Creature,4.0,0.07,20125.0,14,42.0,0,0,0
Giant Beaver,Outlaws of Thunder Junction,common,Creature,4.0,0.08,17196.0,17,42.0,0,0,0
Derelict Attic // Widow's Walk,Duskmourn: House of Horror,common,Enchantment,7.0,0.07,7985.0,17,42.0,0,0,0
Armored Armadillo,Outlaws of Thunder Junction,common,Creature,1.0,0.22,15047.0,16,42.0,0,0,0
Aladdin's Lamp,Arabian Nights,rare,Artifact,10.0,57.9,22213.0,8,42.0,0,0,0
Mana Geyser,Secrets of Strixhaven Commander,common,Sorcery,5.0,2.7,336.0,8,42.0,0,0,1
Blacksnag Buzzard,Outlaws of Thunder Junction,common,Creature,3.0,0.05,23017.0,17,42.0,0,0,0
Bashful Beastie,Duskmourn: House of Horror,common,Creature,5.0,0.04,21134.0,18,42.0,0,0,0
Charmed Clothier,Wilds of Eldraine,common,Creature,5.0,0.04,23049.0,16,42.0,0,0,0
Freestrider Commando,Outlaws of Thunder Junction,common,Creature,3.0,0.02,19550.0,17,42.0,0,0,0
Consuming Ashes,Outlaws of Thunder Junction,common,Instant,4.0,0.16,16503.0,17,42.0,0,0,0
Candy Grapple,Wilds of Eldraine,common,Instant,2.0,0.19,15083.0,16,42.0,0,0,0
Bridled Bighorn,Outlaws of Thunder Junction,common,Creature,4.0,0.07,16894.0,17,42.0,0,0,0
Giant Growth,Bloomburrow,common,Instant,1.0,0.14,3733.0,20,42.0,0,0,1
Chomping Kavu,March of the Machine,common,Creature,4.0,0.08,22840.0,14,42.0,0,0,0
Flitting Guerrilla,March of the Machine,common,Creature,3.0,0.08,18986.0,14,42.0,0,0,0
Archon's Glory,Wilds of Eldraine,common,Instant,1.0,0.11,17929.0,16,42.0,0,0,0
Etched Host Doombringer,March of the Machine,common,Creature,5.0,0.09,22997.0,14,42.0,0,0,0
Impossible Inferno,Duskmourn: House of Horror,common,Instant,5.0,0.04,19396.0,17,42.0,0,0,0
Eriette's Lullaby,Outlaws of Thunder Junction,common,Sorcery,2.0,0.13,12221.0,16,42.0,0,0,0
Halo-Charged Skaab,March of the Machine,common,Creature,5.0,0.09,20015.0,14,42.0,0,0,0
Bearscape,Odyssey,rare,Enchantment,3.0,4.9,10900.0,8,42.0,0,0,0
Boneyard Desecrator,Outlaws of Thunder Junction,common,Creature,4.0,0.11,15057.0,17,42.0,0,0,0
Bedhead Beastie,Duskmourn: House of Horror,common,Creature,6.0,0.06,16386.0,18,42.0,0,0,0
Enduring Bondwarden,March of the Machine,common,Creature,1.0,0.07,17030.0,13,41.5,0,0,0
"Freyalise, Llanowar's Fury",Commander Masters,rare,Planeswalker,5.0,3.74,2618.0,5,41.5,0,0,1
Aura Thief,Urza's Destiny,rare,Creature,4.0,16.31,10521.0,7,41.5,0,0,0
Furnace Skullbomb,Phyrexia: All Will Be One,common,Artifact,1.0,0.13,16185.0,13,41.5,0,0,0
Akron Legionnaire,Legends,rare,Creature,8.0,12.53,27513.0,9,41.5,0,0,0
Burning Sun's Fury,March of the Machine,common,Instant,2.0,0.05,19456.0,13,41.5,0,0,0
Anurid Brushhopper,Judgment,rare,Creature,3.0,3.63,29695.0,7,41.5,0,0,0
Battlemage's Bracers,Commander 2021,rare,Artifact,3.0,3.91,5119.0,5,41.5,0,0,0
Furnace Punisher,Phyrexia: All Will Be One,uncommon,Creature,3.0,0.08,20131.0,11,41.5,0,0,0
Fearless Skald,March of the Machine,uncommon,Creature,5.0,0.09,20034.0,11,41.5,0,0,0
Aerial Boost,March of the Machine,common,Instant,2.0,0.1,19851.0,13,41.5,0,0,0
Bladed Ambassador,Phyrexia: All Will Be One,uncommon,Creature,2.0,0.1,20138.0,11,41.5,0,0,0
Ichorplate Golem,Phyrexia: All Will Be One,uncommon,Creature,3.0,0.12,18889.0,11,41.5,0,0,0
Astrid Peth,Doctor Who,rare,Creature,2.0,5.72,5320.0,5,41.5,0,0,0
Ophidian Eye,Time Spiral,common,Enchantment,3.0,12.51,1758.0,9,41.5,0,0,0
Forgehammer Centurion,Phyrexia: All Will Be One,common,Creature,3.0,0.09,21301.0,13,41.5,0,0,0
Animate Dead,Secrets of Strixhaven Commander,uncommon,Enchantment,2.0,9.74,229.0,7,41.5,0,0,1
Ichor Drinker,March of the Machine,common,Creature,1.0,0.12,15005.0,13,41.5,0,0,0
Ankh of Mishra,Classic Sixth Edition,rare,Artifact,2.0,8.8,4966.0,7,41.5,0,0,1
Aether Barrier,Nemesis,rare,Enchantment,3.0,3.24,14361.0,7,41.5,0,0,0
Atmosphere Surgeon,Phyrexia: All Will Be One,uncommon,Creature,2.0,0.1,19212.0,11,41.5,0,0,0
Final Flourish,March of the Machine,common,Instant,2.0,0.06,17662.0,13,41.5,0,0,0
Apostle of Invasion,Phyrexia: All Will Be One,uncommon,Creature,6.0,0.06,17622.0,11,41.5,0,0,0
Assimilate Essence,March of the Machine,common,Instant,2.0,0.1,15493.0,13,41.5,0,0,0
Collective Nightmare,March of the Machine,uncommon,Instant,3.0,0.03,22248.0,11,41.5,0,0,0
Ambulatory Edifice,Phyrexia: All Will Be One,uncommon,Creature,3.0,0.04,25365.0,11,41.5,0,0,0
Failed Fording,Outlaws of Thunder Junction,common,Instant,2.0,0.06,19891.0,17,41.0,0,0,0
Armory Mice,Wilds of Eldraine,common,Creature,2.0,0.04,16817.0,16,41.0,0,0,0
Cryptid Inspector,Duskmourn: House of Horror,common,Creature,3.0,0.05,16822.0,17,41.0,0,0,0
Creeping Peeper,Duskmourn: House of Horror,common,Creature,2.0,0.05,15171.0,17,41.0,0,0,0
Failed Conversion,March of the Machine,common,Enchantment,5.0,0.05,24102.0,14,41.0,0,0,0
Ichor Shade,March of the Machine,common,Creature,3.0,0.05,21237.0,14,41.0,0,0,0
Anthropede,Duskmourn: House of Horror,common,Creature,4.0,0.05,24592.0,18,41.0,0,0,0
Grand Ball Guest,Wilds of Eldraine,common,Creature,2.0,0.03,27058.0,17,41.0,0,0,0
Djinn of Fool's Fall,Outlaws of Thunder Junction,common,Creature,5.0,0.03,22324.0,17,41.0,0,0,0
Furnace Host Charger,March of the Machine,common,Creature,6.0,0.06,18561.0,14,41.0,0,0,0
Hamlet Glutton,Wilds of Eldraine,common,Creature,7.0,0.03,22150.0,16,41.0,0,0,0
Incisor Glider,Phyrexia: All Will Be One,common,Creature,2.0,0.03,18725.0,14,41.0,0,0,0
Consuming Aetherborn,March of the Machine,common,Creature,4.0,0.03,22165.0,14,41.0,0,0,0
Boilerbilges Ripper,Duskmourn: House of Horror,common,Creature,5.0,0.03,20576.0,18,41.0,0,0,0
Brave the Wilds,Wilds of Eldraine,common,Sorcery,1.0,0.09,15192.0,16,41.0,0,0,0
Erratic Apparition,Duskmourn: House of Horror,common,Creature,3.0,0.06,21013.0,17,41.0,0,0,0
Acrobatic Cheerleader,Duskmourn: House of Horror,common,Creature,2.0,0.03,21904.0,18,41.0,0,0,0
Angelic Wall,Portal Second Age,common,Creature,2.0,3.38,8484.0,12,41.0,0,0,0
Cult Healer,Duskmourn: House of Horror,common,Creature,3.0,0.07,21114.0,18,41.0,0,0,0
Expedition Lookout,March of the Machine,common,Creature,2.0,0.07,23315.0,14,41.0,0,0,0
Bristlepack Sentry,Outlaws of Thunder Junction,common,Creature,2.0,0.16,19240.0,17,41.0,0,0,0
Attrition,Commander 2011,rare,Enchantment,3.0,19.71,4744.0,8,41.0,0,0,1
Golden-Scale Aeronaut,March of the Machine,common,Creature,5.0,0.04,25877.0,14,41.0,0,0,0
Dire Downdraft,Bloomburrow,common,Instant,4.0,0.02,16064.0,18,41.0,0,0,0
Barrow Naughty,Wilds of Eldraine,common,Creature,2.0,0.07,16268.0,16,41.0,0,0,0
Glass Casket,Wilds of Eldraine,uncommon,Artifact,2.0,0.13,17165.0,14,41.0,0,0,1
Bear Trap,Duskmourn: House of Horror,common,Artifact,1.0,0.12,18450.0,17,41.0,0,0,0
Desert's Due,Outlaws of Thunder Junction,common,Instant,2.0,0.12,22323.0,17,41.0,0,0,0
Edgewall Pack,Wilds of Eldraine,common,Creature,4.0,0.11,19004.0,16,41.0,0,0,0
Eriette's Whisper,Wilds of Eldraine,common,Sorcery,4.0,0.11,20368.0,17,41.0,0,0,0
Infected Defector,March of the Machine,common,Creature,5.0,0.08,17704.0,14,41.0,0,0,0
Converter Beast,March of the Machine,common,Creature,4.0,0.08,17709.0,14,41.0,0,0,0
Coming In Hot,March of the Machine,common,Instant,1.0,0.11,17146.0,13,40.5,0,0,0
Gitaxian Raptor,Phyrexia: All Will Be One,common,Creature,3.0,0.06,23890.0,13,40.5,0,0,0
Ichor Synthesizer,Phyrexia: All Will Be One,common,Creature,2.0,0.06,21099.0,13,40.5,0,0,0
Cutthroat Centurion,Phyrexia: All Will Be One,common,Creature,3.0,0.04,21791.0,13,40.5,0,0,0
Battle at the Helvault,Commander Masters,rare,Enchantment,6.0,5.87,5830.0,5,40.5,0,0,0
Axiom Engraver,Phyrexia: All Will Be One,common,Creature,2.0,0.09,19960.0,13,40.5,0,0,0
Hexgold Slash,Phyrexia: All Will Be One,common,Instant,1.0,0.06,23680.0,13,40.5,0,0,0
Glistener Seer,Phyrexia: All Will Be One,common,Creature,1.0,0.07,18418.0,13,40.5,0,0,0
Barbara Wright,Doctor Who,rare,Creature,2.0,3.39,7085.0,5,40.5,0,0,0
Awaken the Sleeper,Phyrexia: All Will Be One,uncommon,Sorcery,4.0,0.08,15815.0,11,40.5,0,0,0
Furnace Strider,Phyrexia: All Will Be One,common,Creature,5.0,0.08,21730.0,13,40.5,0,0,0
Fleshless Gladiator,Phyrexia: All Will Be One,common,Creature,2.0,0.08,23623.0,13,40.5,0,0,0
Angel of Indemnity,Secrets of Strixhaven Commander,rare,Creature,6.0,3.61,3677.0,5,40.5,0,0,1
Armored Skyhunter,Secrets of Strixhaven Commander,rare,Creature,4.0,4.0,2678.0,5,40.5,0,0,1
Aladdin,Arabian Nights,rare,Creature,4.0,97.98,21296.0,9,40.5,0,0,0
Apothecary White,Ravnica: Clue Edition,rare,Creature,4.0,4.12,5557.0,5,40.5,0,0,0
Glistening Deluge,March of the Machine,uncommon,Sorcery,3.0,0.21,19842.0,11,40.5,0,0,0
Acorn Catapult,Commander 2011,rare,Artifact,4.0,4.64,13919.0,5,40.5,0,0,0
Escaped Experiment,Phyrexia: All Will Be One,common,Creature,2.0,0.09,21315.0,13,40.5,0,0,0
Cruel Grimnarch,Phyrexia: All Will Be One,common,Creature,6.0,0.13,17695.0,13,40.5,0,0,0
Archangel,Portal Second Age,rare,Creature,7.0,5.65,22660.0,9,40.5,0,0,1
Bonepicker Skirge,Phyrexia: All Will Be One,common,Creature,3.0,0.11,16563.0,13,40.5,0,0,0
Thornbite Staff,Mystery Booster 2,uncommon,Artifact,2.0,14.75,2602.0,7,40.5,0,0,1
Halo Hopper,March of the Machine,common,Creature,3.0,0.26,15841.0,13,40.5,0,0,0
Awakening,Stronghold,rare,Enchantment,4.0,5.89,8911.0,7,40.5,0,0,0
Eyes of Gitaxias,March of the Machine,common,Sorcery,3.0,0.08,19314.0,14,40.0,0,0,0
Ambush Gigapede,Outlaws of Thunder Junction,common,Creature,6.0,0.08,19129.0,17,40.0,0,0,0
Cackling Slasher,Duskmourn: House of Horror,common,Creature,4.0,0.07,19425.0,17,40.0,0,0,0
Into the Fae Court,Wilds of Eldraine,common,Sorcery,5.0,0.2,15172.0,16,40.0,0,0,0
Friendly Ghost,Duskmourn: House of Horror,common,Creature,4.0,0.08,21269.0,18,40.0,0,0,0
Etched Familiar,March of the Machine,common,Creature,3.0,0.08,15512.0,14,40.0,0,0,0
Ghostly Flicker,Commander Masters,common,Instant,3.0,1.6,571.0,8,40.0,0,0,1
Bestial Bloodline,Wilds of Eldraine,common,Enchantment,2.0,0.1,18869.0,16,40.0,0,0,0
Discerning Peddler,Outlaws of Thunder Junction,common,Creature,2.0,0.04,17259.0,17,40.0,0,0,0
Cautious Survivor,Duskmourn: House of Horror,common,Creature,4.0,0.05,18728.0,18,40.0,0,0,0
Furtive Analyst,March of the Machine,common,Creature,3.0,0.03,25791.0,14,40.0,0,0,0
Hopeful Vigil,Wilds of Eldraine,common,Enchantment,2.0,0.19,18750.0,16,40.0,0,0,0
Chrome Prowler,Phyrexia: All Will Be One,common,Creature,3.0,0.16,18968.0,14,40.0,0,0,0
Disturbing Conversion,March of the Machine,common,Enchantment,2.0,0.04,20824.0,13,39.5,0,0,0
Compleat Devotion,Phyrexia: All Will Be One,common,Instant,2.0,0.17,16723.0,13,39.5,0,0,0
Allosaurus Rider,Duel Decks Anthology: Elves vs. Goblins,rare,Creature,7.0,4.49,16293.0,7,39.5,0,0,1
Invasion of Eldraine // Prickle Faeries,March of the Machine,uncommon,Creature,4.0,0.08,15300.0,11,39.5,0,0,0
Free from Flesh,Phyrexia: All Will Be One,common,Instant,1.0,0.07,17937.0,13,39.5,0,0,0
Grinding Station,Mystery Booster 2,uncommon,Artifact,2.0,19.71,2237.0,7,39.5,0,0,1
"Alandra, Sky Dreamer",Murders at Karlov Manor Commander,rare,Creature,4.0,3.62,2534.0,5,39.5,0,0,1
Chimney Rabble,Phyrexia: All Will Be One,common,Creature,4.0,0.04,16280.0,13,39.5,0,0,0
Aerial Extortionist,Murders at Karlov Manor Commander,rare,Creature,5.0,4.22,2589.0,5,39.5,0,0,1
"Ardoz, Cobbler of War",Jumpstart 2022,rare,Creature,2.0,5.31,9491.0,5,39.5,0,0,0
Corrosive Mentor,Shadowmoor,uncommon,Creature,3.0,14.37,9504.0,7,39.5,0,0,0
Angelic Voices,Legends,rare,Enchantment,4.0,20.89,24795.0,9,39.5,0,0,0
Undead Warchief,Planechase,uncommon,Creature,4.0,13.67,2727.0,8,39.0,0,0,1
Ashnod's Transmogrant,Antiquities,uncommon,Artifact,1.0,5.37,12446.0,10,39.0,0,0,0
Angelic Accord,The List,uncommon,Enchantment,4.0,4.18,3301.0,8,39.0,0,0,1
Professor Dellian Fel,Secrets of Strixhaven,mythic,Planeswalker,4.0,6.84,22094.0,0,39.0,0,0,0
Daring Thunder-Thief,Outlaws of Thunder Junction,common,Creature,4.0,0.11,22804.0,17,39.0,0,0,0
Alabaster Host Sanctifier,March of the Machine,common,Creature,2.0,0.11,19424.0,14,39.0,0,0,0
Hollow Scavenger // Bakery Raid,Wilds of Eldraine,common,Creature,3.0,0.22,15728.0,16,39.0,0,0,0
Atog,Antiquities,common,Creature,2.0,3.45,14570.0,10,39.0,0,0,0
Ancient Den,Commander 2021,common,Artifact,0.0,3.29,524.0,12,39.0,0,0,1
Charmed Sleep,Bloomburrow,common,Enchantment,3.0,0.11,14940.0,17,39.0,0,0,1
Grasping Longneck,Duskmourn: House of Horror,common,Creature,3.0,0.05,18067.0,17,39.0,0,0,0
Aura of Silence,Commander 2015,uncommon,Enchantment,3.0,5.87,2093.0,8,39.0,0,0,1
Frostbridge Guard,Wilds of Eldraine,common,Creature,2.0,0.08,18581.0,16,39.0,0,0,0
Commune with Nature,Wilds of Eldraine,common,Sorcery,1.0,0.08,13322.0,18,39.0,0,0,1
Conceited Witch // Price of Beauty,Wilds of Eldraine,common,Creature,3.0,0.08,20291.0,16,39.0,0,0,0
Bellowing Bruiser // Beat a Path,Wilds of Eldraine,common,Creature,5.0,0.08,19009.0,17,39.0,0,0,0
Besotted Knight // Betroth the Beast,Wilds of Eldraine,common,Creature,4.0,0.19,17257.0,16,39.0,0,0,0
Balance of Power,Portal Three Kingdoms,rare,Sorcery,5.0,100.0,24418.0,8,39.0,0,0,1
Amazing Alliance,Marvel's Spider-Man Eternal,rare,Enchantment,3.0,3.9,12665.0,5,38.5,0,0,0
Rishadan Port,Masters 25,rare,Land,0.0,13.56,14219.0,7,38.5,0,0,1
Batwing Brume,Archenemy,uncommon,Instant,2.0,6.84,6791.0,7,38.5,0,0,1
Invasion of Belenon // Belenon War Anthem,March of the Machine,uncommon,Enchantment,3.0,0.14,15184.0,11,38.5,0,0,0
"Nahiri, the Lithomancer",Commander Masters,rare,Planeswalker,5.0,1.01,8702.0,5,38.5,0,0,1
Alliance of Arms,Commander 2011,rare,Sorcery,1.0,8.69,11180.0,5,38.5,0,0,0
Wirewood Lodge,Onslaught,uncommon,Land,0.0,9.1,2426.0,7,38.5,0,0,0
Amarant Coral,Final Fantasy Commander,rare,Creature,4.0,4.02,17108.0,5,38.5,0,0,0
Back to Basics,Ultimate Masters,rare,Enchantment,3.0,5.75,4917.0,6,38.0,0,0,1
"Basandra, Battle Seraph",Commander Anthology,rare,Creature,5.0,3.28,12200.0,6,38.0,0,0,1
Ancient Craving,Portal Second Age,rare,Sorcery,4.0,4.23,5416.0,6,38.0,0,0,0
Urborg,Tales of Middle-earth Commander,rare,Land,0.0,16.33,8941.0,6,38.0,0,0,1
Merrow Commerce,Lorwyn,uncommon,Enchantment,2.0,19.75,6819.0,7,37.5,0,0,0
Aisha of Sparks and Smoke,Secret Lair Drop,rare,Creature,3.0,4.6,15602.0,5,37.5,0,0,0
Angel of Fury,Portal Second Age,rare,Creature,6.0,4.15,29779.0,7,37.5,0,0,0
Crumbling Ashes,Eventide,uncommon,Enchantment,2.0,41.91,6562.0,7,37.5,0,0,0
Aura of Dominion,Champions of Kamigawa,uncommon,Enchantment,2.0,5.57,11051.0,7,37.5,0,0,0
Bazaar of Baghdad,Arabian Nights,uncommon,Land,0.0,1782.66,10551.0,5,37.5,1,0,0
"Ral Zarek, Guest Lecturer",Secrets of Strixhaven,mythic,Planeswalker,3.0,10.55,23781.0,0,37.0,0,0,0
Battlefield Improvisation,Assassin's Creed,common,Instant,2.0,5.18,8048.0,8,37.0,0,0,0
Arcane Lighthouse,Commander Masters,uncommon,Land,0.0,9.08,1152.0,5,36.5,0,0,1
"April O'Neil, Human Element",Teenage Mutant Ninja Turtles Eternal,rare,Creature,4.0,9.46,15783.0,5,36.5,0,0,0
Welcome to . . . // Jurassic Park,Jurassic World Collection,rare,Enchantment,3.0,27.85,5224.0,5,36.5,0,0,0
Attunement,Urza's Saga,rare,Enchantment,3.0,25.23,15340.0,7,36.5,0,0,0
Arena of the Ancients,Chronicles,rare,Artifact,3.0,4.56,18307.0,8,36.0,0,0,1
Arcbound Crusher,Planechase,uncommon,Creature,4.0,3.87,5856.0,7,35.5,0,0,1
Hammerheim,Legends,uncommon,Land,0.0,14.3,9228.0,7,35.5,0,0,0
Fairgrounds Trumpeter,March of the Machine,common,Creature,3.0,0.13,18440.0,13,35.5,0,0,1
Sandstone Needle,Mercadian Masques,common,Land,0.0,5.66,6095.0,9,35.5,0,0,0
Armageddon Clock,Antiquities,uncommon,Artifact,6.0,6.17,17782.0,9,35.5,0,0,0
Basalt Monolith,Double Masters,uncommon,Artifact,3.0,4.42,552.0,6,35.0,0,0,1
Library of Alexandria,Arabian Nights,uncommon,Land,0.0,1332.75,3732.5,0,35.0,1,0,0
"Ardenn, Intrepid Archaeologist",Commander Legends,uncommon,Creature,3.0,3.36,1650.0,5,34.5,0,0,0
Alluring Scent,Starter 1999,rare,Sorcery,3.0,6.44,19541.0,9,34.5,0,0,1
Unholy Citadel,Legends,uncommon,Land,0.0,5.37,25288.0,7,34.5,0,0,0
Seafarer's Quay,Legends,uncommon,Land,0.0,8.56,25595.0,7,34.5,0,0,0
Adventurers' Guildhouse,Legends,uncommon,Land,0.0,10.85,21449.0,7,34.5,0,0,0
Cathedral of Serra,Legends,uncommon,Land,0.0,29.94,20480.0,7,34.5,0,0,0
And They Shall Know No Fear,"Warhammer 40,000 Commander",uncommon,Instant,2.0,10.31,3359.0,5,34.5,0,0,0
Mountain Stronghold,Legends,uncommon,Land,0.0,7.37,23853.0,7,34.5,0,0,0
Inspired Charge,March of the Machine,common,Instant,4.0,0.07,17887.0,15,34.0,0,0,1
Aspect of Wolf,Unlimited Edition,rare,Enchantment,2.0,17.52,22221.0,8,34.0,0,0,1
City of Ass,Unhinged,rare,Land,0.0,37.34,3732.5,0,34.0,0,0,0
Arrogant Wurm,Torment,uncommon,Creature,5.0,7.32,23611.0,10,34.0,0,0,0
Flame Lash,Bloomburrow,common,Instant,4.0,0.12,17967.0,17,34.0,0,0,1
Afterlife Insurance,Ravnica: Clue Edition,uncommon,Instant,2.0,5.39,7337.0,5,33.5,0,0,0
Aphetto Alchemist,Onslaught,uncommon,Creature,2.0,3.37,5138.0,7,33.5,0,0,0
Animate Wall,Unlimited Edition,rare,Enchantment,1.0,29.99,21376.0,8,33.0,0,0,1
Tolaria,Legends,uncommon,Land,0.0,7.05,17958.0,7,32.5,0,0,0
Alpha Status,Scourge,uncommon,Enchantment,3.0,5.38,8545.0,7,32.5,0,0,0
Ashnod's Battle Gear,Antiquities,uncommon,Artifact,2.0,3.64,29813.0,8,32.0,0,0,0
Aberrant,"Warhammer 40,000 Commander",uncommon,Creature,2.0,7.37,5442.0,5,31.5,0,0,0
Strip Mine,Rinascimento,uncommon,Land,0.0,16.43,516.0,5,31.5,0,0,1
Abomination,Legends,uncommon,Creature,5.0,4.42,25430.0,8,31.0,0,0,0
Arboria,Legends,uncommon,Enchantment,4.0,5.74,17392.0,8,30.0,0,0,0
Abu Ja'far,Arabian Nights,uncommon,Creature,1.0,53.93,21261.0,8,30.0,0,0,0
Backdraft,Legends,uncommon,Instant,2.0,3.54,27406.0,7,29.5,0,0,0
Scorched Geyser,Secrets of Strixhaven Commander,rare,Land,0.0,9.46,17993.0,0,29.0,0,0,0
Turbulent Moor,Secrets of Strixhaven Commander,rare,Land,0.0,6.33,15836.0,0,29.0,0,0,0
Coastal Peak,Secrets of Strixhaven Commander,rare,Land,0.0,6.51,21330.0,0,29.0,0,0,0
Turbulent Steppe,Secrets of Strixhaven Commander,rare,Land,0.0,10.15,18091.0,0,29.0,0,0,0
Ali Baba,Arabian Nights,uncommon,Creature,1.0,28.78,28996.0,8,29.0,0,0,0
Turbulent Springs,Secrets of Strixhaven Commander,rare,Land,0.0,7.8,17209.0,0,29.0,0,0,0
Turbulent Wilderness,Secrets of Strixhaven Commander,rare,Land,0.0,6.92,17865.0,0,29.0,0,0,0
Eclipsed Steppe,Secrets of Strixhaven Commander,rare,Land,0.0,5.19,16294.0,0,29.0,0,0,0
Turbulent Fen,Secrets of Strixhaven Commander,rare,Land,0.0,6.04,16734.0,0,29.0,0,0,0
Accumulated Knowledge,Nemesis,common,Instant,2.0,3.66,25738.0,9,28.5,0,0,0
Avenging Hunter,Commander Legends: Battle for Baldur's Gate,common,Creature,5.0,5.58,14576.0,7,28.5,0,0,0
Alaborn Zealot,Portal Second Age,uncommon,Creature,1.0,3.63,23048.0,6,27.0,0,0,0
Barbarian General,Portal Three Kingdoms,uncommon,Creature,5.0,22.93,27003.0,6,27.0,0,0,0
Animate Artifact,Unlimited Edition,uncommon,Enchantment,4.0,4.04,25135.0,9,26.5,0,0,1
Army of Allah,Arabian Nights,common,Instant,3.0,24.74,27399.0,9,26.5,0,0,0
Angel of Light,Starter 1999,uncommon,Creature,5.0,5.53,29022.0,6,26.0,0,0,0
Alert Shu Infantry,Portal Three Kingdoms,uncommon,Creature,3.0,12.32,30212.0,6,26.0,0,0,0
