id,name,set,set_name,set_type,released_at,rarity,cmc,primary_type,type_line,colors,num_colors,is_multicolor,is_colorless,color_identity,keywords,num_keywords,oracle_text_length,power,toughness,reserved,reprint,promo,full_art,booster,edhrec_rank,penny_rank,legal_modern,legal_legacy,legal_commander,legal_standard,legal_pioneer,legal_formats_count,usd_price,usd_foil,game_changer,artist,frame
135de5c7-6ac9-4b68-8f1a-97f120a4b125,Mishra's Workshop,atq,Antiquities,expansion,1994-03-04,rare,0.0,Land,Land,C,0,0,1,,,0,65,0.0,0.0,1,0,0,0,1,4213.0,,0,0,1,0,0,5,3000.32,,1,Kaja Foglio,1993
64bc9b1d-5818-4d9e-b771-e49af4ff9a5c,The Tabernacle at Pendrell Vale,leg,Legends,expansion,1994-06-01,rare,0.0,Land,Legendary Land,C,0,0,1,,,0,95,0.0,0.0,1,0,0,0,1,8982.0,,0,1,1,0,0,6,2899.99,,1,Nicola Leonard,1993
ff37b863-f8c4-4584-8cc2-ac0e096e583f,Bazaar of Baghdad,arn,Arabian Nights,expansion,1993-12-17,uncommon,0.0,Land,Land,C,0,0,1,,,0,46,0.0,0.0,1,0,0,0,1,10551.0,,0,0,1,0,0,5,1782.66,,0,Jeff A. Menges,1993
ee266113-34ce-4189-84e7-ee2c86a2722c,Library of Alexandria,arn,Arabian Nights,expansion,1993-12-17,uncommon,0.0,Land,Land,C,0,0,1,,,0,86,0.0,0.0,1,0,0,0,1,,,0,0,0,0,0,0,1332.75,,0,Mark Poole,1993
25b0b816-0583-44aa-9dc5-f3ff48993a51,Gaea's Cradle,usg,Urza's Saga,expansion,1998-10-12,rare,0.0,Land,Legendary Land,G,1,0,0,G,,0,43,0.0,0.0,1,0,0,0,1,462.0,,0,1,1,0,0,6,1327.93,,1,Mark Zug,1997
1f35877c-e66c-4ef0-842a-f68cd233ae4b,Underground Sea,3ed,Revised Edition,core,1994-04-11,rare,0.0,Land,Land — Island Swamp,"B,U",2,1,0,"B,U",,0,22,0.0,0.0,1,1,0,0,1,299.0,,0,1,1,0,0,7,927.92,,0,Rob Alexander,1993
b12e5430-0e80-47dd-80ac-85728b656a24,Volcanic Island,3ed,Revised Edition,core,1994-04-11,rare,0.0,Land,Land — Island Mountain,"R,U",2,1,0,"R,U",,0,22,0.0,0.0,1,1,0,0,1,350.0,,0,1,1,0,0,7,748.92,,0,Brian Snõddy,1993
e85f6f21-15a0-4a36-be95-5a0299cd01a5,Diamond Valley,arn,Arabian Nights,expansion,1993-12-17,rare,0.0,Land,Land,C,0,0,1,,,0,86,0.0,0.0,1,0,0,0,1,17092.0,,0,1,1,0,0,7,695.0,,0,Brian Snõddy,1993
9c9d5f72-e199-4d5b-ae7e-cc5b9bdfae99,Tundra,3ed,Revised Edition,core,1994-04-11,rare,0.0,Land,Land — Plains Island,"U,W",2,1,0,"U,W",,0,22,0.0,0.0,1,1,0,0,1,371.0,,0,1,1,0,0,7,570.17,,0,Jesper Myrfors,1993
a0f5c6bc-65dc-42a1-a62d-a0b101310a1f,Tropical Island,3ed,Revised Edition,core,1994-04-11,rare,0.0,Land,Land — Forest Island,"G,U",2,1,0,"G,U",,0,22,0.0,0.0,1,1,0,0,1,365.0,,0,1,1,0,0,7,530.98,,0,Jesper Myrfors,1993
18787a2d-6688-47e9-94bc-ccf229df823f,All Hallow's Eve,leg,Legends,expansion,1994-06-01,rare,4.0,Sorcery,Sorcery,B,1,0,0,B,,0,327,0.0,0.0,1,0,0,0,1,20465.0,7818.0,0,1,1,0,0,7,523.16,,0,Christopher Rush,1993
a7a8b6b8-b95f-4014-b17a-a6d44d965995,City of Traitors,exo,Exodus,expansion,1998-06-15,rare,0.0,Land,Land,C,0,0,1,,,0,65,0.0,0.0,1,0,0,0,1,1282.0,,0,1,1,0,0,7,485.91,,0,Kev Walker,1997
56058359-3c0b-49db-a0ce-9ded4c3f4372,Badlands,3ed,Revised Edition,core,1994-04-11,rare,0.0,Land,Land — Swamp Mountain,"B,R",2,1,0,"B,R",,0,22,0.0,0.0,1,1,0,0,1,387.0,,0,1,1,0,0,7,457.79,,0,Rob Alexander,1993
56355ff3-2232-4a11-b868-aec9a50b9ee5,Bayou,3ed,Revised Edition,core,1994-04-11,rare,0.0,Land,Land — Swamp Forest,"B,G",2,1,0,"B,G",,0,22,0.0,0.0,1,1,0,0,1,433.0,,0,1,1,0,0,7,411.65,,0,Jesper Myrfors,1993
472034a2-0ba9-4876-ab7a-aa7013d603bb,Scrubland,3ed,Revised Edition,core,1994-04-11,rare,0.0,Land,Land — Plains Swamp,"B,W",2,1,0,"B,W",,0,22,0.0,0.0,1,1,0,0,1,386.0,,0,1,1,0,0,7,410.14,,0,Jesper Myrfors,1993
42027613-d261-4ce2-8ba1-7a2480c660f8,Ali from Cairo,arn,Arabian Nights,expansion,1993-12-17,rare,4.0,Creature,Creature — Human,R,1,0,0,R,,0,80,0.0,1.0,1,0,0,0,1,24909.0,10933.0,0,1,1,0,0,7,400.32,,0,Mark Poole,1993
f7a18130-dbaa-4657-a885-3a96a985935a,Serra's Sanctum,usg,Urza's Saga,expansion,1998-10-12,rare,0.0,Land,Legendary Land,W,1,0,0,W,,0,46,0.0,0.0,1,0,0,0,1,3016.0,,0,1,1,0,0,6,399.89,,1,Ciruelo,1997
54c5c65a-a444-4e0f-ae44-a3722cdd32a1,Taiga,3ed,Revised Edition,core,1994-04-11,rare,0.0,Land,Land — Mountain Forest,"G,R",2,1,0,"G,R",,0,22,0.0,0.0,1,1,0,0,1,438.0,,0,1,1,0,0,7,385.49,,0,Rob Alexander,1993
5ae71290-c133-406c-8b17-9ea22b437806,Savannah,3ed,Revised Edition,core,1994-04-11,rare,0.0,Land,Land — Forest Plains,"G,W",2,1,0,"G,W",,0,22,0.0,0.0,1,1,0,0,1,470.0,,0,1,1,0,0,7,366.83,,0,Rob Alexander,1993
c6ae9cff-8646-4069-8761-df734e067beb,Plateau,3ed,Revised Edition,core,1994-04-11,rare,0.0,Land,Land — Mountain Plains,"R,W",2,1,0,"R,W",,0,22,0.0,0.0,1,1,0,0,1,456.0,,0,1,1,0,0,7,341.8,,0,Cornelius Brudi,1993
18348df2-9037-4db4-bddb-76dc933229bf,Elephant Graveyard,arn,Arabian Nights,expansion,1993-12-17,rare,0.0,Land,Land,C,0,0,1,,,0,46,0.0,0.0,1,0,0,0,1,21786.0,5919.0,0,1,1,0,0,7,290.66,,0,Rob Alexander,1993
f09cbd18-79f1-49a0-a3bd-b380ff5ecf03,Island of Wak-Wak,arn,Arabian Nights,expansion,1993-12-17,rare,0.0,Land,Land,C,0,0,1,,,0,68,0.0,0.0,1,0,0,0,1,21949.0,8536.0,0,1,1,0,0,7,235.12,,0,Douglas Shuler,1993
57264bd9-94f6-4d4d-baff-2b2900585635,Angus Mackenzie,leg,Legends,expansion,1994-06-01,rare,3.0,Creature,Legendary Creature — Human Cleric,"G,U,W",3,1,0,"G,U,W",,0,117,2.0,2.0,1,0,0,0,1,18013.0,,0,1,1,0,0,7,223.65,,0,Bryon Wackwitz,1993
6b3a20ac-1860-4513-bb73-35d23b088b04,Mox Opal,mm2,Modern Masters 2015,masters,2015-05-22,mythic,0.0,Artifact,Legendary Artifact,C,0,0,1,,Metalcraft,1,98,0.0,0.0,0,1,0,0,1,238.0,,1,1,1,0,0,9,189.97,210.01,0,Volkan Baǵa,2015
ad7ac9a5-340f-4509-826c-7b9416d47887,Tolarian Academy,usg,Urza's Saga,expansion,1998-10-12,rare,0.0,Land,Legendary Land,U,1,0,0,U,,0,43,0.0,0.0,1,0,0,0,1,,,0,0,0,0,0,0,169.98,,0,Stephen Daniele,1997
ce83a3cb-467d-44f6-a051-4855c8cf52a6,Argivian Archaeologist,atq,Antiquities,expansion,1994-03-04,rare,3.0,Creature,Creature — Human Artificer,W,1,0,0,W,,0,74,1.0,1.0,1,0,0,0,1,23489.0,14910.0,0,1,1,0,0,8,128.65,,0,Amy Weber,1993
bd3d4b4b-cf31-4f89-8140-9650edb03c7b,Ancient Tomb,uma,Ultimate Masters,masters,2018-12-07,rare,0.0,Land,Land,C,0,0,1,,,0,49,0.0,0.0,0,1,0,0,1,64.0,,0,1,1,0,0,8,127.91,122.46,1,Yeong-Hao Han,2015
aee806ce-effa-4244-9659-43246e944d80,Lake of the Dead,all,Alliances,expansion,1996-06-10,rare,0.0,Land,Land,B,1,0,0,B,,0,204,0.0,0.0,1,0,0,0,1,5454.0,133.0,0,1,1,0,0,7,107.55,,0,Pete Venters,1993
3836dddd-a7e4-499f-ad49-ce298aa65720,Ancient Copper Dragon,clb,Commander Legends: Battle for Baldur's Gate,draft_innovation,2022-06-10,mythic,6.0,Creature,Creature — Elder Dragon,R,1,0,0,R,"Flying,Treasure",2,134,6.0,5.0,0,0,0,0,1,652.0,,0,1,1,0,0,9,106.83,102.42,0,Antonio José Manzanedo,2015
ae27edb4-424b-4a2f-a588-d3b60c8d78e5,Balance of Power,ptk,Portal Three Kingdoms,starter,1999-05-01,rare,5.0,Sorcery,Sorcery,U,1,0,0,U,,0,87,0.0,0.0,0,1,0,0,1,24418.0,16026.0,1,1,1,0,0,8,100.0,,0,Quan Xuejun,1997
db52bad2-a3ec-4f6f-9418-12e8c40703f6,Aladdin,arn,Arabian Nights,expansion,1993-12-17,rare,4.0,Creature,Creature — Human Rogue,R,1,0,0,R,,0,89,1.0,1.0,0,0,0,0,1,21296.0,14876.0,0,1,1,0,0,9,97.98,,0,Julie Baroh,1993
268403bc-733d-446e-a7c1-abc957c42bc2,Aluren,tmp,Tempest,expansion,1997-10-14,rare,4.0,Enchantment,Enchantment,G,1,0,0,G,,0,123,0.0,0.0,1,0,0,0,1,9259.0,,0,1,1,0,0,7,97.26,,0,April Lee,1997
43bf015b-152e-4d67-b773-e75fb2487a32,Volrath's Stronghold,sth,Stronghold,expansion,1998-03-02,rare,0.0,Land,Legendary Land,B,1,0,0,B,,0,95,0.0,0.0,1,0,0,0,1,2774.0,,0,1,1,0,0,7,94.51,,0,Kev Walker,1997
ba93c50a-2440-4e92-9cba-d97e20b1d29c,Acid Rain,leg,Legends,expansion,1994-06-01,rare,4.0,Sorcery,Sorcery,U,1,0,0,U,,0,20,0.0,0.0,1,0,0,0,1,20965.0,5979.0,0,1,1,0,0,7,93.65,,0,NéNé Thomas,1993
95ebbb6d-04f8-42ec-a1b7-6ca67994b8d3,"Sheoldred, the Apocalypse",dmu,Dominaria United,expansion,2022-09-09,mythic,4.0,Creature,Legendary Creature — Phyrexian Praetor,B,1,0,0,B,Deathtouch,1,106,4.0,5.0,0,0,0,0,0,458.0,,1,1,1,0,1,11,74.27,75.79,0,Chris Rahn,2015
4367bc78-0912-4abd-8edd-bc792558d01a,Academy Rector,uds,Urza's Destiny,expansion,1999-06-07,rare,4.0,Creature,Creature — Human Cleric,W,1,0,0,W,,0,148,1.0,2.0,1,0,0,0,1,5544.0,,0,1,1,0,0,7,74.22,535.65,0,Heather Hudson,1997
66024e69-ad60-4c9a-a0ca-da138d33ad80,Mox Amber,dom,Dominaria,expansion,2018-04-27,mythic,0.0,Artifact,Legendary Artifact,C,0,0,1,,,0,87,0.0,0.0,0,0,0,0,1,209.0,,1,1,1,0,1,10,70.62,141.17,0,Steven Belledin,2015
47dd5c4b-5972-43e1-ae2a-ebf275006458,Yavimaya Hollow,uds,Urza's Destiny,expansion,1999-06-07,rare,0.0,Land,Legendary Land,G,1,0,0,G,,0,51,0.0,0.0,1,0,0,0,1,3751.0,554.0,0,1,1,0,0,8,69.37,548.32,0,Douglas Shuler,1997
60252226-a102-4d88-9b80-42d021b5184d,Adun Oakenshield,leg,Legends,expansion,1994-06-01,rare,3.0,Creature,Legendary Creature — Human Knight,"B,G,R",3,1,0,"B,G,R",,0,77,1.0,2.0,1,0,0,0,1,23165.0,13414.0,0,1,1,0,0,8,68.7,,0,Jeff A. Menges,1993
1982f910-a9bd-4e94-a187-84381b22aacc,The Soul Stone,spm,Marvel's Spider-Man,expansion,2025-09-26,mythic,2.0,Artifact,Legendary Artifact — Infinity Stone,B,1,0,0,B,Indestructible,1,243,0.0,0.0,0,0,0,0,1,1472.0,,1,1,1,1,1,15,68.51,82.06,0,Volkan Baǵa,2015
ced18935-4ce9-466e-a88d-2b14ff8f989f,Ancient Silver Dragon,clb,Commander Legends: Battle for Baldur's Gate,draft_innovation,2022-06-10,mythic,8.0,Creature,Creature — Elder Dragon,U,1,0,0,U,Flying,1,162,8.0,8.0,0,0,0,0,1,1374.0,,0,1,1,0,0,9,61.94,59.55,0,Raoul Vitale,2015
5d5aae6e-fe20-4363-9589-5a54bcbbb77e,Al-abara's Carpet,leg,Legends,expansion,1994-06-01,rare,5.0,Artifact,Artifact,C,0,0,1,,,0,104,0.0,0.0,1,0,0,0,1,26984.0,12893.0,0,1,1,0,0,8,61.7,,0,Kaja Foglio,1993
15c34447-b0f4-4fcc-b557-23c92850b31b,Archangel of Thune,2xm,Double Masters,masters,2020-08-07,mythic,5.0,Creature,Creature — Angel,W,1,0,0,W,"Flying,Lifelink",2,161,3.0,4.0,0,1,0,0,1,1481.0,4693.0,1,1,1,0,1,12,61.46,65.88,0,James Ryman,2015
2fce5989-a2a0-4825-b90a-a1f78659b6e0,Ashcoat of the Shadow Swarm,j22,Jumpstart 2022,draft_innovation,2022-12-02,mythic,4.0,Creature,Legendary Creature — Rat Warlock,B,1,0,0,B,Mill,1,343,3.0,4.0,0,0,0,0,1,5203.0,,0,1,1,0,0,9,59.14,,0,Christina Kraus,2015
5e861bb6-0841-4a84-9d65-1d45ea87e90d,The Great Henge,tle,Avatar: The Last Airbender Eternal,eternal,2025-11-21,mythic,9.0,Artifact,Legendary Artifact,G,1,0,0,G,,0,219,0.0,0.0,0,1,0,1,1,235.0,,1,1,1,0,1,11,58.06,72.6,0,Viacom,2015
9a52c265-6920-4929-ba0a-70da08df01f1,Anointed Procession,akh,Amonkhet,expansion,2017-04-28,rare,4.0,Enchantment,Enchantment,W,1,0,0,W,,0,116,0.0,0.0,0,0,0,0,1,348.0,6520.0,1,1,1,0,1,12,57.95,73.82,0,Victor Adame Minguez,2015
8fecc5d2-5298-4d47-b085-f160603f220e,Aladdin's Lamp,arn,Arabian Nights,expansion,1993-12-17,rare,10.0,Artifact,Artifact,C,0,0,1,,,0,210,0.0,0.0,0,0,0,0,1,22213.0,,0,1,1,0,0,8,57.9,,0,Mark Tedin,1993
75a4e843-937c-47fb-8768-0f42c5cb4e4f,Scorched Ruins,wth,Weatherlight,expansion,1997-06-09,rare,0.0,Land,Land,C,0,0,1,,,0,182,0.0,0.0,1,0,0,0,1,6521.0,3733.0,0,1,1,0,0,7,57.67,,0,John Avon,1997
997bc933-ac30-477b-a4e1-5333b796a99d,Amulet of Vigor,wwk,Worldwake,expansion,2010-02-05,rare,1.0,Artifact,Artifact,C,0,0,1,,,0,57,0.0,0.0,0,0,0,0,1,1293.0,,1,1,1,0,0,7,56.76,67.48,0,Warren Mahy,2003
8b5a916f-a6f2-4e89-b38f-7e5bc0c2e032,Esper Sentinel,h2r,Modern Horizons 2 Timeshifts,draft_innovation,2024-06-07,rare,1.0,Creature,Artifact Creature — Human Soldier,W,1,0,0,W,,0,142,1.0,1.0,0,1,0,0,0,75.0,,1,1,1,0,0,10,56.26,69.06,0,Eric Deschamps,1997
798c0faf-0de2-4397-8f03-2120d2a35351,"Minamo, School at Water's Edge",ltc,Tales of Middle-earth Commander,commander,2023-06-23,mythic,0.0,Land,Legendary Land,U,1,0,0,U,,0,57,0.0,0.0,0,1,0,1,0,598.0,428.0,1,1,1,0,0,8,55.29,57.69,0,Stephen Stark,2015
19e1224f-82cb-4f41-8739-f880cba61bbb,"Urborg, Tomb of Yawgmoth",plc,Planar Chaos,expansion,2007-02-02,rare,0.0,Land,Legendary Land,C,0,0,1,,,0,57,0.0,0.0,0,0,0,0,1,71.0,,1,1,1,0,1,12,54.07,192.5,0,John Avon,2003
76e5ee8a-34e5-4a2e-a04e-9fcdc7e53dda,City of Shadows,drk,The Dark,expansion,1994-08-01,rare,0.0,Land,Land,C,0,0,1,,,0,122,0.0,0.0,1,0,0,0,1,16069.0,,0,1,1,0,0,7,53.98,,0,Tom Wänerstrand,1993
0e9ad288-d164-44a6-96ec-4185a1587f1a,Abu Ja'far,arn,Arabian Nights,expansion,1993-12-17,uncommon,1.0,Creature,Creature — Human,W,1,0,0,W,,0,100,0.0,1.0,0,0,0,0,1,21261.0,,0,1,1,0,0,8,53.93,,0,"Ken Meyer, Jr.",1993
d2d5124b-4d73-4aa9-9331-88e03779ffad,Eye of Ugin,mm2,Modern Masters 2015,masters,2015-05-22,rare,0.0,Land,Legendary Land,C,0,0,1,,,0,165,0.0,0.0,0,1,0,0,1,2764.0,,0,1,1,0,0,6,52.75,65.77,0,James Paick,2015
7afa0ee5-a0b8-472e-9991-09402ddb5de3,Allosaurus Shepherd,2x2,Double Masters 2022,masters,2022-07-08,mythic,1.0,Creature,Creature — Elf Shaman,G,1,0,0,G,,0,232,1.0,1.0,0,1,0,0,1,1718.0,,0,1,1,0,0,9,52.72,50.11,0,Randy Vargas,2015
834b27a0-dfd7-4f96-8cde-cacac4b24acc,"Nykthos, Shrine to Nyx",ths,Theros,expansion,2013-09-27,rare,0.0,Land,Legendary Land,C,0,0,1,,,0,229,0.0,0.0,0,0,0,0,1,169.0,,1,1,1,0,1,11,52.44,118.11,0,Jung Park,2003
340c5799-4964-44dd-8c48-8f3f3aba5211,Badgermole Cub,tla,Avatar: The Last Airbender,expansion,2025-11-21,mythic,2.0,Creature,Creature — Badger Mole,G,1,0,0,G,Earthbend,1,272,2.0,2.0,0,0,0,0,1,1917.0,,1,1,1,1,1,15,52.14,57.13,0,Nathaniel Himawan,2015
9fcea5a1-6f62-450a-9351-b7e280c5ae60,Smothering Tithe,prna,Ravnica Allegiance Promos,promo,2019-01-25,rare,4.0,Enchantment,Enchantment,W,1,0,0,W,Treasure,1,191,0.0,0.0,0,1,1,0,0,59.0,5477.0,1,1,1,0,1,12,51.34,51.16,1,Mark Behm,2015
175e21a3-00f7-4c51-8a8e-fbfd7089efda,Scapeshift,m19,Core Set 2019,core,2018-07-13,mythic,4.0,Sorcery,Sorcery,G,1,0,0,G,,0,134,0.0,0.0,0,1,0,0,1,1227.0,1023.0,1,1,1,0,1,12,51.01,78.76,0,Daniel Ljunggren,2015
21fd184c-326e-4045-86e4-5867bc7579c0,Old Gnawbone,plst,The List,masters,2022-06-10,mythic,7.0,Creature,Legendary Creature — Dragon,G,1,0,0,G,"Flying,Treasure",2,105,7.0,7.0,0,1,0,0,1,872.0,,1,1,1,0,1,11,48.59,,0,Filip Burburan,2015
0ff7858d-f18d-4e5a-9467-ebef3ef53ac1,Roaming Throne,lci,The Lost Caverns of Ixalan,expansion,2023-11-17,rare,4.0,Creature,Artifact Creature — Golem,C,0,0,1,,Ward,1,238,4.0,4.0,0,0,0,1,1,130.0,5078.0,1,1,1,1,1,15,48.07,59.1,0,LeDania,2015
7ff965dd-54b4-4f21-a52f-81c0dd1e691e,Anvil of Bogardan,vis,Visions,expansion,1997-02-03,rare,2.0,Artifact,Artifact,C,0,0,1,,,0,139,0.0,0.0,1,0,0,0,1,5302.0,,0,1,1,0,0,7,47.63,,0,Roger Raupp,1997
b99ff81f-08d9-4b4a-a879-de5e5e402802,Argothian Enchantress,ema,Eternal Masters,masters,2016-06-10,mythic,2.0,Creature,Creature — Human Druid,G,1,0,0,G,Shroud,1,119,0.0,1.0,0,1,0,0,1,3522.0,,0,1,1,0,0,7,47.58,80.33,0,Daren Bader,2015
2c872b04-e80d-4c02-ac26-8f5cbb82e99f,"Atla Palani, Nest Tender",sld,Secret Lair Drop,box,2023-12-06,mythic,4.0,Creature,Legendary Creature — Human Shaman,"G,R,W",3,1,0,"G,R,W",,0,269,2.0,3.0,0,1,0,1,0,4318.0,,0,1,1,0,0,5,46.58,,0,Brian Valeza,2015
fc898fec-4cc6-4587-b556-c5a8d38ccbd0,"Ragavan, Nimble Pilferer",mul,Multiverse Legends,masterpiece,2023-04-21,mythic,1.0,Creature,Legendary Creature — Monkey Pirate,R,1,0,0,R,"Treasure,Dash",2,347,2.0,1.0,0,1,0,1,0,268.0,,1,0,1,0,0,7,46.35,57.59,0,Magali Villeneuve,2015
a3da57d0-1ae3-4f05-a52d-eb76ad56cae7,"Animar, Soul of Elements",2x2,Double Masters 2022,masters,2022-07-08,mythic,3.0,Creature,Legendary Creature — Elemental,"G,R,U",3,1,0,"G,R,U",Protection,1,184,1.0,1.0,0,1,0,0,1,2309.0,,0,1,1,0,0,5,45.98,53.02,0,Filip Burburan,2015
17fc8e0f-6dba-40d6-a6f9-3eb505059727,Cavern of Souls,plci,The Lost Caverns of Ixalan Promos,promo,2023-11-17,mythic,0.0,Land,Land,C,0,0,1,,,0,191,0.0,0.0,0,1,1,0,0,113.0,,1,1,1,1,1,13,45.66,45.69,0,Alayna Danner,2015
52eef0d6-24b7-40b7-8403-e8e863d0cd55,"Bristly Bill, Spine Sower",otj,Outlaws of Thunder Junction,expansion,2024-04-19,mythic,2.0,Creature,Legendary Creature — Plant Druid,G,1,0,0,G,Landfall,1,163,2.0,2.0,0,0,0,0,1,882.0,,1,1,1,1,1,14,45.1,45.98,0,Daniel Zrom,2015
7c024bae-5631-4e20-ac69-df392ac9e109,Orcish Bowmasters,ltr,The Lord of the Rings: Tales of Middle-earth,draft_innovation,2023-06-23,rare,2.0,Creature,Creature — Orc Archer,B,1,0,0,B,"Amass,Flash",2,192,1.0,1.0,0,0,0,0,1,251.0,,1,1,1,0,0,8,44.91,49.07,1,Maxim Kostin,2015
7f273641-c5f3-48bc-b89e-3cff52d26a0b,Gemstone Caverns,tsr,Time Spiral Remastered,masters,2021-03-19,mythic,0.0,Land,Legendary Land,C,0,0,1,,,0,298,0.0,0.0,0,1,0,0,1,178.0,,1,1,1,0,0,11,44.28,92.03,0,Martina Pilcerova,2015
6430c61b-407d-471d-9012-07f1ddef28aa,Ancient Brass Dragon,clb,Commander Legends: Battle for Baldur's Gate,draft_innovation,2022-06-10,mythic,7.0,Creature,Creature — Elder Dragon,B,1,0,0,B,Flying,1,239,7.0,6.0,0,0,0,0,1,1617.0,,0,1,1,0,0,9,43.79,40.46,0,Johan Grenier,2015
ba98d363-194b-4bc0-b9fe-987c498ab6fa,Maralen of the Mornsong,mor,Morningtide,expansion,2008-02-01,rare,3.0,Creature,Legendary Creature — Elf Wizard,B,1,0,0,B,,0,171,2.0,3.0,0,0,0,0,1,9915.0,8359.0,1,1,1,0,0,8,43.41,104.5,0,Mark Zug,2003
e20da6b5-1057-4a28-9e85-07de714e262f,"Wan Shi Tong, Librarian",tla,Avatar: The Last Airbender,expansion,2025-11-21,mythic,2.0,Creature,Legendary Creature — Bird Spirit,U,1,0,0,U,"Flying,Vigilance,Flash",3,214,1.0,1.0,0,0,0,0,1,1854.0,,1,1,1,1,1,15,43.23,45.06,0,Ryota Murayama,2015
2c1dbc62-ceb5-4540-ae38-901e5deafc75,Arcades Sabboth,leg,Legends,expansion,1994-06-01,rare,8.0,Creature,Legendary Creature — Elder Dragon,"G,U,W",3,1,0,"G,U,W",Flying,1,219,7.0,7.0,0,0,0,0,1,22653.0,,0,1,1,0,0,9,42.62,,0,"Edward P. Beard, Jr.",1993
065cd3b9-b5aa-44d3-93f4-3a43694d7a1a,Sword of Fire and Ice,spg,Special Guests,masterpiece,2024-08-02,mythic,3.0,Artifact,Artifact — Equipment,C,0,0,1,,Equip,1,206,0.0,0.0,0,1,0,1,0,1403.0,606.0,1,1,1,0,0,12,42.43,65.24,0,Volkan Baǵa,2015
cb795f86-3721-4ae5-9893-49d7d9973f86,Force of Negation,tle,Avatar: The Last Airbender Eternal,eternal,2025-11-21,mythic,3.0,Instant,Instant,U,1,0,0,U,,0,233,0.0,0.0,0,1,0,1,1,262.0,,1,1,1,0,0,10,42.03,49.49,0,Viacom,2015
3e73ac3c-bd5a-4993-be65-76396b7d38ad,Crumbling Ashes,eve,Eventide,expansion,2008-07-25,uncommon,2.0,Enchantment,Enchantment,B,1,0,0,B,,0,84,0.0,0.0,0,0,0,0,1,6562.0,,1,1,1,0,0,7,41.91,48.61,0,Chuck Lukacs,2003
6dc70f3b-844e-428c-a8cd-d6c6a55b925a,"Kozilek, Butcher of Truth",mm2,Modern Masters 2015,masters,2015-05-22,mythic,10.0,Creature,Legendary Creature — Eldrazi,C,0,0,1,,Annihilator,1,258,12.0,12.0,0,1,0,0,1,1067.0,,1,1,1,0,0,7,40.34,43.39,0,Michael Komarck,2015
374d7383-a1a7-4eea-91f7-290180e14cc9,Buster Sword,fin,Final Fantasy,expansion,2025-06-13,mythic,3.0,Artifact,Artifact — Equipment,C,0,0,1,,Equip,1,233,0.0,0.0,0,0,0,0,1,1216.0,,1,1,1,1,1,15,39.31,42.72,0,Douzen,2015
2e5cd12a-2a07-44a8-8eac-de00d26fe9e3,Lotus Vale,wth,Weatherlight,expansion,1997-06-09,rare,0.0,Land,Land,C,0,0,1,,,0,197,0.0,0.0,1,0,0,0,1,6934.0,,0,1,1,0,0,7,38.79,,0,John Avon,1997
99078ecc-f50a-43e0-93c1-63240cd97bf7,Darksteel Forge,dst,Darksteel,expansion,2004-02-06,rare,9.0,Artifact,Artifact,C,0,0,1,,,0,160,0.0,0.0,0,0,0,0,1,1413.0,4278.0,1,1,1,0,1,9,38.39,73.98,0,Martina Pilcerova,2003
cecdb092-7af2-4c53-be47-f6573fcb2f7d,Ouroboroid,peoe,Edge of Eternities Promos,promo,2025-08-01,mythic,4.0,Creature,Creature — Plant Wurm,G,1,0,0,G,,0,125,1.0,3.0,0,1,1,0,0,2280.0,,1,1,1,1,1,15,38.19,40.14,0,Samuel Perin,2015
09381c85-d38d-4a5b-9d6c-526d10f1f722,"Mondrak, Glory Dominus",pone,Phyrexia: All Will Be One Promos,promo,2023-02-10,mythic,4.0,Creature,Legendary Creature — Phyrexian Horror,W,1,0,0,W,,0,263,4.0,4.0,0,0,1,0,0,404.0,,1,1,1,0,1,11,38.09,37.99,0,Jason A. Engle,2015
099352e2-38c8-4fb4-a25f-6d928aa20f9e,"Shizo, Death's Storehouse",dmc,Dominaria United Commander,commander,2022-09-09,rare,0.0,Land,Legendary Land,B,1,0,0,B,,0,154,0.0,0.0,0,1,0,0,0,600.0,1235.0,1,1,1,0,0,8,37.87,,0,John Matson,2015
83f5909b-06eb-446a-8102-1421d4662ba4,"Elspeth, Storm Slayer",ptdm,Tarkir: Dragonstorm Promos,promo,2025-04-11,mythic,5.0,Planeswalker,Legendary Planeswalker — Elspeth,W,1,0,0,W,,0,340,0.0,0.0,0,1,1,0,0,924.0,,1,1,1,1,1,15,37.8,37.98,0,Ekaterina Burmak,2015
726fe2e7-bd1b-4c11-a098-6c8abfbdf06e,City of Ass,unh,Unhinged,funny,2004-11-19,rare,0.0,Land,Land,C,0,0,1,,,0,73,0.0,0.0,0,0,0,0,1,,,0,0,0,0,0,0,37.34,382.29,0,John Avon,2003
89cf6f57-230f-497e-a14e-ad1e8737fd42,Ocelot Pride,mh3,Modern Horizons 3,draft_innovation,2024-06-14,mythic,1.0,Creature,Creature — Cat,W,1,0,0,W,"Lifelink,Ascend,First strike",3,353,1.0,1.0,0,0,0,0,1,1157.0,,1,1,1,0,0,8,37.3,43.73,0,Chris Seaman,2015
c7658ec0-3207-4c7e-b31a-30a2a9249595,Urza's Saga,mb2,Mystery Booster 2,masters,2024-08-02,rare,0.0,Enchantment,Enchantment Land — Urza's Saga,C,0,0,1,,,0,391,0.0,0.0,0,1,0,0,0,119.0,,1,1,1,0,0,5,37.23,,0,Titus Lunter,2015
eed14b5f-c23b-4651-9c58-28a88feb3641,"Delney, Streetwise Lookout",pmkm,Murders at Karlov Manor Promos,promo,2024-02-09,mythic,3.0,Creature,Legendary Creature — Human Scout,W,1,0,0,W,,0,219,2.0,2.0,0,1,1,0,0,850.0,,1,1,1,1,1,14,37.11,37.83,0,Darren Tan,2015
c3200fa2-182f-4515-b326-ab4fdb95c8c1,Mycosynth Golem,5dn,Fifth Dawn,expansion,2004-06-04,rare,11.0,Creature,Artifact Creature — Golem,C,0,0,1,,Affinity,1,212,4.0,5.0,0,0,0,0,1,3456.0,8022.0,1,1,1,0,0,8,36.61,129.37,0,Paolo Parente,2003
555f7253-0126-4c3c-a264-877d4c8e005b,"Astarion, the Decadent",sld,Secret Lair Drop,box,2024-08-27,rare,6.0,Creature,Legendary Creature — Vampire Elf Rogue,"B,W",2,1,0,"B,W","Lifelink,Feed,Friends,Deathtouch",4,229,4.0,4.0,0,1,0,1,0,3532.0,,0,1,1,0,0,9,36.18,,0,Nereida,2015
e37da81e-be12-45a2-9128-376f1ad7b3e8,Prismatic Vista,mh1,Modern Horizons,draft_innovation,2019-06-14,rare,0.0,Land,Land,C,0,0,1,,,0,123,0.0,0.0,0,0,0,0,1,194.0,,1,1,1,0,0,10,36.0,43.12,0,Sam Burley,2015
25ac5405-df7b-4097-914a-022cb18e20d4,Arid Mesa,mh2,Modern Horizons 2,draft_innovation,2021-06-18,rare,0.0,Land,Land,C,0,0,1,,,0,131,0.0,0.0,0,1,0,0,1,54.0,,1,1,1,0,0,10,35.94,31.45,0,Raymond Swanland,2015
281172b9-15ce-4128-afe5-17cd47d87dc9,"Ugin, Eye of the Storms",ptdm,Tarkir: Dragonstorm Promos,promo,2025-04-11,mythic,7.0,Planeswalker,Legendary Planeswalker — Ugin,C,0,0,1,,,0,408,0.0,0.0,0,1,1,0,0,2149.0,,1,1,1,1,1,15,35.66,34.24,0,Joshua Raphael,2015
120be808-ff3b-4fca-96a1-4db6b9825856,Quantum Riddler,eoe,Edge of Eternities,expansion,2025-08-01,mythic,5.0,Creature,Creature — Sphinx,U,1,0,0,U,"Flying,Warp",2,186,4.0,6.0,0,0,0,0,1,10523.0,,1,1,1,1,1,15,35.59,42.6,0,Izzy,2015
421395b1-2694-42fd-bb90-0007e78adefc,Ancient Gold Dragon,clb,Commander Legends: Battle for Baldur's Gate,draft_innovation,2022-06-10,mythic,7.0,Creature,Creature — Elder Dragon,W,1,0,0,W,Flying,1,169,7.0,10.0,0,0,0,0,1,2023.0,,0,1,1,0,0,9,35.56,40.67,0,Simon Dominic,2015
5f6e8830-5e62-4945-8b73-60f0628d38e7,Undiscovered Paradise,vis,Visions,expansion,1997-02-03,rare,0.0,Land,Land,C,0,0,1,,,0,128,0.0,0.0,1,0,0,0,1,16394.0,,0,1,1,0,0,7,35.12,,0,David O'Connor,1997
95c14c4d-6c16-4826-8d93-d89ad04aee09,"Etali, Primal Conqueror // Etali, Primal Sickness",mom,March of the Machine,expansion,2023-04-21,rare,7.0,Creature,Legendary Creature — Elder Dinosaur // Legendary Creature — Phyrexian Elder Dinosaur,"G,R",2,1,0,"G,R","Indestructible,Transform,Trample",3,0,0.0,0.0,0,0,0,0,1,732.0,2003.0,1,1,1,0,1,12,34.93,37.53,0,Ryan Pancoast,2015
f2661d4a-450a-433a-b893-b1ee15982494,Scalding Tarn,mm3,Modern Masters 2017,masters,2017-03-17,rare,0.0,Land,Land,C,0,0,1,,,0,132,0.0,0.0,0,1,0,0,1,49.0,,1,1,1,0,0,10,34.9,33.58,0,Philip Straub,2015
3541ff97-f630-44f0-964d-b7d7f9353da5,Painter's Servant,spg,Special Guests,masterpiece,2026-01-23,mythic,2.0,Creature,Artifact Creature — Scarecrow,C,0,0,1,,,0,161,1.0,3.0,0,1,0,1,0,7186.0,2364.0,1,1,1,0,0,10,34.39,36.69,0,Ryan Riller,2015
0fbaa2f0-9ad0-4ce2-8ce6-359d01bd524c,"Arvinox, the Mind Flail",sld,Secret Lair Drop,box,2021-10-15,mythic,7.0,Creature,Legendary Enchantment Creature — Horror,B,1,0,0,B,,0,370,9.0,9.0,0,0,0,1,0,4640.0,,0,1,1,0,0,5,33.5,35.66,0,Isis,2015
a056241d-513a-4de7-a604-bf8248c31225,"Ulamog, the Infinite Gyre",mm2,Modern Masters 2015,masters,2015-05-22,mythic,11.0,Creature,Legendary Creature — Eldrazi,C,0,0,1,,"Indestructible,Annihilator",2,281,10.0,10.0,0,1,0,0,1,1284.0,1525.0,1,1,1,0,0,12,33.31,36.16,0,Aleksi Briclot,2015
019b51b0-e5c6-4208-922b-7736686dddcd,Agatha's Soul Cauldron,woe,Wilds of Eldraine,expansion,2023-09-08,mythic,2.0,Artifact,Legendary Artifact,C,0,0,1,,,0,373,0.0,0.0,0,0,0,0,1,1382.0,,1,1,1,1,1,14,32.95,36.04,0,Jason A. Engle,2015
950ee61d-0bc1-4d7b-ba68-157061aa98eb,Akroma's Memorial,tsr,Time Spiral Remastered,masters,2021-03-19,mythic,7.0,Artifact,Legendary Artifact,C,0,0,1,,,0,115,0.0,0.0,0,1,0,0,1,1217.0,2696.0,1,1,1,0,0,12,32.89,48.73,0,Dan Murayama Scott,2015
42c2bbae-ec08-4846-9940-64a0c47b4e25,Finale of Devastation,pwar,War of the Spark Promos,promo,2019-05-03,mythic,2.0,Sorcery,Sorcery,G,1,0,0,G,,0,247,0.0,0.0,0,1,1,0,0,329.0,,1,1,1,0,1,11,32.86,35.72,0,Bayard Wu,2015
2ef3d4b5-0453-4bf0-b018-23b0c3b9ae11,Worldfire,m13,Magic 2013,core,2012-07-13,mythic,9.0,Sorcery,Sorcery,R,1,0,0,R,,0,104,0.0,0.0,0,0,0,0,1,7988.0,6517.0,1,1,1,0,0,7,32.58,84.52,0,Izzy,2003
125a355d-bfcf-4125-aa6c-35e7dea6f63e,Abeyance,wth,Weatherlight,expansion,1997-06-09,rare,2.0,Instant,Instant,W,1,0,0,W,,0,152,0.0,0.0,1,0,0,0,1,14305.0,,0,1,1,0,0,7,32.55,,0,Thomas Gianni,1997
193071fe-180b-4d35-ba78-9c16675c29fc,"Sea Gate Restoration // Sea Gate, Reborn",znr,Zendikar Rising,expansion,2020-09-25,mythic,7.0,Sorcery,Sorcery // Land,U,1,0,0,U,,0,0,0.0,0.0,0,0,0,0,1,681.0,,1,1,1,0,1,11,32.26,36.65,0,Adam Paquette,2015
dfb6176a-3938-4c59-b485-8751969358ad,Sword of Feast and Famine,acr,Assassin's Creed,draft_innovation,2024-07-05,mythic,3.0,Artifact,Artifact — Equipment,C,0,0,1,,Equip,1,209,0.0,0.0,0,1,0,0,1,538.0,2464.0,1,1,1,0,0,12,32.11,34.41,0,Thanh Tuấn,2015
350580d8-45db-4428-a292-cc4802bf1e4d,"Ashling, the Extinguisher",eve,Eventide,expansion,2008-07-25,rare,4.0,Creature,Legendary Creature — Elemental Shaman,B,1,0,0,B,,0,131,4.0,4.0,0,0,0,0,1,13372.0,8693.0,1,1,1,0,0,8,32.01,63.86,0,Wayne Reynolds,2003
7f1b99e0-ffb7-4f98-8ee5-4357bb79dd2e,Last March of the Ents,ltr,The Lord of the Rings: Tales of Middle-earth,draft_innovation,2023-06-23,mythic,8.0,Sorcery,Sorcery,G,1,0,0,G,,0,177,0.0,0.0,0,0,0,0,1,935.0,6685.0,1,1,1,0,0,11,31.61,33.56,0,John Tedrick,2015
e87dff94-71ed-469e-a10e-3ddfbd4a8bec,"Ojer Taq, Deepest Foundation // Temple of Civilization",lci,The Lost Caverns of Ixalan,expansion,2023-11-17,mythic,6.0,Creature,Legendary Creature — God // Land,W,1,0,0,W,"Vigilance,Transform",2,0,0.0,0.0,0,0,0,0,1,778.0,,1,1,1,1,1,14,31.45,38.16,0,Clint Lockwood & Josu Hernaiz,2015
a9f2c53e-ff58-4aa8-89a6-4f45628cc571,Ad Nauseam,2xm,Double Masters,masters,2020-08-07,rare,5.0,Instant,Instant,B,1,0,0,B,,0,157,0.0,0.0,0,1,0,0,1,1334.0,2776.0,1,1,1,0,0,7,31.32,72.7,1,Jeremy Jarvis,2015
a08a1377-dede-47c8-8447-c9df125f3b14,"Wort, Boggart Auntie",lrw,Lorwyn,expansion,2007-10-12,rare,4.0,Creature,Legendary Creature — Goblin Shaman,"B,R",2,1,0,"B,R",Fear,1,191,3.0,3.0,0,0,0,0,1,11704.0,3727.0,1,1,1,0,0,8,31.22,48.61,0,Larry MacDougall,2003
3af78d76-ad5c-44ba-880d-b834bcde5398,Chromatic Orrery,m21,Core Set 2021,core,2020-07-03,mythic,7.0,Artifact,Legendary Artifact,C,0,0,1,,,0,148,0.0,0.0,0,0,0,0,1,1194.0,6830.0,1,1,1,0,1,11,31.04,36.19,0,Volkan Baǵa,2015
24a5cc2c-0fbf-4a5f-b175-6e0ffd0d0787,Misty Rainforest,zen,Zendikar,expansion,2009-10-02,rare,0.0,Land,Land,C,0,0,1,,,0,129,0.0,0.0,0,0,0,0,1,42.0,,1,1,1,0,0,10,30.6,68.39,0,Shelly Wan,2003
dd4b4019-b73d-4be3-991e-2deb811ee675,"Vorinclex, Monstrous Raider",khm,Kaldheim,expansion,2021-02-05,mythic,6.0,Creature,Legendary Creature — Phyrexian Praetor,G,1,0,0,G,"Haste,Trample",2,352,6.0,6.0,0,0,0,0,0,1176.0,,1,1,1,0,1,11,30.45,36.91,0,Daarken,2015
504a69eb-3c2d-4bb1-b117-252b15acf0c2,Mana Confluence,jou,Journey into Nyx,expansion,2014-05-02,rare,0.0,Land,Land,C,0,0,1,,,0,43,0.0,0.0,0,0,0,0,1,118.0,,1,1,1,0,1,11,30.43,47.95,0,Richard Wright,2003
ce860ed4-a5bd-4347-9eab-dd716ea84db1,Bloodthirsty Conqueror,fdn,Foundations,core,2024-11-15,mythic,5.0,Creature,Creature — Vampire Knight,B,1,0,0,B,"Deathtouch,Flying",2,106,5.0,5.0,0,0,0,0,1,999.0,1022.0,1,1,1,1,1,16,30.37,37.87,0,Dmitry Burmak,2015
74e5dcec-ef1d-4461-bb23-61d98ff082dd,"Avacyn, Angel of Hope",inr,Innistrad Remastered,masters,2025-01-24,mythic,8.0,Creature,Legendary Creature — Angel,W,1,0,0,W,"Flying,Indestructible,Vigilance",3,83,8.0,8.0,0,1,0,0,0,754.0,,1,1,1,0,0,11,30.36,27.72,0,Jason Chan,1997
85eaf5e7-77dc-4842-a70c-ce4ac7f724df,"Sephiroth, Fabled SOLDIER // Sephiroth, One-Winged Angel",fin,Final Fantasy,expansion,2025-06-13,mythic,3.0,Creature,Legendary Creature — Human Avatar Soldier // Legendary Creature — Angel Nightmare Avatar,B,1,0,0,B,"Flying,Transform,Super Nova",3,0,0.0,0.0,0,0,0,0,1,1566.0,,1,1,1,1,1,15,30.24,31.94,0,Wisnu Tan,2015
05d7bed4-950a-4a4e-b79a-50e4aa416fe9,Animate Wall,2ed,Unlimited Edition,core,1993-12-01,rare,1.0,Enchantment,Enchantment — Aura,W,1,0,0,W,Enchant,1,73,0.0,0.0,0,1,0,0,1,21376.0,12904.0,0,1,1,0,0,8,29.99,,0,Dan Frazier,1993
c99c5707-d5f2-4675-bfca-e801e6b0f627,Aggravated Assault,ons,Onslaught,expansion,2002-10-07,rare,3.0,Enchantment,Enchantment,R,1,0,0,R,,0,168,0.0,0.0,0,0,0,0,1,696.0,9928.0,0,1,1,0,0,12,29.95,78.83,0,Greg Staples,1997
e65356e6-0ead-49fd-b069-be1ea9b1c105,Cathedral of Serra,leg,Legends,expansion,1994-06-01,uncommon,0.0,Land,Land,C,0,0,1,,,0,512,0.0,0.0,0,0,0,0,1,20480.0,,0,1,1,0,0,7,29.94,,0,Mark Poole,1993
2a02d6d5-27be-4301-a467-5b49491d0d4f,Biorhythm,ons,Onslaught,expansion,2002-10-07,rare,8.0,Sorcery,Sorcery,G,1,0,0,G,,0,70,0.0,0.0,0,0,0,0,1,14627.0,6438.0,1,1,1,0,0,8,29.85,107.1,1,Ron Spears,1997
f5208aff-a33e-48d9-94eb-98a517099741,Sword of Truth and Justice,sld,Secret Lair Drop,box,2025-06-09,mythic,3.0,Artifact,Artifact — Equipment,C,0,0,1,,"Proliferate,Equip",2,317,0.0,0.0,0,1,0,1,0,1619.0,4757.0,1,1,1,0,0,11,29.71,,0,Yongjae Choi,2015
37a497b8-e908-4ddc-996e-a8470df72afb,Super Shredder,tmt,Teenage Mutant Ninja Turtles,expansion,2026-03-06,mythic,2.0,Creature,Legendary Creature — Mutant Ninja Human,B,1,0,0,B,Menace,1,96,1.0,1.0,0,0,0,0,0,7957.0,,1,1,1,1,1,15,29.49,37.91,0,Néstor Ossandón Leal,2015
b1653811-1c2c-4e6c-bf1c-287d1b496d51,Exquisite Blood,jmp,Jumpstart,draft_innovation,2020-07-17,rare,5.0,Enchantment,Enchantment,B,1,0,0,B,,0,57,0.0,0.0,0,1,0,0,1,509.0,8331.0,1,1,1,0,0,11,29.44,,0,Cynthia Sheppard,2015
fcc887b1-299e-49f2-94ab-7c3fb24b1432,Crucible of Worlds,10e,Tenth Edition,core,2007-07-13,rare,3.0,Artifact,Artifact,C,0,0,1,,,0,39,0.0,0.0,0,1,0,0,1,575.0,1562.0,1,1,1,0,1,13,29.4,99.0,0,Ron Spencer,2003
05958bc8-e70c-4970-9fd2-a0f162786ad7,Ranger-Captain of Eos,plst,The List,masters,2024-02-09,mythic,3.0,Creature,Creature — Human Soldier Ranger,W,1,0,0,W,,0,230,3.0,3.0,0,1,0,0,1,739.0,,1,1,1,0,0,10,29.3,,0,Ryan Pancoast,2015
b69d2f7b-4705-4d61-964b-6ce892ed0abc,"Thassa, Deep-Dwelling",pthb,Theros Beyond Death Promos,promo,2020-01-24,mythic,4.0,Creature,Legendary Enchantment Creature — God,U,1,0,0,U,Indestructible,1,275,6.0,5.0,0,1,1,0,0,1213.0,2221.0,1,1,1,0,1,12,29.21,32.51,0,Zack Stella,2015
4eb064da-aba8-445c-bde7-e0f2172b3176,Consecrated Sphinx,sld,Secret Lair Drop,box,2024-07-29,mythic,6.0,Creature,Creature — Sphinx,U,1,0,0,U,Flying,1,65,4.0,6.0,0,1,0,0,0,650.0,7770.0,1,1,1,0,0,8,28.85,,1,JRZ251,1997
8c2d6fde-5c3b-48c3-828c-832f00570824,Doubling Season,pza,Teenage Mutant Ninja Turtles Source Material,masterpiece,2026-03-06,mythic,5.0,Enchantment,Enchantment,G,1,0,0,G,,0,257,0.0,0.0,0,1,0,1,0,207.0,3975.0,1,1,1,1,1,17,28.85,35.89,0,Kevin Eastman,2015
29cd7064-3703-43e0-8702-d1ba13703fd8,Ali Baba,arn,Arabian Nights,expansion,1993-12-17,uncommon,1.0,Creature,Creature — Human Rogue,R,1,0,0,R,,0,21,1.0,1.0,0,0,0,0,1,28996.0,,0,1,1,0,0,8,28.78,,0,Julie Baroh,1993
7037f57a-ca89-41bd-bf7f-2f54593c0f48,Cyclonic Rift,soa,Secrets of Strixhaven Mystical Archive,masterpiece,2026-04-24,mythic,2.0,Instant,Instant,U,1,0,0,U,Overload,1,185,0.0,0.0,0,1,0,0,0,50.0,501.0,1,1,1,0,1,12,28.71,74.97,1,Matthew G. Lewis,2015
ecc1027a-8c07-44a0-bdde-fa2844cff694,Vivi Ornitier,fin,Final Fantasy,expansion,2025-06-13,mythic,3.0,Creature,Legendary Creature — Wizard,"R,U",2,1,0,"R,U",,0,259,0.0,3.0,0,0,0,0,1,1486.0,,1,1,1,0,1,11,28.65,37.02,0,Toni Infante,2015
0bc1dbbf-73a7-4f79-b499-4668c853d958,Portal to Phyrexia,pbro,The Brothers' War Promos,promo,2022-11-18,mythic,9.0,Artifact,Artifact,C,0,0,1,,,0,249,0.0,0.0,0,1,1,0,0,1079.0,,1,1,1,0,1,11,28.54,28.01,0,Svetlin Velinov,2015
3d946df5-f206-4241-bb55-97db67dc793c,Doubling Cube,10e,Tenth Edition,core,2007-07-13,rare,2.0,Artifact,Artifact,C,0,0,1,,,0,66,0.0,0.0,0,1,0,0,1,3437.0,9960.0,1,1,1,0,0,8,28.33,69.95,0,Mark Tedin,2003
86e3be43-2bbd-48a5-9a9e-05f15a929dc3,Abyssal Persecutor,ltc,Tales of Middle-earth Commander,commander,2023-11-03,mythic,4.0,Creature,Creature — Demon,B,1,0,0,B,"Flying,Trample",2,78,6.0,6.0,0,1,0,1,0,6354.0,7349.0,1,1,1,0,0,8,28.27,31.69,0,Greg Hildebrandt & Tim Hildebrandt,2015
6fc5fc38-4054-4663-9061-df5455788c4a,Luxury Suite,clb,Commander Legends: Battle for Baldur's Gate,draft_innovation,2022-06-10,rare,0.0,Land,Land,"B,R",2,1,0,"B,R",,0,83,0.0,0.0,0,1,0,0,1,162.0,,0,1,1,0,0,5,28.12,30.33,0,Titus Lunter,2015
bc1f42a2-fe11-45da-9552-069803b4068a,"Mikaeus, the Unhallowed",cmm,Commander Masters,masters,2023-08-04,mythic,6.0,Creature,Legendary Creature — Zombie Cleric,B,1,0,0,B,Intimidate,1,388,5.0,5.0,0,1,0,0,1,1232.0,7073.0,1,1,1,0,0,7,28.09,28.21,0,Chris Rahn,2015
97502411-5c93-434c-b77b-ceb2c32feae7,"Halvar, God of Battle // Sword of the Realms",khm,Kaldheim,expansion,2021-02-05,mythic,4.0,Creature,Legendary Creature — God // Legendary Artifact — Equipment,W,1,0,0,W,Equip,1,0,0.0,0.0,0,0,0,0,1,2319.0,6723.0,1,1,1,0,1,12,28.05,26.63,0,Lie Setiawan,2015
4d6c0dc6-ab2e-4ab5-951a-1ddd6698e80e,Bitterblossom,wot,Wilds of Eldraine: Enchanting Tales,masterpiece,2023-09-08,mythic,2.0,Enchantment,Kindred Enchantment — Faerie,B,1,0,0,B,,0,112,0.0,0.0,0,1,0,1,0,621.0,163.0,1,1,1,0,0,12,27.98,33.92,0,I☆LA,2015
f26672a8-f4ff-4c64-bb3e-f5072bbc9e3e,Winding Canyons,wth,Weatherlight,expansion,1997-06-09,rare,0.0,Land,Land,C,0,0,1,,,0,88,0.0,0.0,1,0,0,0,1,7768.0,,0,1,1,0,0,7,27.94,,0,John Avon,1997
7abd2723-2851-4f1a-b2d0-dfcb526472c3,Verdant Catacombs,zen,Zendikar,expansion,2009-10-02,rare,0.0,Land,Land,C,0,0,1,,,0,128,0.0,0.0,0,0,0,0,1,47.0,,1,1,1,0,0,10,27.92,60.14,0,Vance Kovacs,2003
4ef603c2-b09c-40e9-b3ab-fceb4964aafd,"Yawgmoth, Thran Physician",dmr,Dominaria Remastered,masters,2023-01-13,mythic,4.0,Creature,Legendary Creature — Human Cleric,B,1,0,0,B,"Protection,Proliferate",2,274,2.0,4.0,0,1,0,0,1,802.0,,1,1,1,0,0,10,27.88,44.88,0,Mark Winters,1997
6d84e2d4-38bf-4d46-99a6-37c2dda66b16,Welcome to . . . // Jurassic Park,rex,Jurassic World Collection,eternal,2023-11-17,rare,3.0,Enchantment,Enchantment — Saga // Legendary Land,G,1,0,0,G,Transform,1,0,0.0,0.0,0,0,0,1,0,5224.0,,0,1,1,0,0,5,27.85,36.61,0,Villarrte,2015
d55b6a43-8961-4bbb-bd4a-c6c7d29f7234,Simulacrum Synthesizer,pbig,The Big Score Promos,promo,2025-08-01,mythic,3.0,Artifact,Artifact,U,1,0,0,U,Scry,1,226,0.0,0.0,0,1,1,0,0,1892.0,,1,1,1,1,1,14,27.84,30.38,0,Anton Solovianchyk,2015
4c91dbf4-94fa-45d0-b8ed-a778b11d789b,Battle Angels of Tyr,clb,Commander Legends: Battle for Baldur's Gate,draft_innovation,2022-06-10,mythic,4.0,Creature,Creature — Angel Knight,W,1,0,0,W,"Myriad,Flying,Treasure",3,310,4.0,4.0,0,0,0,0,1,1695.0,,0,1,1,0,0,5,27.74,25.91,0,Fajareka Setiawan,2015
ee40b357-38a8-41fd-8ab0-43c6d222b4c6,Nyxbloom Ancient,pthb,Theros Beyond Death Promos,promo,2020-01-24,mythic,7.0,Creature,Enchantment Creature — Elemental,G,1,0,0,G,Trample,1,94,5.0,5.0,0,1,1,0,0,978.0,12725.0,1,1,1,0,1,12,27.59,31.44,0,Filip Burburan,2015
aa33fdf3-7540-4b3c-8d11-d43344264ab9,Terror of the Peaks,potj,Outlaws of Thunder Junction Promos,promo,2024-04-19,mythic,5.0,Creature,Creature — Dragon,R,1,0,0,R,Flying,1,213,5.0,4.0,0,1,1,0,0,510.0,,1,1,1,1,1,14,27.58,29.29,0,Joshua Raphael,2015
67f4c93b-080c-4196-b095-6a120a221988,"Agadeem's Awakening // Agadeem, the Undercrypt",znr,Zendikar Rising,expansion,2020-09-25,mythic,3.0,Sorcery,Sorcery // Land,B,1,0,0,B,,0,0,0.0,0.0,0,0,0,0,1,967.0,,1,1,1,0,1,11,27.38,24.59,0,Dmitry Burmak,2015
9ca5273e-2d4d-4157-b3dd-69e375b0f434,Blightsteel Colossus,sld,Secret Lair Drop,box,2025-10-27,mythic,12.0,Creature,Artifact Creature — Phyrexian Golem,C,0,0,1,,"Indestructible,Trample,Infect",3,177,11.0,11.0,0,1,0,1,0,1055.0,531.0,1,1,1,0,0,8,27.26,,0,Narendra Bintara Adi,2015
d0d33d52-3d28-4635-b985-51e126289259,"Atraxa, Praetors' Voice",2xm,Double Masters,masters,2020-08-07,mythic,4.0,Creature,Legendary Creature — Phyrexian Angel Horror,"B,G,U,W",4,1,0,"B,G,U,W","Deathtouch,Flying,Lifelink,Vigilance,Proliferate",5,196,4.0,4.0,0,1,0,0,1,2396.0,,0,1,1,0,0,9,27.25,28.8,0,Victor Adame Minguez,2015
a6222cc6-996e-4b73-af87-e837bf1eb921,Aura Shards,cmd,Commander 2011,commander,2011-06-17,uncommon,3.0,Enchantment,Enchantment,"G,W",2,1,0,"G,W",,0,87,0.0,0.0,0,1,0,0,0,996.0,,0,1,1,0,0,7,27.2,,1,Ron Spencer,2003
659039ed-c269-4c2d-bce6-91d143f0618e,Marsh Flats,mm3,Modern Masters 2017,masters,2017-03-17,rare,0.0,Land,Land,C,0,0,1,,,0,128,0.0,0.0,0,1,0,0,1,51.0,,1,1,1,0,0,10,27.18,26.91,0,Izzy,2015
6d75e1f4-bd63-428e-8e6e-131594b3ba44,All Will Be One,one,Phyrexia: All Will Be One,expansion,2023-02-10,mythic,5.0,Enchantment,Enchantment,R,1,0,0,R,,0,192,0.0,0.0,0,0,0,0,1,1402.0,,1,1,1,0,1,11,26.95,33.6,0,Chris Rahn,2015
44dcab01-1d13-4dfc-ae2f-fbaa3dd35087,"Elesh Norn, Mother of Machines",one,Phyrexia: All Will Be One,expansion,2023-02-10,mythic,5.0,Creature,Legendary Creature — Phyrexian Praetor,W,1,0,0,W,Vigilance,1,232,4.0,7.0,0,1,0,0,1,946.0,,1,1,1,0,1,11,26.94,25.58,0,Martina Fačková,2015
5140d5d0-15ad-45b2-8ae8-aa53b1cd8132,"Ojer Axonil, Deepest Might // Temple of Power",lci,The Lost Caverns of Ixalan,expansion,2023-11-17,mythic,4.0,Creature,Legendary Creature — God // Land,R,1,0,0,R,"Transform,Trample",2,0,0.0,0.0,0,0,0,0,1,1414.0,,1,1,1,1,1,14,26.87,35.94,0,Clint Lockwood & Viko Menezes,2015
0b1cbebd-9552-4628-bbb7-e235a812063e,Cabal Coffers,mb2,Mystery Booster 2,masters,2024-08-02,uncommon,0.0,Land,Land,B,1,0,0,B,,0,45,0.0,0.0,0,1,0,0,0,186.0,,1,1,1,0,0,8,26.64,,0,Don Hazeltine,2015
24a14ac5-0b7e-4441-9963-782a7cda3f4a,The Walls of Ba Sing Se,tla,Avatar: The Last Airbender,expansion,2025-11-21,mythic,8.0,Creature,Legendary Artifact Creature — Wall,C,0,0,1,,Defender,1,58,0.0,30.0,0,0,0,0,1,2899.0,,1,1,1,1,1,16,26.59,27.75,0,Arthur Yuan,2015
1e1f470f-1194-4a87-ab6e-3574f5731642,Field of the Dead,slc,Secret Lair Countdown,box,2025-11-03,rare,0.0,Land,Land,C,0,0,1,,,0,192,0.0,0.0,0,1,0,1,0,437.0,54.0,0,1,1,0,0,6,26.54,29.59,1,Colby Nichols,2015
8a44fcd0-9c12-4cd7-9eff-b58294891fdc,Dolmen Gate,plst,The List,masters,2023-06-23,rare,2.0,Artifact,Artifact,C,0,0,1,,,0,81,0.0,0.0,0,1,0,0,1,1378.0,9201.0,1,1,1,0,0,12,26.49,,0,Richard Sardinha,2003
cf268311-7fc8-42a1-8c41-bd71d8a26483,"Otawara, Soaring City",pneo,Kamigawa: Neon Dynasty Promos,promo,2022-02-18,rare,0.0,Land,Legendary Land,U,1,0,0,U,Channel,1,215,0.0,0.0,0,1,1,0,0,91.0,,1,1,1,0,1,11,26.42,27.78,0,Alayna Danner,2015
3ff26cbe-eb5d-444b-9de2-51dd85d0a492,Vaultborn Tyrant,pbig,The Big Score Promos,promo,2026-01-23,mythic,7.0,Creature,Creature — Dinosaur,G,1,0,0,G,Trample,1,265,6.0,6.0,0,1,1,0,0,1794.0,1824.0,1,1,1,1,1,15,26.38,29.93,0,Loïc Canavaggia,2015
50e945b0-e919-41bb-9bc5-f71ad531e8f1,Panoptic Mirror,dst,Darksteel,expansion,2004-02-06,rare,5.0,Artifact,Artifact,C,0,0,1,,Imprint,1,237,0.0,0.0,0,0,0,0,1,11274.0,5755.0,1,1,1,0,0,8,26.35,62.35,1,Glen Angus,2003
44657ab1-0a6a-4a5f-9688-86f239083821,"Birgi, God of Storytelling // Harnfel, Horn of Bounty",khm,Kaldheim,expansion,2021-02-05,rare,3.0,Creature,Legendary Creature — God // Legendary Artifact,R,1,0,0,R,,0,0,0.0,0.0,0,0,0,0,1,489.0,4710.0,1,1,1,0,1,12,26.19,32.16,0,Eric Deschamps,2015
d6b2507f-4035-47d5-8295-0a3773f187fb,Masako the Humorless,chk,Champions of Kamigawa,expansion,2004-10-01,rare,3.0,Creature,Legendary Creature — Human Advisor,W,1,0,0,W,Flash,1,74,2.0,1.0,0,0,0,0,1,11361.0,11938.0,1,1,1,0,0,8,25.94,43.72,0,Ben Thompson,2003
141451e7-eb21-48ab-bf9f-632f4ea632bc,Torment of Hailfire,sld,Secret Lair Drop,box,2025-11-17,rare,2.0,Sorcery,Sorcery,B,1,0,0,B,,0,150,0.0,0.0,0,1,0,1,0,634.0,2703.0,1,1,1,0,1,12,25.91,,0,Alexandr Leskinen,2015
2c89261c-fff8-4145-9448-247a1f924409,"Purphoros, God of the Forge",plst,The List,masters,2019-11-07,mythic,4.0,Creature,Legendary Enchantment Creature — God,R,1,0,0,R,Indestructible,1,241,6.0,5.0,0,1,0,0,1,646.0,4786.0,1,1,1,0,1,12,25.9,,0,Eric Deschamps,2003
89dda260-836d-44e7-9540-13c352a1526c,Bloodletter of Aclazotz,sld,Secret Lair Drop,box,2026-02-09,mythic,4.0,Creature,Creature — Vampire Demon,B,1,0,0,B,Flying,1,125,2.0,4.0,0,1,0,1,0,811.0,,1,1,1,1,1,14,25.82,24.61,0,Michael Walsh,2015
80a04912-633d-4f67-b200-d55735438f76,Delighted Halfling,ltr,The Lord of the Rings: Tales of Middle-earth,draft_innovation,2023-06-23,rare,1.0,Creature,Creature — Halfling Citizen,G,1,0,0,G,,0,128,1.0,2.0,0,0,0,0,0,157.0,,1,1,1,0,0,10,25.39,,0,Inka Schulz,2015
f6723528-8b2c-4beb-a465-800300faf158,Attunement,usg,Urza's Saga,expansion,1998-10-12,rare,3.0,Enchantment,Enchantment,U,1,0,0,U,,0,87,0.0,0.0,0,0,0,0,1,15340.0,,0,1,1,0,0,7,25.23,,0,Randy Gallegos,1997
f809f970-25a7-4c34-b98f-1cb08012080d,Zagoth Triome,iko,Ikoria: Lair of Behemoths,expansion,2020-04-24,rare,0.0,Land,Land — Swamp Forest Island,"B,G,U",3,1,0,"B,G,U",Cycling,1,104,0.0,0.0,0,0,0,1,0,393.0,,1,1,1,0,1,11,25.04,41.16,0,Robbie Trevino,2015
bf4c2ae2-c114-455c-b14e-2c37e3f6c7e4,Serra Ascendant,sld,Secret Lair Drop,box,2025-11-17,rare,1.0,Creature,Creature — Human Monk,W,1,0,0,W,Lifelink,1,158,1.0,1.0,0,1,0,1,0,963.0,1772.0,1,1,1,0,0,12,24.98,,0,Alexandr Leskinen,2015
b6d1e901-cef9-45ca-a946-a4a9cba6702d,Archfiend of Despair,cmm,Commander Masters,masters,2023-08-04,mythic,8.0,Creature,Creature — Demon,B,1,0,0,B,Flying,1,174,6.0,6.0,0,1,0,0,1,2723.0,,0,1,1,0,0,5,24.77,24.73,0,Josh Hass,2015
3d170015-b125-49a6-a15e-8fd116bbcb14,Army of Allah,arn,Arabian Nights,expansion,1993-12-17,common,3.0,Instant,Instant,W,1,0,0,W,,0,48,0.0,0.0,0,0,0,0,1,27399.0,,0,1,1,0,0,9,24.74,,0,Brian Snõddy,1993
f524a232-7158-4f85-880e-fede2f9d35d1,Avatar of Growth,gnt,Game Night,box,2018-11-16,mythic,6.0,Creature,Creature — Elemental Avatar,G,1,0,0,G,Trample,1,210,4.0,4.0,0,0,0,0,0,11509.0,,0,1,1,0,0,5,24.66,,0,Grzegorz Rutkowski,2015
2f8eb787-02e9-47d1-a0d2-bac3f7eb8ce0,Grim Tutor,sld,Secret Lair Drop,box,2022-07-07,mythic,3.0,Sorcery,Sorcery,B,1,0,0,B,,0,92,0.0,0.0,0,1,0,1,0,682.0,,1,1,1,0,1,12,24.56,27.12,0,Roberto Gatto,2015
cf3320ec-c4e8-405a-982d-e009c58c9e21,"Maha, Its Feathers Night",blb,Bloomburrow,expansion,2024-08-02,mythic,5.0,Creature,Legendary Creature — Elemental Bird,B,1,0,0,B,"Flying,Trample,Ward",3,92,6.0,5.0,0,0,0,0,1,1983.0,5359.0,1,1,1,1,1,16,24.45,31.5,0,Alessandra Pisano,2015
09dbe391-a817-4347-986f-13849746db56,The Meathook Massacre,inr,Innistrad Remastered,masters,2025-01-24,mythic,2.0,Enchantment,Legendary Enchantment,B,1,0,0,B,,0,208,0.0,0.0,0,1,0,0,0,505.0,,1,1,1,0,1,11,24.25,25.92,0,Chris Seaman,1997
0c9c514f-f506-4b2c-af58-79922834cde7,Parallel Lives,mar,Marvel Universe,masterpiece,2025-09-26,mythic,4.0,Enchantment,Enchantment,G,1,0,0,G,,0,116,0.0,0.0,0,1,0,1,0,410.0,7599.0,1,1,1,0,0,11,24.15,26.49,0,Jim Cheung & Justin Ponsor,2015
7cd58bb6-dba2-4ab6-a03e-150aa7f5c216,Grave Pact,hop,Planechase,planechase,2009-09-04,rare,4.0,Enchantment,Enchantment,B,1,0,0,B,,0,94,0.0,0.0,0,1,0,0,0,563.0,3436.0,1,1,1,0,0,13,24.08,,0,Puddnhead,2003
d72fffc5-c9ea-47f0-921c-b47e23a6b2a5,Three Tree City,pblb,Bloomburrow Promos,promo,2024-08-02,rare,0.0,Land,Legendary Land,C,0,0,1,,,0,191,0.0,0.0,0,1,1,0,0,187.0,931.0,1,1,1,1,1,16,24.0,30.44,0,Grady Frederick,2015
45812af9-191b-449a-b9a4-74bedd4860e6,"Solphim, Mayhem Dominus",pone,Phyrexia: All Will Be One Promos,promo,2023-02-10,mythic,4.0,Creature,Legendary Creature — Phyrexian Horror,R,1,0,0,R,,0,291,5.0,4.0,0,0,1,0,0,862.0,5340.0,1,1,1,0,1,11,23.93,19.37,0,Chris Cold,2015
0b47f6d2-9f65-47a4-bfc4-15619befe53d,Phyrexian Tower,mh3,Modern Horizons 3,draft_innovation,2024-06-14,mythic,0.0,Land,Legendary Land,B,1,0,0,B,,0,52,0.0,0.0,0,1,0,0,1,208.0,,1,1,1,0,0,12,23.89,25.57,0,Martin de Diego Sádaba,2015
3d23f800-7a6f-40e3-b242-9f5955e47a75,Glacial Chasm,ice,Ice Age,expansion,1995-06-03,uncommon,0.0,Land,Land,C,0,0,1,,Cumulative upkeep,1,303,0.0,0.0,0,0,0,0,1,2139.0,,0,1,1,0,0,7,23.64,,1,Liz Danforth,1993
2905f6ac-d054-454b-8e1a-9c32db13a581,Quicksilver Elemental,mrd,Mirrodin,expansion,2003-10-02,rare,5.0,Creature,Creature — Elemental,U,1,0,0,U,,0,290,3.0,4.0,0,0,0,0,1,8442.0,17097.0,1,1,1,0,0,8,23.11,83.87,0,Tony Szczudlo,2003
1c95f8b8-faba-4412-8d8f-093e2ec903f0,Awaken the Woods,bro,The Brothers' War,expansion,2022-11-18,mythic,2.0,Sorcery,Sorcery,G,1,0,0,G,,0,95,0.0,0.0,0,0,0,0,1,1410.0,,1,1,1,0,1,11,23.11,20.38,0,Bryan Sola,2015
6411a8c6-010f-4863-a0fa-bbebe09d5c34,Thawing Glaciers,all,Alliances,expansion,1996-06-10,rare,0.0,Land,Land,C,0,0,1,,,0,214,0.0,0.0,1,0,0,0,1,11591.0,584.0,0,1,1,0,0,7,23.01,,0,Jeff A. Menges,1993
14b93784-cbe5-437a-8235-f6864e413b41,Timber Protector,lrw,Lorwyn,expansion,2007-10-12,rare,5.0,Creature,Creature — Treefolk Warrior,G,1,0,0,G,,0,107,4.0,6.0,0,0,0,0,1,7325.0,4868.0,1,1,1,0,0,8,22.96,24.54,0,Terese Nielsen & Philip Tan,2003
060da652-03c7-45e3-ad83-f0a9fa9d1049,Barbarian General,ptk,Portal Three Kingdoms,starter,1999-05-01,uncommon,5.0,Creature,Creature — Human Barbarian Soldier,R,1,0,0,R,Horsemanship,1,84,3.0,2.0,0,0,0,0,1,27003.0,,0,1,1,0,0,6,22.93,,0,Kuang Sheng,1997
4800ebc2-d5a7-4c26-a2f7-943a540ae47e,Admonition Angel,sld,Secret Lair Drop,box,2020-09-30,mythic,6.0,Creature,Creature — Angel,W,1,0,0,W,"Landfall,Flying",2,241,6.0,6.0,0,1,0,1,0,7528.0,12888.0,1,1,1,0,0,8,22.8,26.82,0,Anato Finnstark,2015
f4efd8b0-8ff0-45b5-a9bd-8ec08caebf0e,Thassa's Oracle,pthb,Theros Beyond Death Promos,promo,2020-01-24,rare,2.0,Creature,Creature — Merfolk Wizard,U,1,0,0,U,,0,388,1.0,3.0,0,1,1,0,0,401.0,,1,1,1,0,1,9,22.78,23.32,1,Jesper Ejsing,2015
b50fd7cb-b21c-46ee-bf2a-2c187088baf2,"Ghalta, Stampede Tyrant",plci,The Lost Caverns of Ixalan Promos,promo,2023-11-17,mythic,8.0,Creature,Legendary Creature — Elder Dinosaur,G,1,0,0,G,Trample,1,97,12.0,12.0,0,1,1,0,0,1037.0,,1,1,1,1,1,14,22.38,22.77,0,Lars Grant-West,2015
ffb190db-48fc-4c39-ae9f-5e304eabb4f4,Dosan the Falling Leaf,chk,Champions of Kamigawa,expansion,2004-10-01,rare,3.0,Creature,Legendary Creature — Human Monk,G,1,0,0,G,,0,52,2.0,2.0,0,0,0,0,1,6120.0,3899.0,1,1,1,0,0,8,22.35,131.01,0,Mark Zug,2003
a9222e18-41b3-423f-8715-305a0d8fd410,Eternity Vessel,zen,Zendikar,expansion,2009-10-02,mythic,6.0,Artifact,Artifact,C,0,0,1,,Landfall,1,209,0.0,0.0,0,0,0,0,1,9645.0,11860.0,1,1,1,0,0,8,22.24,50.19,0,John Avon,2003
96b6b2e1-c3e6-464c-8a13-b15deb34e862,Aetherflux Reservoir,kld,Kaladesh,expansion,2016-09-30,rare,4.0,Artifact,Artifact,C,0,0,1,,,0,138,0.0,0.0,0,0,0,0,1,369.0,1453.0,1,1,1,0,1,12,22.2,33.38,0,Cliff Childs,2015
d16af289-c74d-4b1f-a6cf-8aed30fa961c,Overlord of the Balemurk,pdsk,Duskmourn: House of Horror Promos,promo,2024-09-27,mythic,5.0,Creature,Enchantment Creature — Avatar Horror,B,1,0,0,B,"Impending,Mill",2,379,5.0,5.0,0,0,1,0,0,2348.0,,1,1,1,1,1,15,22.09,25.72,0,Babs Webb,2015
8cbedb0a-34ca-4d42-bb43-cbea0f3c6d02,Void Winnower,bfz,Battle for Zendikar,expansion,2015-10-02,mythic,9.0,Creature,Creature — Eldrazi,C,0,0,1,,,0,136,11.0,9.0,0,0,0,0,1,1600.0,2165.0,1,1,1,0,1,12,22.02,45.84,0,Chase Stone,2015
a1c75484-8bd1-49cf-8261-0e420ca89bca,"Nissa, Resurgent Animist",pmat,March of the Machine: The Aftermath Promos,promo,2024-02-09,mythic,3.0,Creature,Legendary Creature — Elf Scout,G,1,0,0,G,Landfall,1,318,3.0,3.0,0,1,1,0,0,2043.0,,1,1,1,0,1,11,22.01,20.95,0,Tuan Duong Chu,2015
3a665bff-b57a-450c-9310-932b0686a03e,Sword of Kaldra,mrd,Mirrodin,expansion,2003-10-02,rare,4.0,Artifact,Legendary Artifact — Equipment,C,0,0,1,,Equip,1,236,0.0,0.0,0,0,0,0,1,8876.0,11726.0,1,1,1,0,0,8,21.63,66.96,0,Donato Giancola,2003
18c59776-e1f1-4197-a128-db1d603f56b7,Beseech the Mirror,woe,Wilds of Eldraine,expansion,2023-09-08,mythic,4.0,Sorcery,Sorcery,B,1,0,0,B,Bargain,1,343,0.0,0.0,0,0,0,0,1,903.0,,1,1,1,1,1,14,21.57,28.0,0,Cynthia Sheppard,2015
52d3005f-a1c7-4ef5-911f-ccc0752f4181,Faerie Mastermind,mom,March of the Machine,expansion,2023-04-21,rare,2.0,Creature,Creature — Faerie Rogue,U,1,0,0,U,"Flying,Flash",2,119,2.0,1.0,0,0,0,0,1,343.0,,1,1,1,0,1,11,21.38,29.16,0,Joshua Raphael,2015
6dd0b9b0-55f4-4ce7-a916-6f23687f3fe4,Tiamat,afr,Adventures in the Forgotten Realms,expansion,2021-07-23,mythic,7.0,Creature,Legendary Creature — Dragon God,"B,G,R,U,W",5,1,0,"B,G,R,U,W",Flying,1,191,7.0,7.0,0,0,0,0,1,2907.0,13971.0,1,1,1,0,1,12,21.3,24.71,0,Chris Rahn,2015
f1a42691-98bb-4234-9b56-085e6677f3e4,Bartel Runeaxe,leg,Legends,expansion,1994-06-01,rare,6.0,Creature,Legendary Creature — Giant Warrior,"B,G,R",3,1,0,"B,G,R",Vigilance,1,60,6.0,5.0,1,0,0,0,1,29242.0,,0,1,1,0,0,7,21.29,,0,Andi Rusu,1993
a271351e-5d5e-443b-99a4-ebdc8a3c4923,Ward of Bones,eve,Eventide,expansion,2008-07-25,rare,6.0,Artifact,Artifact,C,0,0,1,,,0,192,0.0,0.0,0,0,0,0,1,11967.0,6938.0,1,1,1,0,0,8,21.28,99.32,0,David Martin,2003
01794178-cf41-454c-ac37-1d8b18e42db2,Green Sun's Zenith,ema,Eternal Masters,masters,2016-06-10,rare,1.0,Sorcery,Sorcery,G,1,0,0,G,,0,168,0.0,0.0,0,1,0,0,1,554.0,,1,1,1,0,0,11,21.27,29.48,0,David Rapoza,2015
192452f8-93c2-4a20-a52b-0093741a9e45,Sarkhan Unbroken,dtk,Dragons of Tarkir,expansion,2015-03-27,mythic,5.0,Planeswalker,Legendary Planeswalker — Sarkhan,"G,R,U",3,1,0,"G,R,U",,0,214,0.0,0.0,0,0,0,0,1,5903.0,4516.0,1,1,1,0,1,11,21.19,24.09,0,Aleksi Briclot,2015
249db4d4-2542-47ee-a216-e13ffbc2319c,"Emrakul, the Aeons Torn",2x2,Double Masters 2022,masters,2022-07-08,mythic,15.0,Creature,Legendary Creature — Eldrazi,C,0,0,1,,"Flying,Annihilator,Protection",3,272,15.0,15.0,0,1,0,0,1,,,1,1,0,0,0,7,20.98,19.65,0,Mark Tedin,2015
1d2750d1-ca70-4a36-bff3-bc95faf2f58b,Icetill Explorer,peoe,Edge of Eternities Promos,promo,2025-08-01,rare,4.0,Creature,Creature — Insect Scout,G,1,0,0,G,"Mill,Landfall",2,154,2.0,4.0,0,1,1,0,0,891.0,,1,1,1,1,1,15,20.97,20.74,0,Warren Mahy,2015
8068c263-e5fa-4449-8887-418e9d0a4da4,Angelic Voices,leg,Legends,expansion,1994-06-01,rare,4.0,Enchantment,Enchantment,W,1,0,0,W,,0,90,0.0,0.0,0,0,0,0,1,24795.0,15986.0,0,1,1,0,0,9,20.89,,0,Julie Baroh,1993
b83261ba-c239-4b6a-88eb-bdfc411916b3,"Sauron, the Dark Lord",ltr,The Lord of the Rings: Tales of Middle-earth,draft_innovation,2023-06-23,mythic,6.0,Creature,Legendary Creature — Avatar Horror,"B,R,U",3,1,0,"B,R,U","Amass,Ward",2,276,7.0,6.0,0,0,0,0,0,3341.0,6864.0,1,1,1,0,0,11,20.77,22.81,0,Dominik Mayer & Anato Finnstark,2015
ab56cedb-1bcd-48a5-8503-a8e324e236ad,"Kokusho, the Evening Star",ima,Iconic Masters,masters,2017-11-17,rare,6.0,Creature,Legendary Creature — Dragon Spirit,B,1,0,0,B,Flying,1,100,5.0,5.0,0,1,0,0,1,2284.0,7927.0,1,1,1,0,0,8,20.74,36.05,0,Slawomir Maniak,2015
b3693bf9-51d0-4508-bb9a-6de3ee44daab,Savai Triome,piko,Ikoria: Lair of Behemoths Promos,promo,2020-04-24,rare,0.0,Land,Land — Mountain Plains Swamp,"B,R,W",3,1,0,"B,R,W",Cycling,1,104,0.0,0.0,0,1,1,0,0,477.0,,1,1,1,0,1,11,20.71,23.14,0,Titus Lunter,2015
01b7c8e4-db88-48f3-bfd5-8d990f449b1c,"Oathkeeper, Takeno's Daisho",chk,Champions of Kamigawa,expansion,2004-10-01,rare,3.0,Artifact,Legendary Artifact — Equipment,C,0,0,1,,Equip,1,238,0.0,0.0,0,0,0,0,1,10416.0,14554.0,1,1,1,0,0,8,20.52,31.42,0,Arnie Swekel,2003
4c27c6ac-889f-4591-8789-4a6f1a264d98,Palantír of Orthanc,ltr,The Lord of the Rings: Tales of Middle-earth,draft_innovation,2023-06-23,mythic,3.0,Artifact,Legendary Artifact,C,0,0,1,,"Mill,Scry",2,324,0.0,0.0,0,0,0,0,0,1338.0,498.0,1,1,1,0,0,11,20.28,47.45,0,Tatiana Veryayskaya,2015
2cf7e8a3-fad7-413d-b17c-7519a9cf5fb5,"Cloud, Midgar Mercenary",fin,Final Fantasy,expansion,2025-06-13,mythic,2.0,Creature,Legendary Creature — Human Soldier Mercenary,W,1,0,0,W,,0,254,2.0,1.0,0,0,0,0,1,2011.0,,1,1,1,1,1,15,20.26,23.58,0,Kazto Furuya,2015
1eb34f51-0bd2-43c3-af95-2ce8dabcc7bb,Twinflame Tyrant,fdn,Foundations,core,2024-11-15,mythic,5.0,Creature,Creature — Dragon,R,1,0,0,R,Flying,1,137,3.0,5.0,0,0,0,0,1,937.0,7100.0,1,1,1,1,1,16,20.09,28.43,0,Xabi Gaztelua,2015
90de17d0-1783-48f3-8aef-0b85df6da730,Shadowspear,pza,Teenage Mutant Ninja Turtles Source Material,masterpiece,2026-03-06,mythic,1.0,Artifact,Legendary Artifact — Equipment,C,0,0,1,,Equip,1,159,0.0,0.0,0,1,0,1,0,330.0,,1,1,1,0,1,11,20.07,23.99,0,David Petersen,2015
04506bad-3856-4184-8dda-941ded60f41a,"Gisela, the Broken Blade",inr,Innistrad Remastered,masters,2025-01-24,mythic,4.0,Creature,Legendary Creature — Angel Horror,W,1,0,0,W,"Flying,Lifelink,First strike,Meld",4,208,4.0,3.0,0,1,0,0,1,2543.0,1595.0,1,1,1,0,1,12,20.05,22.62,0,Clint Cearley,2015
7993b049-09d8-4c1a-9455-bb092249e0b6,Aetherize,sld,Secret Lair Drop,box,2024-09-30,rare,4.0,Instant,Instant,U,1,0,0,U,,0,53,0.0,0.0,0,1,0,1,0,315.0,2864.0,1,1,1,1,1,16,19.96,,0,Peach Momoko,2015
781af4dd-9e3c-48af-80e9-b52c427d2120,Ancient Bronze Dragon,clb,Commander Legends: Battle for Baldur's Gate,draft_innovation,2022-06-10,mythic,7.0,Creature,Creature — Elder Dragon,G,1,0,0,G,Flying,1,170,7.0,7.0,0,0,0,0,1,2582.0,,0,1,1,0,0,9,19.96,19.71,0,Johan Grenier,2015
7132db09-4c60-4d6f-a0ae-2fdb8aea81a7,Braid of Fire,sld,Secret Lair Drop,box,2025-11-17,rare,2.0,Enchantment,Enchantment,R,1,0,0,R,Cumulative upkeep,1,176,0.0,0.0,0,1,0,1,0,4040.0,4680.0,1,1,1,0,0,8,19.92,,0,Tetsuko,2015
3bfcbeab-7a1e-4dcf-99bf-98f42c2b6a6f,"Thada Adel, Acquisitor",wwk,Worldwake,expansion,2010-02-05,rare,3.0,Creature,Legendary Creature — Merfolk Rogue,U,1,0,0,U,"Landwalk,Islandwalk",2,278,2.0,2.0,0,0,0,0,1,5172.0,11415.0,1,1,1,0,0,8,19.89,38.88,0,Andrew Robinson,2003
d2d5f30e-cc3a-46c1-82a9-2cd73705b2f5,"Shinka, the Bloodsoaked Keep",chk,Champions of Kamigawa,expansion,2004-10-01,rare,0.0,Land,Legendary Land,R,1,0,0,R,,0,87,0.0,0.0,0,0,0,0,1,2103.0,1239.0,1,1,1,0,0,8,19.79,60.3,0,Thomas M. Baxa,2003
7b215968-93a6-4278-ac61-4e3e8c3c3943,"Nicol Bolas, the Ravager // Nicol Bolas, the Arisen",m19,Core Set 2019,core,2018-07-13,mythic,4.0,Creature,Legendary Creature — Elder Dragon // Legendary Planeswalker — Bolas,"B,R,U",3,1,0,"B,R,U","Flying,Transform",2,0,0.0,0.0,0,0,0,0,1,5075.0,2771.0,1,1,1,0,1,12,19.78,37.57,0,Svetlin Velinov,2015
3ad0c3b4-fd24-44ad-8b30-4176f07be3d6,Merrow Commerce,lrw,Lorwyn,expansion,2007-10-12,uncommon,2.0,Enchantment,Kindred Enchantment — Merfolk,U,1,0,0,U,,0,65,0.0,0.0,0,0,0,0,1,6819.0,7206.0,1,1,1,0,0,7,19.75,30.0,0,Steve Ellis,2003
1192f7a9-102e-4b3a-b154-18c8eb332217,"Ulamog, the Ceaseless Hunger",bfz,Battle for Zendikar,expansion,2015-10-02,mythic,10.0,Creature,Legendary Creature — Eldrazi,C,0,0,1,,Indestructible,1,157,10.0,10.0,0,0,0,0,1,1255.0,,1,1,1,0,1,11,19.74,26.38,0,Michael Komarck,2015
e179eab9-acd8-44e9-a4a7-0a33a5195be5,Grinding Station,mb2,Mystery Booster 2,masters,2024-08-02,uncommon,2.0,Artifact,Artifact,C,0,0,1,,Mill,1,118,0.0,0.0,0,1,0,0,0,2237.0,,1,1,1,0,0,7,19.71,76.78,0,Greg Staples,future
f8f29b57-172e-407b-b55e-32fe96198f92,Attrition,cmd,Commander 2011,commander,2011-06-17,rare,3.0,Enchantment,Enchantment,B,1,0,0,B,,0,60,0.0,0.0,0,1,0,0,0,4744.0,4600.0,0,1,1,0,0,8,19.71,,0,Scott M. Fischer,2003
05514fab-079c-4c73-bc4c-355621f56d73,"Tezzeret, Cruel Captain",peoe,Edge of Eternities Promos,promo,2025-08-01,mythic,3.0,Planeswalker,Legendary Planeswalker — Tezzeret,C,0,0,1,,,0,483,0.0,0.0,0,1,1,0,0,1681.0,,1,1,1,1,1,15,19.57,20.53,0,Chris Rahn,2015
2cb86d65-15c3-4169-9716-c8394ede4f65,Unwinding Clock,brr,The Brothers' War Retro Artifacts,masterpiece,2022-11-18,rare,4.0,Artifact,Artifact,C,0,0,1,,,0,70,0.0,0.0,0,1,0,0,0,540.0,9602.0,1,1,1,0,0,12,19.5,22.11,0,Mike Bierek,1997
53d414f0-15ae-446b-a8d7-56c1b502740c,"Miren, the Moaning Well",sok,Saviors of Kamigawa,expansion,2005-06-03,rare,0.0,Land,Legendary Land,C,0,0,1,,,0,105,0.0,0.0,0,0,0,0,1,8226.0,6266.0,1,1,1,0,0,8,19.42,92.47,0,Rob Alexander,2003
cea90261-45c3-4daa-a9ef-7b7162bfc3d1,Thrumming Stone,plst,The List,masters,2020-09-01,rare,5.0,Artifact,Legendary Artifact,C,0,0,1,,,0,270,0.0,0.0,0,1,0,0,1,2286.0,7413.0,1,1,1,0,0,8,19.26,,0,Rob Alexander,2003
2a717b98-cdac-416d-bf6c-f6b6638e65d1,"Tamiyo, Inquisitive Student // Tamiyo, Seasoned Scholar",mh3,Modern Horizons 3,draft_innovation,2024-06-14,mythic,1.0,Creature,Legendary Creature — Moonfolk Wizard // Legendary Planeswalker — Tamiyo,"G,U",2,1,0,"G,U","Flying,Investigate,Transform",3,0,0.0,0.0,0,0,0,0,1,6984.0,,1,1,1,0,0,9,19.22,23.64,0,Magali Villeneuve,2015
0b61d772-2d8b-4acf-9dd2-b2e8b03538c8,"Erayo, Soratami Ascendant // Erayo's Essence",sok,Saviors of Kamigawa,expansion,2005-06-03,rare,2.0,Creature,Legendary Creature — Moonfolk Monk // Legendary Enchantment,U,1,0,0,U,Flying,1,0,1.0,1.0,0,0,0,0,1,,3566.0,1,1,0,0,0,6,19.2,60.73,0,Matt Cavotta,2003
b3c2d68d-690b-41e7-99ed-2d20c7e0a9b4,Chronicle of Victory,ecl,Lorwyn Eclipsed,expansion,2026-01-23,mythic,6.0,Artifact,Legendary Artifact,C,0,0,1,,,0,200,0.0,0.0,0,0,0,0,1,2677.0,,1,1,1,1,1,15,19.05,26.78,0,Aldo Domínguez,2015
88d36c32-d6f9-46e4-9cc8-08e6c0ff05d2,"Krang, Utrom Warlord",tmt,Teenage Mutant Ninja Turtles,expansion,2026-03-06,mythic,9.0,Creature,Legendary Artifact Creature — Utrom Robot,C,0,0,1,,"Flying,Indestructible,Haste,Trample",4,124,9.0,9.0,0,0,0,0,0,8364.0,,1,1,1,1,1,15,19.02,21.82,0,Lordigan,2015
7f613db0-3303-4d54-a060-1bd8b37a208f,"Ob Nixilis, Captive Kingpin",mat,March of the Machine: The Aftermath,expansion,2023-05-12,mythic,4.0,Creature,Legendary Creature — Demon,"B,R",2,1,0,"B,R","Flying,Trample",2,193,4.0,3.0,0,0,0,0,0,4320.0,,1,1,1,0,1,12,18.86,20.41,0,Zezhou Chen,2015
95318d85-4a08-47ac-a43d-ea83c0bea81c,Summon: Bahamut,fin,Final Fantasy,expansion,2025-06-13,mythic,9.0,Creature,Enchantment Creature — Saga Dragon,C,0,0,1,,Flying,1,293,9.0,9.0,0,0,0,0,1,1622.0,,1,1,1,1,1,15,18.85,21.94,0,Arif Wijaya,2015
c3cb2588-60f7-4e3b-b625-3b3ada7bcc28,"Linvala, Keeper of Silence",mm3,Modern Masters 2017,masters,2017-03-17,mythic,4.0,Creature,Legendary Creature — Angel,W,1,0,0,W,Flying,1,82,3.0,4.0,0,1,0,0,1,2470.0,3088.0,1,1,1,0,0,12,18.84,41.04,0,Igor Kieryluk,2015
57d549d2-566b-41f4-9747-00cfa9b955bf,Revel in Riches,plst,The List,masters,2019-11-07,rare,5.0,Enchantment,Enchantment,B,1,0,0,B,Treasure,1,240,0.0,0.0,0,1,0,0,1,1099.0,8285.0,1,1,1,0,1,12,18.84,,0,Eric Deschamps,2015
c8a40d37-6bd7-4476-9968-36b1988f36e2,Archmage of Echoes,woc,Wilds of Eldraine Commander,commander,2023-09-08,rare,5.0,Creature,Creature — Faerie Wizard,U,1,0,0,U,"Flying,Ward",2,107,4.0,4.0,0,0,0,0,0,3980.0,,0,1,1,0,0,5,18.77,,0,Olena Richards,2015
ae4f3aaf-3960-48cd-b34b-32e4ae5ae088,"Lumra, Bellow of the Woods",blb,Bloomburrow,expansion,2024-08-02,mythic,6.0,Creature,Legendary Creature — Elemental Bear,G,1,0,0,G,"Reach,Vigilance,Mill",3,205,,,0,0,0,0,1,1203.0,,1,1,1,1,1,15,18.68,28.46,0,Matt Stewart,2015
72098598-0b94-4b61-a2ad-8417e8c7628c,The Aetherspark,pdft,Aetherdrift Promos,promo,2025-02-14,mythic,4.0,Artifact,Legendary Artifact Planeswalker — Equipment,C,0,0,1,,,0,376,0.0,0.0,0,1,1,0,0,2200.0,,1,1,1,1,1,15,18.63,21.34,0,Donato Giancola,2015
24bd788f-72a9-42ba-9a69-ef6111fee40b,"Kaito, Bane of Nightmares",pdsk,Duskmourn: House of Horror Promos,promo,2024-09-27,mythic,4.0,Planeswalker,Legendary Planeswalker — Kaito,"B,U",2,1,0,"B,U","Surveil,Ninjutsu",2,460,0.0,0.0,0,0,1,0,0,5048.0,,1,1,1,1,1,15,18.62,19.02,0,Joshua Raphael,2015
670fbc63-4c9b-4e57-b53e-4ca4d7a224ba,Astral Dragon,clb,Commander Legends: Battle for Baldur's Gate,draft_innovation,2022-06-10,rare,8.0,Creature,Creature — Dragon,U,1,0,0,U,"Flying,Project Image",2,208,4.0,4.0,0,0,0,0,0,2429.0,,0,1,1,0,0,5,18.59,,0,Anastasia Ovchinnikova,2015
8d8432a7-1c8a-4cfb-947c-ecf9791063eb,Sire of Seven Deaths,fdn,Foundations,core,2024-11-15,mythic,7.0,Creature,Creature — Eldrazi,C,0,0,1,,"Lifelink,Reach,Vigilance,First strike,Trample,Menace,Ward",7,72,7.0,7.0,0,0,0,0,1,2395.0,,1,1,1,1,1,15,18.36,22.39,0,Lius Lasahido,2015
f4395b19-2118-4a09-8932-f9ce9bc54d6d,Alchor's Tomb,leg,Legends,expansion,1994-06-01,rare,4.0,Artifact,Artifact,C,0,0,1,,,0,106,0.0,0.0,1,0,0,0,1,28818.0,15964.0,0,1,1,0,0,8,18.36,,0,Jesper Myrfors,1993
a4f53a56-eb8e-44cd-ab13-8ac068052c68,Kodama of the West Tree,j25,Foundations Jumpstart,draft_innovation,2024-11-15,mythic,3.0,Creature,Legendary Creature — Spirit,G,1,0,0,G,Reach,1,281,3.0,3.0,0,1,0,0,0,805.0,7028.0,1,1,1,0,1,12,18.31,,0,Dai-XT,2015
4f67aa6c-6dce-47f7-9a8e-b8970b3c121e,Voice of Victory,ptdm,Tarkir: Dragonstorm Promos,promo,2025-04-11,rare,2.0,Creature,Creature — Human Bard,W,1,0,0,W,Mobilize,1,214,1.0,3.0,0,1,1,0,0,626.0,,1,1,1,1,1,15,18.29,18.73,0,Joshua Cairos,2015
169356e0-46dc-4096-8e66-36726454f104,Altar of Dementia,mh1,Modern Horizons,draft_innovation,2019-06-14,rare,2.0,Artifact,Artifact,C,0,0,1,,Mill,1,89,0.0,0.0,0,1,0,0,1,610.0,406.0,1,1,1,0,0,12,18.28,16.55,0,Brom,2015
62bbdc86-f5a0-4738-a5f6-f2347c8b2a58,Indatha Triome,piko,Ikoria: Lair of Behemoths Promos,promo,2020-04-24,rare,0.0,Land,Land — Plains Swamp Forest,"B,G,W",3,1,0,"B,G,W",Cycling,1,104,0.0,0.0,0,1,1,0,0,452.0,,1,1,1,0,1,11,18.24,17.89,0,Noah Bradley,2015
531da950-dc96-4050-94a8-e01b73ddd965,Sigarda's Aid,cmr,Commander Legends,draft_innovation,2020-11-20,rare,1.0,Enchantment,Enchantment,W,1,0,0,W,,0,156,0.0,0.0,0,1,0,0,0,868.0,3602.0,1,1,1,0,1,11,18.2,,0,Howard Lyon,2015
608cdbdb-6f7e-438a-bab0-0e7782435f0f,Akroma's Will,lcc,The Lost Caverns of Ixalan Commander,commander,2023-11-17,rare,4.0,Instant,Instant,W,1,0,0,W,,0,281,0.0,0.0,0,1,0,0,0,203.0,,0,1,1,0,0,9,18.13,,0,Antonio José Manzanedo,2015
3c0f7157-a375-499c-92c7-d47d2e95dbad,Ashnod's Altar,cmm,Commander Masters,masters,2023-08-04,uncommon,3.0,Artifact,Artifact,C,0,0,1,,,0,33,0.0,0.0,0,1,0,0,1,129.0,,0,1,1,0,0,13,18.12,17.78,0,Greg Staples,2015
44067327-6fe3-4222-b591-6d14d0e360d7,Vedalken Orrery,2x2,Double Masters 2022,masters,2022-07-08,rare,4.0,Artifact,Artifact,C,0,0,1,,,0,45,0.0,0.0,0,1,0,0,1,1397.0,11163.0,1,1,1,0,0,8,18.11,20.98,0,John Avon,2015
7c801275-226e-43a0-8440-cfe8ef717b03,Sword of Wealth and Power,pbig,The Big Score Promos,promo,2026-01-23,mythic,3.0,Artifact,Artifact — Equipment,C,0,0,1,,"Treasure,Equip",2,292,0.0,0.0,0,1,1,0,0,2057.0,6318.0,1,1,1,1,1,15,18.1,18.24,0,Dominik Mayer,2015
e5505044-d181-4af7-bd24-1a703e58d400,"Avatar Kyoshi, Earthbender",tle,Avatar: The Last Airbender Eternal,eternal,2025-11-21,mythic,8.0,Creature,Legendary Creature — Human Avatar,G,1,0,0,G,Earthbend,1,298,6.0,6.0,0,0,0,0,0,5372.0,,0,1,1,0,0,8,18.06,23.54,0,Tetsuko,2015
d4fb722f-40af-4bd1-b660-e8186b98f233,Sea of Clouds,clb,Commander Legends: Battle for Baldur's Gate,draft_innovation,2022-06-10,rare,0.0,Land,Land,"U,W",2,1,0,"U,W",,0,83,0.0,0.0,0,1,0,0,1,166.0,,0,1,1,0,0,5,18.04,19.43,0,Matt Gaser,2015
6e288374-2b71-4ace-b1d2-a19fee6cb4af,Polluted Delta,mh3,Modern Horizons 3,draft_innovation,2024-06-14,rare,0.0,Land,Land,C,0,0,1,,,0,129,0.0,0.0,0,1,0,0,1,38.0,,1,1,1,0,0,11,18.03,20.89,0,Chris Ostrowski,2015
34da1276-5321-4781-832e-4daf3e13ca16,Marrow-Gnawer,psal,Salvat 2005,box,2005-08-22,rare,5.0,Creature,Legendary Creature — Rat Rogue,B,1,0,0,B,,0,124,2.0,3.0,0,1,0,0,0,2940.0,8360.0,1,1,1,0,0,12,17.99,,0,Wayne Reynolds,2003
2e67d62f-9629-463b-a445-4181f6fafd0f,Declaration of Naught,mor,Morningtide,expansion,2008-02-01,rare,2.0,Enchantment,Enchantment,U,1,0,0,U,,0,95,0.0,0.0,0,0,0,0,1,18467.0,6671.0,1,1,1,0,0,7,17.96,41.19,0,Rob Alexander,2003
c057dc0d-4017-4e60-9c5e-45fc569a8d31,"Jace, the Mind Sculptor",a25,Masters 25,masters,2018-03-16,mythic,4.0,Planeswalker,Legendary Planeswalker — Jace,U,1,0,0,U,,0,362,0.0,0.0,0,1,0,0,1,3419.0,,1,1,1,0,0,11,17.68,19.63,0,Jason Chan,2015
71b03143-9e85-4061-88e6-ad621f75ec3b,Platinum Emperion,uma,Ultimate Masters,masters,2018-12-07,mythic,8.0,Creature,Artifact Creature — Golem,C,0,0,1,,,0,103,8.0,8.0,0,1,0,0,1,4906.0,388.0,1,1,1,0,0,8,17.65,23.43,0,Igor Kieryluk,2015
11d844a8-1497-4830-af57-400487dca001,Riverpyre Verge,pdft,Aetherdrift Promos,promo,2025-02-14,rare,0.0,Land,Land,"R,U",2,1,0,"R,U",,0,81,0.0,0.0,0,1,1,0,0,1111.0,,1,1,1,1,1,15,17.57,14.5,0,Titus Lunter,2015
14b4d558-11f2-46d0-8f25-d44f5e74f70c,"Myrel, Shield of Argive",slc,Secret Lair Countdown,box,2025-11-03,rare,4.0,Creature,Legendary Creature — Human Soldier,W,1,0,0,W,,0,242,3.0,4.0,0,1,0,1,0,1484.0,,1,1,1,0,1,11,17.57,24.47,0,Molly Mendoza,2015
5aa02bb5-7365-4b8d-ac86-13721fb19d01,Aspect of Wolf,2ed,Unlimited Edition,core,1993-12-01,rare,2.0,Enchantment,Enchantment — Aura,G,1,0,0,G,Enchant,1,173,0.0,0.0,0,1,0,0,1,22221.0,,0,1,1,0,0,8,17.52,,0,Jeff A. Menges,1993
674960ce-ff33-4d5e-a24a-a4582b2e9809,Hexing Squelcher,ecl,Lorwyn Eclipsed,expansion,2026-01-23,rare,2.0,Creature,Creature — Goblin Sorcerer,R,1,0,0,R,Ward,1,138,2.0,2.0,0,0,0,0,1,1370.0,,1,1,1,1,1,15,17.45,18.92,0,Matt Stewart,2015
50f76652-15e7-4190-842e-db6db6d66e91,"Minas Morgul, Dark Fortress",ltc,Tales of Middle-earth Commander,commander,2023-11-03,rare,0.0,Land,Legendary Land,B,1,0,0,B,,0,278,0.0,0.0,0,0,0,1,0,2133.0,,0,1,1,0,0,5,17.42,17.21,0,Campbell White,2015
90f148e6-1a5e-46fc-9557-40c5c0038069,"Emeria, the Sky Ruin",soc,Secrets of Strixhaven Commander,commander,2026-04-24,rare,0.0,Land,Land,W,1,0,0,W,,0,184,0.0,0.0,0,1,0,0,0,1121.0,1756.0,1,1,1,0,0,8,17.42,,0,Jaime Jones,2015
9d46aca2-4714-4d2c-9466-5f1c043b8726,Confusion in the Ranks,mrd,Mirrodin,expansion,2003-10-02,rare,5.0,Enchantment,Enchantment,R,1,0,0,R,,0,189,0.0,0.0,0,0,0,0,1,7972.0,11509.0,1,1,1,0,0,8,17.42,58.82,0,Ron Spencer,2003
9ff4efdf-c0bb-443a-a100-2f3850571e91,"Tergrid, God of Fright // Tergrid's Lantern",khm,Kaldheim,expansion,2021-02-05,rare,5.0,Creature,Legendary Creature — God // Legendary Artifact,B,1,0,0,B,Menace,1,0,0.0,0.0,0,0,0,0,0,1512.0,3487.0,1,1,1,0,1,12,17.41,24.57,1,Richard Luong,2015
2462df62-fc35-47ed-9571-40452074dc6d,Traveling Chocobo,fin,Final Fantasy,expansion,2025-06-13,mythic,3.0,Creature,Creature — Bird,G,1,0,0,G,,0,287,3.0,2.0,0,0,0,0,1,2233.0,,1,1,1,1,1,15,17.24,21.93,0,Ashley Mackenzie,2015
ab70c262-37a9-4dcd-80bb-d4422368eade,"Keranos, God of Storms",jou,Journey into Nyx,expansion,2014-05-02,mythic,5.0,Creature,Legendary Enchantment Creature — God,"R,U",2,1,0,"R,U",Indestructible,1,293,6.0,5.0,0,0,0,0,1,6893.0,7026.0,1,1,1,0,1,11,17.22,17.87,0,Daarken,2003
a8503cca-7e7d-44c4-8587-81376b396398,Wooded Foothills,ktk,Khans of Tarkir,expansion,2014-09-26,rare,0.0,Land,Land,C,0,0,1,,,0,131,0.0,0.0,0,1,0,0,1,48.0,,1,1,1,0,0,11,17.21,22.35,0,Jonas De Ro,2015
634f6f70-347e-436f-abf9-4a573472e2c8,"Amzu, Swarm's Hunger",clu,Ravnica: Clue Edition,draft_innovation,2024-02-23,rare,5.0,Creature,Legendary Creature — Insect Shaman,"B,G",2,1,0,"B,G","Flying,Menace",2,285,3.0,3.0,0,0,0,0,0,7518.0,,0,1,1,0,0,5,17.2,,0,Slawomir Maniak,2015
5f0e1481-a2a3-43d0-a33f-6f450c176e43,Pact of Negation,mma,Modern Masters,masters,2013-06-07,rare,0.0,Instant,Instant,U,1,0,0,U,,0,107,0.0,0.0,0,1,0,0,1,356.0,,1,1,1,0,0,11,17.19,32.3,0,Jason Chan,2003
ba4106de-20c7-48cf-8a36-8c6913b46c89,Sliver Hivelord,m15,Magic 2015,core,2014-07-18,mythic,5.0,Creature,Legendary Creature — Sliver,"B,G,R,U,W",5,1,0,"B,G,R,U,W",,0,109,5.0,5.0,0,0,0,0,1,3674.0,8292.0,1,1,1,0,1,12,17.14,75.84,0,Aleksi Briclot,2015
c4589226-6072-409b-b598-ebd87f675a6a,Urza's Incubator,mh3,Modern Horizons 3,draft_innovation,2024-06-14,rare,3.0,Artifact,Artifact,C,0,0,1,,,0,106,0.0,0.0,0,1,0,0,1,303.0,7812.0,1,1,1,0,0,13,17.12,25.07,0,Grzegorz Rutkowski,2015
59fa5bab-8626-4b45-a3a3-621f6d9509ab,Hall of the Bandit Lord,chk,Champions of Kamigawa,expansion,2004-10-01,rare,0.0,Land,Legendary Land,C,0,0,1,,,0,123,0.0,0.0,0,0,0,0,1,2918.0,3437.0,1,1,1,0,0,8,17.02,60.0,0,Paolo Parente,2003
7e423417-238a-4dde-abe9-fa79385b1bdb,Bountiful Promenade,plst,The List,masters,2024-12-02,rare,0.0,Land,Land,"G,W",2,1,0,"G,W",,0,83,0.0,0.0,0,1,0,0,1,206.0,,0,1,1,0,0,5,16.84,,0,Jung Park,2015
579743fe-f71e-4cb2-8629-d6b02ed1591d,Bloodstained Mire,mh3,Modern Horizons 3,draft_innovation,2024-06-14,rare,0.0,Land,Land,C,0,0,1,,,0,130,0.0,0.0,0,1,0,0,1,43.0,,1,1,1,0,0,11,16.81,17.36,0,Bruce Brenneise,2015
dd6f76d4-a2b3-40e5-b6a7-b27c42caf615,"Ashiok, Dream Render",sld,Secret Lair Drop,box,2022-02-18,rare,3.0,Planeswalker,Legendary Planeswalker — Ashiok,"B,U",2,1,0,"B,U",Mill,1,171,0.0,0.0,0,1,0,1,0,2466.0,,1,1,1,0,1,11,16.78,19.83,0,Uta Natsume,2015
ca9203fa-12db-4fa0-affd-4db277c871b7,Jetmir's Garden,snc,Streets of New Capenna,expansion,2022-04-29,rare,0.0,Land,Land — Mountain Forest Plains,"G,R,W",3,1,0,"G,R,W",Cycling,1,104,0.0,0.0,0,0,0,0,0,346.0,,1,1,1,0,1,11,16.76,17.7,0,BEMOCS,2015
e0769fc7-50b5-4b49-8aff-af04536288fb,Kjeldoran Outpost,all,Alliances,expansion,1996-06-10,rare,0.0,Land,Land,W,1,0,0,W,,0,219,0.0,0.0,1,0,0,0,1,14256.0,1293.0,0,1,1,0,0,8,16.73,,0,Jeff A. Menges,1993
bf2249e6-af74-4b88-8eb7-144ce8fa7f6b,Sheoldred // The True Scriptures,mom,March of the Machine,expansion,2023-04-21,mythic,5.0,Creature,Legendary Creature — Phyrexian Praetor // Enchantment — Saga,B,1,0,0,B,"Transform,Menace,Mill",3,0,0.0,0.0,0,0,0,0,1,1798.0,,1,1,1,0,1,11,16.65,16.88,0,Ryan Pancoast,2015
8dfcb129-4665-40e4-b5cb-a79f3f40ae5c,"Phenax, God of Deception",bng,Born of the Gods,expansion,2014-02-07,mythic,5.0,Creature,Legendary Enchantment Creature — God,"B,U",2,1,0,"B,U","Indestructible,Mill",2,203,4.0,7.0,0,0,0,0,1,4846.0,14579.0,1,1,1,0,1,12,16.62,31.11,0,Ryan Barger,2003
e419cd0b-2449-4cc5-9ead-b9e45e271700,"Phlage, Titan of Fire's Fury",mh3,Modern Horizons 3,draft_innovation,2024-06-14,mythic,3.0,Creature,Legendary Creature — Elder Giant,"R,W",2,1,0,"R,W",Escape,1,270,6.0,6.0,0,0,0,0,1,8308.0,,1,1,1,0,0,10,16.54,16.53,0,Lucas Graciano,2015
c303a627-cce3-4045-81f8-fe7427e0a941,Raugrin Triome,iko,Ikoria: Lair of Behemoths,expansion,2020-04-24,rare,0.0,Land,Land — Island Mountain Plains,"R,U,W",3,1,0,"R,U,W",Cycling,1,104,0.0,0.0,0,0,0,1,0,486.0,,1,1,1,0,1,11,16.46,29.59,0,Robbie Trevino,2015
e6702f47-cb5c-46fc-a611-f2194ec5c851,Exalted Sunborn,peoe,Edge of Eternities Promos,promo,2025-08-01,mythic,5.0,Creature,Creature — Angel Wizard,W,1,0,0,W,"Flying,Lifelink,Warp",3,307,4.0,5.0,0,1,1,0,0,1875.0,,1,1,1,1,1,15,16.44,16.41,0,Scott M. Fischer,2015
0c5060cb-b9ec-482d-a321-533c67805758,Strip Mine,rin,Rinascimento,masters,1995-08-01,uncommon,0.0,Land,Land,C,0,0,1,,,0,60,0.0,0.0,0,1,0,0,1,516.0,,0,0,1,0,0,5,16.43,,0,Daniel Gelon,1993
f43748ea-1d65-4ee8-9c66-221412a284c0,Grand Arbiter Augustin IV,2x2,Double Masters 2022,masters,2022-07-08,rare,4.0,Creature,Legendary Creature — Human Advisor,"U,W",2,1,0,"U,W",,0,138,2.0,3.0,0,1,0,0,1,1772.0,6029.0,1,1,1,0,0,8,16.42,17.96,1,Zoltan Boros & Gabor Szikszai,2015
c0c33a92-5621-40b4-a3a2-b67893edbc01,Arcbound Ravager,mma,Modern Masters,masters,2013-06-07,rare,2.0,Creature,Artifact Creature — Beast,C,0,0,1,,Modular,1,195,0.0,0.0,0,1,0,0,1,3801.0,488.0,1,1,1,0,0,11,16.42,22.45,0,Kev Walker,2003
2f6f1453-fe93-4a29-965c-5f867a81e8b3,Spectator Seating,cmr,Commander Legends,draft_innovation,2020-11-20,rare,0.0,Land,Land,"R,W",2,1,0,"R,W",,0,83,0.0,0.0,0,0,0,0,1,171.0,,0,1,1,0,0,5,16.41,15.67,0,Ravenna Tran,2015
9ab09047-f76b-4d3a-843b-73f798e8f03e,Sakashima the Impostor,plst,The List,masters,2020-09-26,rare,4.0,Creature,Legendary Creature — Human Rogue,U,1,0,0,U,,0,290,3.0,1.0,0,1,0,0,0,1959.0,6198.0,1,1,1,0,0,8,16.35,,0,rk post,2003
e5b1b1dc-523c-4fce-baea-6f13971cc03b,Ketria Triome,plst,The List,masters,2023-04-21,rare,0.0,Land,Land — Forest Island Mountain,"G,R,U",3,1,0,"G,R,U",Cycling,1,104,0.0,0.0,0,1,0,0,1,349.0,,1,1,1,0,1,11,16.34,,0,Sam Burley,2015
c565f8fe-acf7-40dd-8100-8f692d1e232c,Talon Gates of Madara,m3c,Modern Horizons 3 Commander,commander,2024-06-14,rare,0.0,Land,Land — Gate,C,0,0,1,,,0,167,0.0,0.0,0,0,0,0,0,594.0,,0,1,1,0,0,5,16.34,,0,Steven Belledin,2015
0de4df3c-ac5a-4cff-9fbc-9269991224f9,Urborg,ltc,Tales of Middle-earth Commander,commander,2023-11-03,rare,0.0,Land,Legendary Land,B,1,0,0,B,,0,85,0.0,0.0,0,1,0,1,0,8941.0,168.0,0,1,1,0,0,6,16.33,16.17,0,Greg Hildebrandt & Tim Hildebrandt,2015
0a74b4e6-f6c9-4fef-a83c-a285a541e720,"Ashaya, Soul of the Wild",dsc,Duskmourn: House of Horror Commander,commander,2024-09-27,mythic,5.0,Creature,Legendary Creature — Elemental,G,1,0,0,G,,0,209,,,0,1,0,0,0,794.0,5912.0,1,1,1,0,1,12,16.31,,0,Chase Stone,2015
8ae591d2-b9d3-4bc5-bcec-5d3d79a13b41,Aura Thief,uds,Urza's Destiny,expansion,1999-06-07,rare,4.0,Creature,Creature — Illusion,U,1,0,0,U,Flying,1,100,2.0,2.0,0,0,0,0,1,10521.0,,0,1,1,0,0,7,16.31,92.66,0,Ron Spears,1997
e8364ce0-4c11-4af0-9f4b-e4c20d640dfc,Psychic Possession,dis,Dissension,expansion,2006-05-05,rare,4.0,Enchantment,Enchantment — Aura,U,1,0,0,U,Enchant,1,100,0.0,0.0,0,0,0,0,1,10747.0,7212.0,1,1,1,0,0,8,16.28,48.75,0,Mark Tedin,2003
77f1f6ac-983f-4f3e-8906-47f774e8367b,Armageddon,a25,Masters 25,masters,2018-03-16,mythic,4.0,Sorcery,Sorcery,W,1,0,0,W,,0,18,0.0,0.0,0,1,0,0,1,4031.0,,0,1,1,0,0,7,16.25,17.24,0,Chris Rahn,2015
fd00d56a-86bd-41d8-82b6-975404ef8067,"Ulamog, the Defiler",mh3,Modern Horizons 3,draft_innovation,2024-06-14,mythic,10.0,Creature,Legendary Creature — Eldrazi,C,0,0,1,,Ward,1,302,7.0,7.0,0,0,0,0,1,1546.0,,1,1,1,0,0,10,16.2,19.56,0,Chase Stone,2015
d81bce60-78f6-4f42-9fcd-383f66f85de5,Arbor Elf,sld,Secret Lair Drop,box,2024-07-29,rare,1.0,Creature,Creature — Elf Druid,G,1,0,0,G,,0,25,1.0,1.0,0,1,0,1,0,590.0,1117.0,1,1,1,0,0,9,16.18,,0,Andrew MacLean,2015
08580488-686a-48cd-9a15-757fa0e4ff83,"Baylen, the Haymaker",sld,Secret Lair Drop,box,2026-03-02,rare,3.0,Creature,Legendary Creature — Rabbit Warrior,"G,R,W",3,1,0,"G,R,W",,0,225,4.0,3.0,0,1,0,1,0,2657.0,12924.0,1,1,1,1,1,16,16.13,16.54,0,Stan Sakai,2015
2750bee4-7dfa-4128-989c-5f81af1b322a,Craterhoof Behemoth,sld,Secret Lair Drop,box,2021-11-05,mythic,8.0,Creature,Creature — Beast,G,1,0,0,G,Haste,1,148,5.0,5.0,0,1,0,0,0,339.0,,1,1,1,1,1,15,16.12,16.76,0,"Lars Grant-West, age 52",2015
9e5b279e-4670-4a1e-87d0-3cab7e4f9e58,Snapcaster Mage,isd,Innistrad,expansion,2011-09-30,rare,2.0,Creature,Creature — Human Wizard,U,1,0,0,U,Flash,1,246,2.0,1.0,0,0,0,0,1,1469.0,,1,1,1,0,0,10,15.98,46.14,0,Volkan Baǵa,2003
aa5931c8-e453-4bfd-98b2-0baf5c55f1cb,Unbound Flourishing,soc,Secrets of Strixhaven Commander,commander,2026-04-24,mythic,3.0,Enchantment,Enchantment,G,1,0,0,G,,0,307,0.0,0.0,0,1,0,0,0,3200.0,4335.0,1,1,1,0,0,7,15.93,,0,Madeline Boni,2015
b673bf01-aed0-4d5b-bdd2-35dc8a162dc6,Wasteland,slc,Secret Lair Countdown,box,2025-11-03,rare,0.0,Land,Land,C,0,0,1,,,0,69,0.0,0.0,0,1,0,1,0,1168.0,,0,1,1,0,0,6,15.89,15.77,0,Aaron J. Riley,2015
1177787f-bf1e-438b-9615-97d03b04128c,Greater Auramancy,shm,Shadowmoor,expansion,2008-05-02,rare,2.0,Enchantment,Enchantment,W,1,0,0,W,,0,158,0.0,0.0,0,0,0,0,1,2322.0,1956.0,1,1,1,0,0,12,15.88,31.94,0,Chuck Lukacs,2003
9bac8176-d0db-4397-820d-acbdd3264377,Black Market Connections,acr,Assassin's Creed,draft_innovation,2024-07-05,rare,3.0,Enchantment,Enchantment,B,1,0,0,B,"Hire a Mercenary,Treasure,Sell Contraband,Buy Information",4,310,0.0,0.0,0,1,0,0,1,133.0,918.0,1,1,1,0,0,11,15.78,17.04,0,Filipe Pagliuso,2015
4b14b97d-122b-453a-9e5f-129404f96440,Soul Spike,csp,Coldsnap,expansion,2006-07-21,rare,7.0,Instant,Instant,B,1,0,0,B,,0,145,0.0,0.0,0,0,0,0,1,25169.0,3795.0,1,1,1,0,0,7,15.78,65.13,0,Wayne England,2003
345b9599-c4b6-4716-9e75-ba7c6df8785c,Polyraptor,sld,Secret Lair Drop,box,2025-09-26,mythic,8.0,Creature,Creature — Dinosaur,G,1,0,0,G,Enrage,1,95,5.0,5.0,0,1,0,1,0,3602.0,14589.0,1,1,1,0,1,12,15.76,,0,Ben Millar,2015
0e144ae1-500d-4485-b476-5783b14380d9,Vault of Champions,cmr,Commander Legends,draft_innovation,2020-11-20,rare,0.0,Land,Land,"B,W",2,1,0,"B,W",,0,83,0.0,0.0,0,0,0,0,1,167.0,,0,1,1,0,0,5,15.73,15.66,0,Cliff Childs,2015
78a5d49a-747e-4ec8-a20a-ca917c315774,Krark's Thumb,mrd,Mirrodin,expansion,2003-10-02,rare,2.0,Artifact,Legendary Artifact,C,0,0,1,,,0,64,0.0,0.0,0,0,0,0,1,4965.0,5096.0,1,1,1,0,0,8,15.71,24.76,0,Ron Spencer,2003
861dc1a5-4e84-47bc-83a2-f289804086d8,Starfield of Nyx,ori,Magic Origins,core,2015-07-17,mythic,5.0,Enchantment,Enchantment,W,1,0,0,W,,0,318,0.0,0.0,0,0,0,0,1,2146.0,3784.0,1,1,1,0,1,12,15.55,58.74,0,Tyler Jacobson,2015
f5ecf811-2efc-4fa6-9af8-ef09f559ec1a,Arcum Dagsson,2xm,Double Masters,masters,2020-08-07,mythic,4.0,Creature,Legendary Creature — Human Artificer,U,1,0,0,U,,0,170,2.0,2.0,0,1,0,0,1,6628.0,4599.0,1,1,1,0,0,8,15.5,19.55,0,Pete Venters,2015
f8aa8193-abed-4e78-9e1a-70e4c2c0c670,Kor Haven,ltc,Tales of Middle-earth Commander,commander,2023-06-23,mythic,0.0,Land,Legendary Land,W,1,0,0,W,,0,112,0.0,0.0,0,1,0,1,0,3699.0,,0,1,1,0,0,7,15.48,15.68,0,Erikas Perl,2015
a3995426-2baf-47aa-8111-de07e65f64b4,Coat of Arms,8ed,Eighth Edition,core,2003-07-28,rare,5.0,Artifact,Artifact,C,0,0,1,,,0,214,0.0,0.0,0,1,0,0,1,928.0,5459.0,1,1,1,0,0,9,15.46,,0,Scott M. Fischer,2003
2fa09104-acbe-4410-b101-2fe6ac28efde,"Evendo, Waking Haven",eoe,Edge of Eternities,expansion,2025-08-01,mythic,0.0,Land,Land — Planet,G,1,0,0,G,Station,1,219,0.0,0.0,0,0,0,0,1,1380.0,,1,1,1,1,1,15,15.42,17.44,0,Adam Paquette,2015
8801efe9-e141-4790-9d97-af8fc0222833,Fiery Emancipation,wot,Wilds of Eldraine: Enchanting Tales,masterpiece,2023-09-08,rare,6.0,Enchantment,Enchantment,R,1,0,0,R,,0,132,0.0,0.0,0,1,0,1,0,832.0,6581.0,1,1,1,0,1,12,15.37,18.07,0,Harry Conway,2015
17260fff-b239-4af4-9306-3236ae3fa5a5,Thundering Falls,mkm,Murders at Karlov Manor,expansion,2024-02-09,rare,0.0,Land,Land — Island Mountain,"R,U",2,1,0,"R,U",Surveil,1,157,0.0,0.0,0,0,0,0,1,635.0,,1,1,1,1,1,14,15.33,16.25,0,Grady Frederick,2015
78808d46-a3a7-4598-bddf-a302977808fb,"Toxrill, the Corrosive",vow,Innistrad: Crimson Vow,expansion,2021-11-19,mythic,7.0,Creature,Legendary Creature — Slug Horror,B,1,0,0,"B,U",,0,310,7.0,7.0,0,0,0,1,0,2288.0,,1,1,1,0,1,12,15.3,17.32,0,DZO,2015
3087f7e7-9163-45b5-907d-7667c1075a74,Lighthouse Chronologist,roe,Rise of the Eldrazi,expansion,2010-04-23,mythic,2.0,Creature,Creature — Human Wizard,U,1,0,0,U,Level Up,1,196,1.0,3.0,0,0,0,0,1,12365.0,15390.0,1,1,1,0,0,8,15.28,62.49,0,Steven Belledin,2003
ced8571a-24e1-45be-8698-3314b663940a,"Esika, God of the Tree // The Prismatic Bridge",khm,Kaldheim,expansion,2021-02-05,mythic,3.0,Creature,Legendary Creature — God // Legendary Enchantment,"B,G,R,U,W",5,1,0,"B,G,R,U,W",Vigilance,1,0,0.0,0.0,0,0,0,0,0,2468.0,7059.0,1,1,1,0,1,12,15.24,18.66,0,Collin Estrada,2015
8f85e12c-196b-4459-b81f-0c9c854e9f57,Flooded Strand,mh3,Modern Horizons 3,draft_innovation,2024-06-14,rare,0.0,Land,Land,C,0,0,1,,,0,129,0.0,0.0,0,1,0,0,1,41.0,,1,1,1,0,0,11,15.24,17.28,0,Alexander Forssberg,2015
712fb9e5-bd67-4173-a2d4-061aeb6253b5,Urabrask // The Great Work,mom,March of the Machine,expansion,2023-04-21,mythic,4.0,Creature,Legendary Creature — Phyrexian Praetor // Enchantment — Saga,R,1,0,0,R,"Transform,First strike,Treasure",3,0,0.0,0.0,0,0,0,0,1,1706.0,3992.0,1,1,1,0,1,12,15.17,15.16,0,Campbell White,2015
2b6ccfdc-acfb-4e73-a583-0c6964b86083,Thousand-Year Elixir,c13,Commander 2013,commander,2013-11-01,rare,3.0,Artifact,Artifact,C,0,0,1,,,0,121,0.0,0.0,0,1,0,0,0,904.0,5277.0,1,1,1,0,0,12,15.14,,0,Richard Sardinha,2003
2879e7a1-0256-4116-be22-7c9972e4ce0b,Bitter Ordeal,fut,Future Sight,expansion,2007-05-04,rare,3.0,Sorcery,Sorcery,B,1,0,0,B,Gravestorm,1,223,0.0,0.0,0,0,0,0,1,13797.0,6946.0,1,1,1,0,0,8,15.11,60.0,0,Daarken,future
ce65226a-12cd-416a-bb60-12e9b35f609b,Nazgûl,ltr,The Lord of the Rings: Tales of Middle-earth,draft_innovation,2023-06-23,uncommon,3.0,Creature,Creature — Wraith Knight,B,1,0,0,B,Deathtouch,1,183,1.0,2.0,0,0,0,0,1,3015.0,,1,1,1,0,0,10,15.11,17.25,0,Wonchun Choi,2015
4a1f905f-1d55-4d02-9d24-e58070793d3f,"Atraxa, Grand Unifier",one,Phyrexia: All Will Be One,expansion,2023-02-10,mythic,7.0,Creature,Legendary Creature — Phyrexian Angel,"B,G,U,W",4,1,0,"B,G,U,W","Deathtouch,Flying,Lifelink,Vigilance",4,361,7.0,7.0,0,0,0,0,1,3421.0,,1,1,1,0,1,11,15.07,15.65,0,Marta Nael,2015
d02b645e-ba2c-44a0-889e-c1b46d2cd925,Claws of Gix,tsb,Time Spiral Timeshifted,expansion,2006-10-06,special,0.0,Artifact,Artifact,C,0,0,1,,,0,44,0.0,0.0,0,1,0,0,1,6836.0,6135.0,1,1,1,0,0,8,15.05,131.24,0,Henry G. Higginbotham,1997
b1fced2b-eba2-4e70-8f1c-6d3c973b6a8d,"Avatar Roku, Firebender",tle,Avatar: The Last Airbender Eternal,eternal,2025-11-21,mythic,6.0,Creature,Legendary Creature — Human Avatar,R,1,0,0,R,,0,156,6.0,6.0,0,0,0,0,0,5851.0,,0,1,1,0,0,8,15.04,20.65,0,Toni Infante,2015
52705c53-883e-4b6a-9c08-3fa35f6f17d5,"Athreos, God of Passage",jou,Journey into Nyx,expansion,2014-05-02,mythic,3.0,Creature,Legendary Enchantment Creature — God,"B,W",2,1,0,"B,W",Indestructible,1,203,5.0,4.0,0,0,0,0,1,2780.0,8488.0,1,1,1,0,1,12,14.98,29.58,0,Ryan Barger,2003
79ba5c35-6e5c-406a-b95f-844d5ec296ab,"Alela, Cunning Conqueror",woc,Wilds of Eldraine Commander,commander,2023-09-08,mythic,4.0,Creature,Legendary Creature — Faerie Warlock,"B,U",2,1,0,"B,U","Flying,Goad",2,246,2.0,4.0,0,0,0,0,0,3389.0,,0,1,1,0,0,5,14.94,16.42,0,Livia Prima,2015
0d4032a7-600c-4b30-a012-fe3cde1be9c9,Boon Reflection,2xm,Double Masters,masters,2020-08-07,rare,5.0,Enchantment,Enchantment,W,1,0,0,W,,0,62,0.0,0.0,0,1,0,0,1,4685.0,7047.0,1,1,1,0,0,8,14.9,15.21,0,Chris Seaman,2015
a156b510-8879-4a7b-b15b-71374cb1e6f7,Valakut Awakening // Valakut Stoneforge,znr,Zendikar Rising,expansion,2020-09-25,rare,3.0,Instant,Instant // Land,R,1,0,0,R,,0,0,0.0,0.0,0,0,0,0,0,520.0,793.0,1,1,1,0,1,11,14.89,17.02,0,Campbell White,2015
1e01c1e2-f657-4a24-b8b0-561911c4e754,Urza's Workshop,brc,The Brothers' War Commander,commander,2022-11-18,rare,0.0,Land,Land — Urza's,C,0,0,1,,Metalcraft,1,127,0.0,0.0,0,0,0,0,0,2413.0,,0,1,1,0,0,5,14.89,14.26,0,Alexander Forssberg,2015
18cc2bc6-12bb-4795-b2b2-9d414823b773,Warg Rider,ltr,The Lord of the Rings: Tales of Middle-earth,draft_innovation,2023-11-03,rare,5.0,Creature,Creature — Orc Warrior,B,1,0,0,B,"Amass,Menace",2,256,4.0,3.0,0,0,0,0,0,6937.0,,1,1,1,0,0,11,14.88,,0,Pascal Quidault,2015
cf4e9335-06e3-4b27-8fd8-3e44ece89a36,Artificer Class,clb,Commander Legends: Battle for Baldur's Gate,draft_innovation,2022-06-10,rare,2.0,Enchantment,Enchantment — Class,U,1,0,0,U,,0,451,0.0,0.0,0,0,0,0,0,3930.0,,0,1,1,0,0,5,14.88,,0,Jim Nelson,2015
d92f4129-19fc-4ee9-9e3d-77fcf1563e4b,Sickening Shoal,bok,Betrayers of Kamigawa,expansion,2005-02-04,rare,2.0,Instant,Instant — Arcane,B,1,0,0,B,,0,145,0.0,0.0,0,0,0,0,1,18477.0,3142.0,1,1,1,0,0,7,14.87,96.51,0,Dan Murayama Scott,2003
b436e594-ec27-465d-a570-7645ddbbc2f7,"Elesh Norn, Grand Cenobite",sld,Secret Lair Drop,box,2021-06-21,mythic,7.0,Creature,Legendary Creature — Phyrexian Praetor,W,1,0,0,W,Vigilance,1,92,4.0,7.0,0,1,0,0,0,762.0,2036.0,1,1,1,0,0,11,14.85,14.57,0,Igor Kieryluk,2015
1aa882aa-3ad2-4b3a-bc14-5dfa47528941,Font of Mythos,sld,Secret Lair Drop,box,2025-04-28,rare,4.0,Artifact,Artifact,C,0,0,1,,,0,84,0.0,0.0,0,1,0,1,0,2187.0,7716.0,1,1,1,0,0,8,14.85,,0,Jesse LeDoux,2015
c925965e-3788-4abb-b671-1b61ece27895,Thornbite Staff,mb2,Mystery Booster 2,masters,2024-08-02,uncommon,2.0,Artifact,Kindred Artifact — Shaman Equipment,C,0,0,1,,Equip,1,211,0.0,0.0,0,1,0,0,0,2602.0,13968.0,1,1,1,0,0,7,14.75,,0,Jesper Ejsing,2015
f6ca59cd-8779-4a84-a54b-e863b79c61f0,Underground Mortuary,mkm,Murders at Karlov Manor,expansion,2024-02-09,rare,0.0,Land,Land — Swamp Forest,"B,G",2,1,0,"B,G",Surveil,1,157,0.0,0.0,0,0,0,0,1,473.0,,1,1,1,1,1,14,14.68,16.37,0,Sergey Glushakov,2015
7127164d-f2a3-4d79-b6db-93507ff5ab47,Bitterbloom Bearer,ecl,Lorwyn Eclipsed,expansion,2026-01-23,mythic,2.0,Creature,Creature — Faerie Rogue,B,1,0,0,B,"Flying,Flash",2,128,1.0,1.0,0,0,0,0,1,3322.0,,1,1,1,1,1,15,14.63,16.91,0,Chris Rahn,2015
8a12b4f7-8f6b-4a3c-9114-825e1b2099a0,"Yavimaya, Cradle of Growth",m3c,Modern Horizons 3 Commander,commander,2024-06-14,rare,0.0,Land,Legendary Land,C,0,0,1,,,0,58,0.0,0.0,0,1,0,0,0,76.0,,1,1,1,0,0,10,14.6,,0,Sarah Finnigan,2015
c66cbdac-1d15-40f5-b76f-6f21b917abbc,Monument to Endurance,dft,Aetherdrift,expansion,2025-02-14,rare,3.0,Artifact,Artifact,C,0,0,1,,Treasure,1,147,0.0,0.0,0,0,0,0,0,1238.0,,1,1,1,1,1,15,14.59,17.22,0,Victor Sales,2015
05939f15-2d95-47df-b66f-131c3e7ea95f,Choice of Damnations,sok,Saviors of Kamigawa,expansion,2005-06-03,rare,6.0,Sorcery,Sorcery — Arcane,B,1,0,0,B,,0,162,0.0,0.0,0,0,0,0,1,12300.0,12531.0,1,1,1,0,0,8,14.58,27.35,0,Greg Hildebrandt,2003
275471e3-ded1-40ac-91ef-369dce5764d9,Inventors' Fair,kld,Kaladesh,expansion,2016-09-30,rare,0.0,Land,Legendary Land,C,0,0,1,,,0,284,0.0,0.0,0,0,0,0,1,281.0,781.0,1,1,1,0,1,12,14.56,21.2,0,Jonas De Ro,2015
91dbeac4-1c39-4a4f-84e7-1b71f7468c8f,Bilbo's Ring,ltr,The Lord of the Rings: Tales of Middle-earth,draft_innovation,2023-06-23,rare,3.0,Artifact,Legendary Artifact — Equipment,C,0,0,1,,Equip,1,320,0.0,0.0,0,0,0,0,0,4986.0,8059.0,1,1,1,0,0,11,14.54,,0,Randy Gallegos,2015
592cbafc-ab4e-461f-b64f-0bf9d83aaff3,Atomize,pip,Fallout,commander,2024-03-08,rare,4.0,Instant,Instant,"B,G",2,1,0,"B,G",Proliferate,1,155,0.0,0.0,0,0,0,0,0,1932.0,,0,1,1,0,0,5,14.52,15.28,0,Josu Solano,2015
67e35a40-37dd-436c-b4ac-b17b04508c1f,Grand Abolisher,m12,Magic 2012,core,2011-07-15,rare,2.0,Creature,Creature — Human Cleric,W,1,0,0,W,,0,114,2.0,2.0,0,0,0,0,1,248.0,1598.0,1,1,1,1,1,15,14.49,40.45,0,Eric Deschamps,2003
22b7f560-ef32-496e-ac22-e1b725d08a08,"Oboro, Palace in the Clouds",ltc,Tales of Middle-earth Commander,commander,2023-06-23,mythic,0.0,Land,Legendary Land,U,1,0,0,U,,0,52,0.0,0.0,0,1,0,1,0,5020.0,3131.0,1,1,1,0,0,8,14.49,16.35,0,Jonas De Ro,2015
b04e6527-06f8-4783-93fc-8738673116c1,"Karn, Legacy Reforged",mat,March of the Machine: The Aftermath,expansion,2023-05-12,mythic,5.0,Creature,Legendary Artifact Creature — Golem,C,0,0,1,,,0,291,,,0,0,0,0,0,2531.0,9687.0,1,1,1,0,1,12,14.45,15.78,0,Grzegorz Rutkowski,2015
fe584bf8-cb71-42b5-b5c0-dea3fec79c9d,Contagion Engine,otp,Breaking News,masterpiece,2024-04-19,mythic,6.0,Artifact,Artifact,C,0,0,1,,Proliferate,1,243,0.0,0.0,0,1,0,0,0,1771.0,3621.0,1,1,1,0,0,12,14.45,23.83,0,Magnus Jansson,2015
7ed22529-90a5-44e6-8e0e-76b92fb2618a,Triumph of the Hordes,sld,Secret Lair Drop,box,2026-03-02,rare,4.0,Sorcery,Sorcery,G,1,0,0,G,,0,205,0.0,0.0,0,1,0,1,0,1258.0,4021.0,1,1,1,0,0,7,14.44,15.68,0,Ken Mitchroney,2015
99302c41-434f-41ff-a61a-2c3681a0c135,Reiterate,tsr,Time Spiral Remastered,masters,2021-03-19,rare,3.0,Instant,Instant,R,1,0,0,R,Buyback,1,202,0.0,0.0,0,1,0,0,1,2706.0,12342.0,1,1,1,0,0,8,14.38,23.83,0,Dan Murayama Scott,2015
140457ff-ee7d-48ec-8b91-ef5c2cc1ed74,Corrosive Mentor,shm,Shadowmoor,expansion,2008-05-02,uncommon,3.0,Creature,Creature — Elemental Rogue,B,1,0,0,B,,0,103,1.0,3.0,0,0,0,0,1,9504.0,11219.0,1,1,1,0,0,7,14.37,15.98,0,Daarken,2003
03bd3d4b-d01a-475d-bf3b-cf96f43bc9ef,Ayesha Tanaka,leg,Legends,expansion,1994-06-01,rare,4.0,Creature,Legendary Creature — Human Artificer,"U,W",2,1,0,"U,W",Banding,1,467,2.0,2.0,0,0,0,0,1,25088.0,,0,1,1,0,0,8,14.34,,0,Bryon Wackwitz,1993
f0b9b5da-d3fa-4d70-a71a-a2342dbfd527,Beacon of Immortality,10e,Tenth Edition,core,2007-07-13,rare,6.0,Instant,Instant,W,1,0,0,W,,0,90,0.0,0.0,0,1,0,0,1,3023.0,5374.0,1,1,1,0,0,8,14.33,30.0,0,Rob Alexander,2003
c3964a56-beec-40fe-a071-8f350c07724d,Damnation,sld,Secret Lair Drop,box,2025-09-22,rare,4.0,Sorcery,Sorcery,B,1,0,0,B,,0,49,0.0,0.0,0,1,0,1,0,357.0,65.0,1,1,1,0,0,11,14.32,,0,Mark Bagley,2015
2816d30e-1e52-4323-b30e-1688fba23368,Hammerheim,leg,Legends,expansion,1994-06-01,uncommon,0.0,Land,Legendary Land,R,1,0,0,R,,0,82,0.0,0.0,0,0,0,0,1,9228.0,2047.0,0,1,1,0,0,7,14.3,,0,Bryon Wackwitz,1993
b4036bb7-835d-4690-aca1-1ab566776e9a,"Iroas, God of Victory",c16,Commander 2016,commander,2016-11-11,mythic,4.0,Creature,Legendary Enchantment Creature — God,"R,W",2,1,0,"R,W",Indestructible,1,210,7.0,4.0,0,1,0,0,0,1482.0,14421.0,1,1,1,0,1,12,14.29,,0,Slawomir Maniak,2015
0bda51ef-ee3e-48d4-92e2-c9083bbe0f80,Cabal Stronghold,dom,Dominaria,expansion,2018-04-27,rare,0.0,Land,Land,B,1,0,0,B,,0,65,0.0,0.0,0,0,0,0,1,956.0,2649.0,1,1,1,0,1,12,14.26,18.12,0,Dimitar Marinski,2015
bafe3253-feed-4cb9-a13c-9a9105462a8b,"Boseiju, Who Shelters All",ltc,Tales of Middle-earth Commander,commander,2023-06-23,mythic,0.0,Land,Legendary Land,C,0,0,1,,,0,133,0.0,0.0,0,1,0,1,0,2856.0,993.0,1,1,1,0,0,8,14.1,13.39,0,Jeremy Paillotin,2015
412495fc-b4eb-4d57-89da-036b6bc378f0,"Higure, the Still Wind",pc2,Planechase 2012,planechase,2012-06-01,rare,5.0,Creature,Legendary Creature — Human Ninja,U,1,0,0,U,Ninjutsu,1,351,3.0,4.0,0,1,0,0,0,5366.0,9231.0,1,1,1,0,0,8,14.01,,0,Christopher Moeller,2003
66139c73-8e14-433d-bcb6-ae3e518bcdfb,Roil Elemental,zen,Zendikar,expansion,2009-10-02,rare,6.0,Creature,Creature — Elemental,U,1,0,0,U,"Landfall,Flying",2,135,3.0,2.0,0,0,0,0,1,3731.0,12002.0,1,1,1,0,0,8,13.88,22.94,0,Raymond Swanland,2003
b33c91d2-020e-45a1-aef6-187484a7cb51,"Andúril, Narsil Reforged",ltc,Tales of Middle-earth Commander,commander,2023-11-03,rare,2.0,Artifact,Legendary Artifact — Equipment,C,0,0,1,,"Ascend,Equip",2,291,0.0,0.0,0,0,0,1,0,2540.0,,0,1,1,0,0,5,13.85,10.09,0,Jason Rainville,2015
36bb77f3-8ec4-4b8a-a283-4126037f4d00,Raffine's Tower,snc,Streets of New Capenna,expansion,2022-04-29,rare,0.0,Land,Land — Plains Island Swamp,"B,U,W",3,1,0,"B,U,W",Cycling,1,104,0.0,0.0,0,0,0,0,0,411.0,,1,1,1,0,1,11,13.74,15.73,0,Elektrodeko,2015
01482b0c-d05b-4356-9144-e044159f4dcb,Undead Warchief,hop,Planechase,planechase,2009-09-04,uncommon,4.0,Creature,Creature — Zombie,B,1,0,0,B,,0,85,1.0,1.0,0,1,0,0,0,2727.0,7339.0,1,1,1,0,0,8,13.67,,0,Greg Hildebrandt,2003
3183897e-4f86-4020-b149-cc4c2451a6c0,"Emrakul, the Promised End",inr,Innistrad Remastered,masters,2025-01-24,mythic,13.0,Creature,Legendary Creature — Eldrazi,C,0,0,1,,"Flying,Protection,Trample",3,269,13.0,13.0,0,1,0,0,0,1814.0,,1,1,1,0,1,11,13.64,16.09,0,Jaime Jones,1997
d2507bc2-da17-4e46-b4c5-ba0080ce2c6f,Rishadan Port,a25,Masters 25,masters,2018-03-16,rare,0.0,Land,Land,C,0,0,1,,,0,40,0.0,0.0,0,1,0,0,1,14219.0,,0,1,1,0,0,7,13.56,11.05,0,Jonas De Ro,2015
18b26e53-1fc2-4d07-a56f-9000ed25580d,"Urza, Lord High Artificer",dmr,Dominaria Remastered,masters,2023-01-13,mythic,4.0,Creature,Legendary Creature — Human Artificer,U,1,0,0,U,,0,305,1.0,4.0,0,1,0,0,1,779.0,,1,1,1,0,0,9,13.54,14.02,0,Grzegorz Rutkowski,2015
609d3ecf-f88d-4268-a8d3-4bf2bcf5df60,Malakir Rebirth // Malakir Mire,znr,Zendikar Rising,expansion,2020-09-25,uncommon,1.0,Instant,Instant // Land,B,1,0,0,B,,0,0,0.0,0.0,0,0,0,0,1,253.0,615.0,1,1,1,0,1,11,13.5,15.36,0,Marta Nael,2015
d974a337-3139-43ff-a368-6f3d10f53646,"Azami, Lady of Scrolls",sld,Secret Lair Drop,box,2022-11-28,rare,5.0,Creature,Legendary Creature — Human Wizard,U,1,0,0,U,,0,48,0.0,2.0,0,1,0,1,0,4050.0,1774.0,1,1,1,0,0,8,13.43,18.09,0,Jack Hughes,2015
12a0bf5c-a165-48f1-9a57-3a7cc9f3b0f9,Ancient Greenwarden,otc,Outlaws of Thunder Junction Commander,commander,2024-04-19,mythic,6.0,Creature,Creature — Elemental,G,1,0,0,G,Reach,1,221,5.0,7.0,0,1,0,0,0,648.0,12900.0,1,1,1,0,1,12,13.43,,0,Grzegorz Rutkowski,2015
f21c7628-0571-4c09-8763-8e434e5e87d2,Time Warp,m10,Magic 2010,core,2009-07-17,mythic,5.0,Sorcery,Sorcery,U,1,0,0,U,,0,49,0.0,0.0,0,1,0,0,1,1989.0,320.0,1,1,1,0,0,10,13.42,49.42,0,Jon Foster,2003
ce01ff8f-a037-484f-9148-c847ffaabc5a,"Lotho, Corrupt Shirriff",ltr,The Lord of the Rings: Tales of Middle-earth,draft_innovation,2023-06-23,rare,2.0,Creature,Legendary Creature — Halfling Rogue,"B,W",2,1,0,"B,W",Treasure,1,178,2.0,1.0,0,0,0,0,1,407.0,6230.0,1,1,1,0,0,11,13.41,13.65,0,Ilker Yildiz,2015
b40f7528-5162-4454-afa8-9ecb912d7ec7,"Alela, Artful Provocateur",sld,Secret Lair Drop,box,2024-04-08,mythic,4.0,Creature,Legendary Creature — Faerie Warlock,"B,U,W",3,1,0,"B,U,W","Deathtouch,Flying,Lifelink",3,184,2.0,3.0,0,1,0,1,0,4889.0,,1,1,1,0,1,12,13.38,,0,Phoebe Wahl,2015
90da1d3e-dbcb-4b1e-a606-d4fc1a60a8fe,"Witch-king, Bringer of Ruin",ltr,The Lord of the Rings: Tales of Middle-earth,draft_innovation,2023-06-23,rare,6.0,Creature,Legendary Creature — Wraith Noble,B,1,0,0,B,Flying,1,125,5.0,3.0,0,0,0,0,0,7470.0,11176.0,1,1,1,0,0,10,13.34,,0,Denman Rooke,2015
197a4f38-0c19-4ba4-82f5-3d1fd6d054d3,Homeward Path,sld,Secret Lair Drop,box,2024-12-02,rare,0.0,Land,Land,C,0,0,1,,,0,71,0.0,0.0,0,1,0,0,0,1139.0,,0,1,1,0,0,5,13.32,,0,Franz Vohwinkel,2015
a2ec8e5e-ada8-4cd7-b43d-157568356a80,Diabolic Intent,fca,Final Fantasy: Through the Ages,masterpiece,2025-06-13,rare,2.0,Sorcery,Sorcery,B,1,0,0,B,,0,139,0.0,0.0,0,1,0,1,0,263.0,,1,1,1,0,1,13,13.3,31.42,0,Fumio Minagawa,2015
8967ceff-9e25-46da-926b-e05f4ee98325,Realms Uncharted,roe,Rise of the Eldrazi,expansion,2010-04-23,rare,3.0,Instant,Instant,G,1,0,0,G,,0,207,0.0,0.0,0,0,0,0,1,3789.0,6474.0,1,1,1,0,0,8,13.28,57.1,0,Volkan Baǵa,2003
acce83cf-965b-4e45-8efb-63f814df7a35,Axelrod Gunnarson,leg,Legends,expansion,1994-06-01,rare,8.0,Creature,Legendary Creature — Giant,"B,R",2,1,0,"B,R",Trample,1,164,5.0,5.0,0,0,0,0,1,28127.0,,0,1,1,0,0,9,13.26,,0,Scott Kirschner,1993
2a0d7998-2f3d-43b8-a0be-6ff7e5c83223,Relentless Dead,soi,Shadows over Innistrad,expansion,2016-04-08,mythic,2.0,Creature,Creature — Zombie,B,1,0,0,B,Menace,1,310,2.0,2.0,0,0,0,0,1,4894.0,7322.0,1,1,1,0,1,12,13.25,11.9,0,Ryan Yee,2015
e14adff9-33cc-467e-b782-068854c5e7b7,"Razaketh, the Foulblooded",hou,Hour of Devastation,expansion,2017-07-14,mythic,8.0,Creature,Legendary Creature — Demon,B,1,0,0,B,"Flying,Trample",2,131,8.0,8.0,0,0,0,0,1,1793.0,10440.0,1,1,1,0,1,12,13.25,18.76,0,Chris Rallis,2015
1f0d2e8e-c8f2-4b31-a6ba-6283fc8740d4,Chalice of the Void,a25,Masters 25,masters,2018-03-16,mythic,0.0,Artifact,Artifact,C,0,0,1,,,0,175,0.0,0.0,0,1,0,0,1,8895.0,,1,1,1,0,0,9,13.25,21.13,0,Mark Zug,2015
e7e4da73-2faa-4992-8f61-e668ce82ba17,Azorius Signet,sld,Secret Lair Drop,box,2021-06-21,rare,2.0,Artifact,Artifact,"U,W",2,1,0,"U,W",,0,21,0.0,0.0,0,1,0,0,0,192.0,1436.0,1,1,1,0,0,13,13.23,,0,Dan Frazier,1997
1144698b-502e-4814-9d74-d16ae6a0f0c5,Lurking Predators,plst,The List,masters,2024-01-25,rare,6.0,Enchantment,Enchantment,G,1,0,0,G,,0,190,0.0,0.0,0,1,0,0,1,3042.0,10189.0,1,1,1,0,0,12,13.2,,0,Mike Bierek,2003
6a526832-4ec7-456e-b48c-f24db4f2df8d,Bonehoard Dracosaur,plci,The Lost Caverns of Ixalan Promos,promo,2023-11-17,mythic,5.0,Creature,Creature — Dinosaur Dragon,R,1,0,0,R,"Flying,First strike,Treasure",3,265,5.0,5.0,0,1,1,0,0,1306.0,,1,1,1,1,1,14,13.18,10.09,0,Mark Zug,2015
d0787e1f-0b75-44ab-a8fd-90358906a787,"Erebos, God of the Dead",ths,Theros,expansion,2013-09-27,mythic,4.0,Creature,Legendary Enchantment Creature — God,B,1,0,0,B,Indestructible,1,250,5.0,7.0,0,0,0,0,1,2827.0,7578.0,1,1,1,0,1,12,13.18,21.76,0,Peter Mohrbacher,2003
44d23652-077e-4c1f-b640-b284685db911,Summon: Knights of Round,fin,Final Fantasy,expansion,2025-06-13,mythic,8.0,Creature,Enchantment Creature — Saga Knight,W,1,0,0,W,Indestructible,1,288,3.0,3.0,0,0,0,0,1,2642.0,,1,1,1,1,1,15,13.17,13.69,0,Takayama Toshiaki,2015
cea3b218-0e6e-443a-84f7-380f1021e8e1,Barrowgoyf,m3c,Modern Horizons 3 Commander,commander,2024-06-14,rare,3.0,Creature,Creature — Lhurgoyf,B,1,0,0,B,"Lifelink,Mill,Deathtouch",3,313,,,0,0,0,0,0,4006.0,,0,1,1,0,0,9,13.16,,0,Igor Kieryluk,2015
0a44bbbf-2c38-4ecb-99a0-b944983f7e51,"Valgavoth, Terror Eater",pdsk,Duskmourn: House of Horror Promos,promo,2024-09-27,mythic,9.0,Creature,Legendary Creature — Elder Demon,B,1,0,0,B,"Flying,Lifelink,Ward",3,315,9.0,9.0,0,0,1,0,0,1455.0,,1,1,1,1,1,15,12.97,14.62,0,Antonio José Manzanedo,2015
d939ad90-b4b6-452d-a318-b8895d185a0c,Karakas,ltc,Tales of Middle-earth Commander,commander,2023-06-23,mythic,0.0,Land,Legendary Land,W,1,0,0,W,,0,72,0.0,0.0,0,1,0,1,0,,,0,1,0,0,0,3,12.91,14.81,0,Stephen Stark,2015
4040f465-9220-4e5d-98ff-7a13cec2dba2,Wooded Bastion,plst,The List,masters,2024-12-02,rare,0.0,Land,Land,"G,W",2,1,0,"G,W",,0,56,0.0,0.0,0,1,0,0,1,2003.0,310.0,1,1,1,0,0,8,12.84,,0,Christopher Moeller,2015
6579cb87-70fe-43ff-8a1a-f7fb89da6aaa,Ugin's Labyrinth,pmh3,Modern Horizons 3 Promos,promo,2025-08-01,mythic,0.0,Land,Land,C,0,0,1,,Imprint,1,227,0.0,0.0,0,1,1,0,0,2892.0,,1,1,1,0,0,10,12.84,15.43,0,Mark Poole,2015
b15c58c0-4d42-488e-bb9d-7a550d9ea5e6,Training Center,cmr,Commander Legends,draft_innovation,2020-11-20,rare,0.0,Land,Land,"R,U",2,1,0,"R,U",,0,83,0.0,0.0,0,0,0,0,1,149.0,,0,1,1,0,0,5,12.76,14.99,0,Daniel Ljunggren,2015
be16ae8f-e337-4a76-a0fb-8f5c6e3c52df,Bloodchief Ascension,tle,Avatar: The Last Airbender Eternal,eternal,2025-11-21,mythic,1.0,Enchantment,Enchantment,B,1,0,0,B,,0,352,0.0,0.0,0,1,0,1,1,724.0,3758.0,1,1,1,0,0,10,12.76,14.04,0,Viacom,2015
652236c2-84ef-45e4-b5fc-ed6170bc3d6c,Meticulous Archive,mkm,Murders at Karlov Manor,expansion,2024-02-09,rare,0.0,Land,Land — Plains Island,"U,W",2,1,0,"U,W",Surveil,1,157,0.0,0.0,0,0,0,0,1,702.0,,1,1,1,1,1,14,12.68,15.79,0,Sam Burley,2015
d4ae803e-5888-48c3-9484-3ea8d634851e,Mesmeric Orb,sld,Secret Lair Drop,box,2026-01-26,rare,2.0,Artifact,Artifact,C,0,0,1,,Mill,1,80,0.0,0.0,0,1,0,1,0,1085.0,1823.0,1,1,1,0,0,12,12.66,12.53,0,Chris Seaman,2015
05bd329b-5707-42fc-af1c-084cc604e805,Imperial Recruiter,mh2,Modern Horizons 2,draft_innovation,2021-06-18,mythic,3.0,Creature,Creature — Human Advisor,R,1,0,0,R,,0,136,1.0,1.0,0,1,0,0,1,609.0,979.0,1,1,1,0,0,7,12.64,17.53,0,Zack Stella,2015
8b38da97-5141-4de6-bd7f-3fcbf46cfd96,Vedalken Archmage,mrd,Mirrodin,expansion,2003-10-02,rare,4.0,Creature,Creature — Vedalken Wizard,U,1,0,0,U,,0,49,0.0,2.0,0,0,0,0,1,3049.0,7495.0,1,1,1,0,0,12,12.62,38.52,0,Kev Walker,2003
e960ff2c-1863-40cb-9ebf-49e2ea5480dc,Reaper King,sld,Secret Lair Drop,box,2025-10-13,rare,10.0,Creature,Legendary Artifact Creature — Scarecrow,"B,G,R,U,W",5,1,0,"B,G,R,U,W",,0,202,6.0,6.0,0,1,0,1,0,8505.0,3961.0,1,1,1,0,0,8,12.62,13.38,0,Alexander Mokhov,2015
eabe1af2-d26e-4086-a71d-f818fb41fa25,Echo of Eons,mb2,Mystery Booster 2,masters,2024-08-02,mythic,6.0,Sorcery,Sorcery,U,1,0,0,U,Flashback,1,190,0.0,0.0,0,1,0,0,0,2649.0,,1,1,1,0,0,10,12.61,58.18,0,Victor Adame Minguez,future
c0bdd07d-9fb9-4ee4-80db-494ee0cba58d,"Akroma, Vision of Ixidor",cmr,Commander Legends,draft_innovation,2020-11-20,mythic,7.0,Creature,Legendary Creature — Angel,W,1,0,0,W,"Flying,Vigilance,First strike,Partner,Trample",5,335,6.0,6.0,0,0,0,0,1,4960.0,,0,1,1,0,0,5,12.6,13.07,0,Chris Rahn,2015
fe17b08f-4790-4885-8b2b-b22f00b52d4e,Witch's Clinic,c21,Commander 2021,commander,2021-04-23,rare,0.0,Land,Land,C,0,0,1,,,0,74,0.0,0.0,0,0,0,0,0,1096.0,15917.0,0,1,1,0,0,5,12.59,,0,Piotr Dura,2015
8cb55caf-fc95-40dc-80af-5144f94333ee,Sage of Hours,jou,Journey into Nyx,expansion,2014-05-02,mythic,2.0,Creature,Creature — Human Wizard,U,1,0,0,U,Heroic,1,211,1.0,1.0,0,0,0,0,1,7834.0,9887.0,1,1,1,0,1,8,12.59,44.19,0,Matt Stewart,2003
e141f975-945e-4e2c-ac04-6083b5bdaf16,"Kinnan, Bonder Prodigy",fca,Final Fantasy: Through the Ages,masterpiece,2025-06-13,mythic,2.0,Creature,Legendary Creature — Human Druid,"G,U",2,1,0,"G,U",,0,289,2.0,2.0,0,1,0,1,0,1351.0,2029.0,1,1,1,0,1,12,12.54,68.52,0,Square Enix,2015
5d074af2-8dbd-42d3-87eb-30f6e7d171ff,Akron Legionnaire,leg,Legends,expansion,1994-06-01,rare,8.0,Creature,Creature — Giant Soldier,W,1,0,0,W,,0,104,8.0,4.0,0,0,0,0,1,27513.0,15962.0,0,1,1,0,0,9,12.53,,0,Mark Poole,1993
26836ff5-b3c3-4b10-af1e-df3658781cb2,Ophidian Eye,tsp,Time Spiral,expansion,2006-10-06,common,3.0,Enchantment,Enchantment — Aura,U,1,0,0,U,"Enchant,Flash",2,162,0.0,0.0,0,0,0,0,1,1758.0,8189.0,1,1,1,0,0,9,12.51,109.56,0,Zoltan Boros & Gabor Szikszai,2003
14cb4054-d5d6-4015-ae86-6f99280afe0a,Quillspike,eve,Eventide,expansion,2008-07-25,uncommon,3.0,Creature,Creature — Beast,"B,G",2,1,0,"B,G",,0,102,1.0,1.0,0,0,0,0,1,13126.0,3582.0,1,1,1,0,0,7,12.51,20.08,0,Carl Critchlow,2003
483e99fd-7e48-400d-9817-451089089e0c,Glistening Oil,nph,New Phyrexia,expansion,2011-05-13,rare,2.0,Enchantment,Enchantment — Aura,B,1,0,0,B,Enchant,1,215,0.0,0.0,0,0,0,0,1,6718.0,9224.0,1,1,1,0,0,8,12.49,24.63,0,Steven Belledin,2003
701256d5-1389-48b7-9581-d6037209bd06,Subtlety,mh2,Modern Horizons 2,draft_innovation,2021-06-18,mythic,4.0,Creature,Creature — Elemental Incarnation,U,1,0,0,U,"Flying,Evoke,Flash",3,214,3.0,3.0,0,0,0,0,1,4461.0,,1,1,1,0,0,9,12.44,9.1,0,Anastasia Ovchinnikova,2015
7d27a00e-4402-4410-bab7-ccb34a0de72f,Khalni Hydra,roe,Rise of the Eldrazi,expansion,2010-04-23,mythic,8.0,Creature,Creature — Hydra,G,1,0,0,G,Trample,1,78,8.0,8.0,0,0,0,0,1,13582.0,7926.0,1,1,1,0,0,8,12.43,37.74,0,Todd Lockwood,2003
4377b09d-08e8-4150-bb84-4a9c00c7af82,Heroic Intervention,ltc,Tales of Middle-earth Commander,commander,2023-06-23,rare,2.0,Instant,Instant,G,1,0,0,G,,0,74,0.0,0.0,0,1,0,0,0,32.0,1536.0,1,1,1,0,1,12,12.43,,0,Joshua Raphael,2015
26dbf574-3193-413e-a982-4b9d27dafaf5,"Excalibur, Sword of Eden",acr,Assassin's Creed,draft_innovation,2024-07-05,rare,12.0,Artifact,Legendary Artifact — Equipment,C,0,0,1,,,0,230,0.0,0.0,0,0,0,0,1,961.0,7713.0,1,1,1,0,0,7,12.42,13.83,0,Thanh Tuấn,2015
581e61d0-95b2-433b-b835-86f00bfb840b,"Calix, Guided by Fate",mat,March of the Machine: The Aftermath,expansion,2023-05-12,mythic,3.0,Creature,Legendary Enchantment Creature — Human Druid,"G,W",2,1,0,"G,W",Constellation,1,307,2.0,2.0,0,0,0,0,0,3375.0,3863.0,1,1,1,0,1,12,12.37,13.64,0,PINDURSKI,2015
18291514-9ffb-4032-9c77-cec0200bf1b6,Necrogen Mists,mrd,Mirrodin,expansion,2003-10-02,rare,3.0,Enchantment,Enchantment,B,1,0,0,B,,0,70,0.0,0.0,0,0,0,0,1,6273.0,4512.0,1,1,1,0,0,8,12.33,16.93,0,Alex Horley-Orlandelli,2003
c94a92a9-060e-42d3-a8d1-49425defc08a,Alert Shu Infantry,ptk,Portal Three Kingdoms,starter,1999-05-01,uncommon,3.0,Creature,Creature — Human Soldier,W,1,0,0,W,Vigilance,1,9,2.0,2.0,0,0,0,0,1,30212.0,,0,1,1,0,0,6,12.32,,0,Solomon Au Yeung,1997
4c6cf93a-d073-48ac-88db-c46bf3e10beb,Generous Plunderer,big,The Big Score,expansion,2024-04-19,mythic,2.0,Creature,Creature — Human Rogue,R,1,0,0,R,"Treasure,Menace",2,249,2.0,2.0,0,0,0,0,0,2162.0,2067.0,1,1,1,1,1,15,12.31,13.03,0,Alexander Mokhov,2015
e4510ee2-8a2e-4fe5-94af-df420a6a35a0,Balefire Dragon,inr,Innistrad Remastered,masters,2025-01-24,mythic,7.0,Creature,Creature — Dragon,R,1,0,0,R,Flying,1,127,6.0,6.0,0,1,0,0,0,1228.0,10096.0,1,1,1,0,0,11,12.3,14.3,0,Eric Deschamps,1997
dbef6f4a-f9a0-4a4c-b8a2-6c3a8fb7e14a,Breath of Fury,rav,Ravnica: City of Guilds,expansion,2005-10-07,rare,4.0,Enchantment,Enchantment — Aura,R,1,0,0,R,Enchant,1,248,0.0,0.0,0,0,0,0,1,6260.0,12521.0,1,1,1,0,0,8,12.23,55.16,0,Kev Walker,2003
2fe97fbe-a6d6-4e96-8c26-f81bcdf579a1,"Azusa, Lost but Seeking",cmm,Commander Masters,masters,2023-08-04,rare,3.0,Creature,Legendary Creature — Human Monk,G,1,0,0,G,,0,56,1.0,2.0,0,1,0,0,1,295.0,2266.0,1,1,1,0,1,13,12.23,14.17,0,Winona Nelson,2015
ba86688d-18f0-4b5c-a797-42bf125a6c9f,Bloom Tender,ecl,Lorwyn Eclipsed,expansion,2026-01-23,mythic,2.0,Creature,Creature — Elf Druid,G,1,0,0,G,Vivid,1,85,1.0,1.0,0,1,0,0,1,280.0,3984.0,1,1,1,1,1,17,12.21,16.26,0,Nils Hamm,2015
b0937274-d5cb-4790-8c10-804f537c5581,Sphinx Ambassador,m10,Magic 2010,core,2009-07-17,mythic,7.0,Creature,Creature — Sphinx,U,1,0,0,U,Flying,1,289,5.0,5.0,0,0,0,0,1,11335.0,17395.0,1,1,1,0,0,8,12.2,41.33,0,Jim Murray,2003
343e7a7a-60d3-4a63-8428-25de639e5df1,Dictate of Erebos,sld,Secret Lair Drop,box,2025-10-27,rare,5.0,Enchantment,Enchantment,B,1,0,0,B,Flash,1,96,0.0,0.0,0,1,0,1,0,958.0,15080.0,1,1,1,0,1,12,12.19,,0,Bastien L. Deharme,2015
ed4cc273-adc3-4f46-9743-134b552d1d56,Balthor the Defiled,jud,Judgment,expansion,2002-05-27,rare,4.0,Creature,Legendary Creature — Zombie Dwarf,B,1,0,0,B,,0,151,2.0,2.0,0,0,0,0,1,8907.0,,0,1,1,0,0,7,12.17,105.0,0,Carl Critchlow,1997
94ed132f-b818-4dbf-9b4a-e5acb067e0a4,Sunbillow Verge,dft,Aetherdrift,expansion,2025-02-14,rare,0.0,Land,Land,"R,W",2,1,0,"R,W",,0,80,0.0,0.0,0,0,0,0,1,1058.0,,1,1,1,1,1,15,12.12,13.3,0,Pete Venters,2015
f87797a1-9846-4f02-8fe5-cddaebef4626,Breeding Pool,peoe,Edge of Eternities Promos,promo,2025-08-01,rare,0.0,Land,Land — Forest Island,"G,U",2,1,0,"G,U",,0,95,0.0,0.0,0,1,1,0,0,63.0,25.0,1,1,1,1,1,16,12.09,12.0,0,Constantin Marin,2015
98637219-40d8-414c-939d-e2c90b909725,Warren Instigator,zen,Zendikar,expansion,2009-10-02,mythic,2.0,Creature,Creature — Goblin Berserker,R,1,0,0,R,Double strike,1,137,1.0,1.0,0,0,0,0,1,5451.0,1216.0,1,1,1,0,0,7,12.05,40.0,0,Andrew Robinson,2003
fdbe1ac1-461f-4746-a8d8-6c8dea2c97c6,Molten Duplication,big,The Big Score,expansion,2024-04-19,mythic,2.0,Sorcery,Sorcery,R,1,0,0,R,,0,214,0.0,0.0,0,0,0,0,0,1614.0,3141.0,1,1,1,1,1,15,12.04,12.95,0,Justyna Dura,2015
7b3c373d-9733-425b-8ff5-2862a96f5188,Sapling of Colfenor,eve,Eventide,expansion,2008-07-25,rare,5.0,Creature,Legendary Creature — Treefolk Shaman,"B,G",2,1,0,"B,G",Indestructible,1,218,2.0,5.0,0,0,0,0,1,6615.0,6076.0,1,1,1,0,0,8,12.03,48.04,0,John Avon,2003
e9f3a20f-a788-4d8b-946b-d9c1c983a85a,Luminarch Ascension,zen,Zendikar,expansion,2009-10-02,rare,2.0,Enchantment,Enchantment,W,1,0,0,W,,0,293,0.0,0.0,0,0,0,0,1,3113.0,2454.0,1,1,1,0,0,8,11.97,27.01,0,Michael Komarck,2003
ca90d382-7e13-4637-a624-2a1b82abe56c,Moonshaker Cavalry,soc,Secrets of Strixhaven Commander,commander,2026-04-24,mythic,8.0,Creature,Creature — Spirit Knight,W,1,0,0,W,Flying,1,148,6.0,6.0,0,1,0,0,0,1292.0,5384.0,1,1,1,1,1,15,11.93,,0,Diana Franco,2015
1f400655-f495-4b21-ab9e-57fe4d845d45,"Kaalia, Zenith Seeker",m20,Core Set 2020,core,2019-07-12,mythic,3.0,Creature,Legendary Creature — Human Cleric,"B,R,W",3,1,0,"B,R,W","Flying,Vigilance",2,252,3.0,3.0,0,0,0,0,1,6626.0,12665.0,1,1,1,0,1,12,11.91,21.03,0,Yongjae Choi,2015
d2705b43-a94a-44c0-8740-82e0b296820c,Abhorrent Oculus,dsk,Duskmourn: House of Horror,expansion,2024-09-27,mythic,3.0,Creature,Creature — Eye,U,1,0,0,U,"Flying,Manifest,Manifest dread",3,350,5.0,5.0,0,0,0,0,1,5815.0,,1,1,1,1,1,15,11.91,13.67,0,Bryan Sola,2015
986a7ea8-a015-4dd8-9938-36b38ccd3980,Silent Arbiter,c20,Commander 2020,commander,2020-04-17,rare,4.0,Creature,Artifact Creature — Construct,C,0,0,1,,,0,98,1.0,5.0,0,1,0,0,0,1129.0,4206.0,1,1,1,0,0,8,11.9,,0,Mark Zug,2015
082d596f-0604-4ccf-bec0-adfbd7ed47fb,Cavalier of Dawn,pm20,Core Set 2020 Promos,promo,2019-07-12,mythic,5.0,Creature,Creature — Elemental Knight,W,1,0,0,W,Vigilance,1,252,4.0,6.0,0,1,1,0,0,5369.0,2267.0,1,1,1,0,1,12,11.88,19.05,0,Daarken,2015
1d5bab94-362e-45e6-8988-69e2b2c681b1,"Ozolith, the Shattered Spire",soc,Secrets of Strixhaven Commander,commander,2026-04-24,rare,2.0,Artifact,Legendary Artifact,G,1,0,0,G,Cycling,1,295,0.0,0.0,0,1,0,0,0,683.0,660.0,1,1,1,0,1,12,11.87,,0,Daarken,2015
dcd05b01-dc73-4dd2-970a-32ec6e153c86,Mox Tantalite,mh1,Modern Horizons,draft_innovation,2019-06-14,mythic,0.0,Artifact,Artifact,C,0,0,1,,Suspend,1,271,0.0,0.0,0,0,0,0,1,4220.0,1097.0,1,1,1,0,0,7,11.87,25.93,0,Ryan Pancoast,2015
e4823a15-c00a-4bcc-9757-f2dd8c2f3b1d,Utvara Hellkite,rvr,Ravnica Remastered,masters,2024-01-12,mythic,8.0,Creature,Creature — Dragon,R,1,0,0,R,Flying,1,97,6.0,6.0,0,1,0,0,0,1424.0,13383.0,1,1,1,0,1,7,11.86,14.54,0,Mark Zug,1997
4f4187f1-05bd-4db6-a2e7-d677eff588ee,Alhammarret's Archive,c21,Commander 2021,commander,2021-04-23,mythic,5.0,Artifact,Legendary Artifact,C,0,0,1,,,0,169,0.0,0.0,0,1,0,0,0,953.0,8798.0,1,1,1,0,1,8,11.86,,0,Richard Wright,2015
88f68d45-a6cd-437d-a4b1-2787891f0128,The Immortal Sun,cmm,Commander Masters,masters,2023-08-04,mythic,6.0,Artifact,Legendary Artifact,C,0,0,1,,,0,189,0.0,0.0,0,1,0,0,1,2443.0,10269.0,1,1,1,0,1,12,11.85,13.64,0,Kieran Yanner,2015
0a71fb62-acbd-49f5-842f-0fc9fa48afea,Solemnity,hou,Hour of Devastation,expansion,2017-07-14,rare,3.0,Enchantment,Enchantment,W,1,0,0,W,,0,98,0.0,0.0,0,0,0,0,1,3819.0,1795.0,1,1,1,0,1,12,11.83,19.02,0,Greg Opalinski,2015
f7445467-1222-4d9e-8a2f-879719c97b29,"Kiki-Jiki, Mirror Breaker",mma,Modern Masters,masters,2013-06-07,mythic,5.0,Creature,Legendary Creature — Goblin Shaman,R,1,0,0,R,Haste,1,157,2.0,2.0,0,1,0,0,1,1143.0,197.0,1,1,1,0,0,7,11.81,24.64,0,Steven Belledin,2003
be38985c-f7a9-4885-9035-09390b4b754a,"Surtr, Fiery Jötun",acr,Assassin's Creed,draft_innovation,2024-07-05,rare,5.0,Creature,Legendary Creature — Giant God Warrior,R,1,0,0,R,Trample,1,205,5.0,5.0,0,0,0,0,0,7167.0,11147.0,1,1,1,0,0,7,11.8,,0,Evan Shipard,2015
b334e4c6-d316-4141-8889-f95afcc04701,Warren Soultrader,mh3,Modern Horizons 3,draft_innovation,2024-06-14,rare,3.0,Creature,Creature — Zombie Goblin Wizard,B,1,0,0,B,Treasure,1,144,3.0,3.0,0,0,0,0,1,459.0,977.0,1,1,1,0,0,11,11.79,15.46,0,Pete Venters,2015
7d4595f2-9297-40dc-b2dd-7144bbb401f7,Watery Grave,grn,Guilds of Ravnica,expansion,2018-10-05,rare,0.0,Land,Land — Island Swamp,"B,U",2,1,0,"B,U",,0,95,0.0,0.0,0,1,0,0,1,52.0,,1,1,1,1,1,16,11.72,13.35,0,Cliff Childs,2015
5260f8ae-805b-4eae-badf-62de0f768867,Hedge Maze,mkm,Murders at Karlov Manor,expansion,2024-02-09,rare,0.0,Land,Land — Forest Island,"G,U",2,1,0,"G,U",Surveil,1,157,0.0,0.0,0,0,0,0,1,539.0,,1,1,1,1,1,14,11.72,13.24,0,Andrew Mar,2015
c3b06eef-0f95-4c37-8dad-903df0d11916,"Aragorn, King of Gondor",ltc,Tales of Middle-earth Commander,commander,2023-11-03,mythic,4.0,Creature,Legendary Creature — Human Noble,"R,U,W",3,1,0,"R,U,W","Lifelink,Vigilance",2,195,4.0,4.0,0,1,0,0,0,3896.0,,0,1,1,0,0,5,11.7,34.14,0,Yongjae Choi,2015
7d8adb0c-a322-4447-bf2e-7a74e3b735c4,Ancient Grudge,sld,Secret Lair Drop,box,2020-08-26,rare,2.0,Instant,Instant,R,1,0,0,"G,R",Flashback,1,122,0.0,0.0,0,1,0,0,0,6777.0,1762.0,1,1,1,0,0,13,11.61,12.32,0,AlbaBG,2015
759b2f39-e1b1-44aa-b49a-00ef6926a6ac,Konda's Banner,chk,Champions of Kamigawa,expansion,2004-10-01,rare,2.0,Artifact,Legendary Artifact — Equipment,C,0,0,1,,Equip,1,204,0.0,0.0,0,0,0,0,1,10866.0,9998.0,1,1,1,0,0,8,11.57,40.21,0,Donato Giancola,2003
94a5615d-61ca-4541-9f84-4b59010274ec,Mox Jasper,ptdm,Tarkir: Dragonstorm Promos,promo,2025-04-11,mythic,0.0,Artifact,Legendary Artifact,C,0,0,1,,,0,70,0.0,0.0,0,1,1,0,0,2986.0,,1,1,1,1,1,15,11.56,13.96,0,Steven Belledin,2015
9a8f00ad-3e44-4080-969c-3cc7b3657ce2,"Ral, Crackling Wit",pblb,Bloomburrow Promos,promo,2024-08-02,mythic,4.0,Planeswalker,Legendary Planeswalker — Ral,"R,U",2,1,0,"R,U",,0,373,0.0,0.0,0,1,1,0,0,2258.0,,1,1,1,1,1,15,11.56,11.78,0,Rudy Siswanto,2015
9bad0759-4132-42b5-9a26-0fcf321a60e0,Terra Eternal,wwk,Worldwake,expansion,2010-02-05,rare,3.0,Enchantment,Enchantment,W,1,0,0,W,,0,30,0.0,0.0,0,0,0,0,1,8771.0,8123.0,1,1,1,0,0,8,11.56,24.75,0,Daniel Ljunggren,2003
a4a2dd5b-6143-4b8d-ae71-e148cf19b66c,"Rin and Seri, Inseparable // Rin and Seri, Inseparable",sld,Secret Lair Drop,box,2024-01-22,mythic,0.0,Other,,"G,R,W",3,1,0,"G,R,W",,0,0,0.0,0.0,0,1,0,1,0,5602.0,,1,1,1,0,1,12,11.54,,0,Andrea Radeck,2015
bab93474-2f98-49a1-874f-b794bf81bd0c,Dark Leo & Shredder,tmt,Teenage Mutant Ninja Turtles,expansion,2026-03-06,mythic,2.0,Creature,Legendary Creature — Mutant Ninja Turtle Human,"B,W",2,1,0,"B,W",Sneak,1,248,1.0,3.0,0,0,0,0,0,10844.0,,1,1,1,1,1,15,11.53,12.56,0,Thomas Chamberlain-Keen,2015
5d59c8f2-f6af-40a6-8dfe-8cc45bf231ce,"Invasion of Ikoria // Zilortha, Apex of Ikoria",mom,March of the Machine,expansion,2023-04-21,rare,2.0,Creature,Battle — Siege // Legendary Creature — Dinosaur,G,1,0,0,G,"Reach,Transform",2,0,0.0,0.0,0,0,0,0,1,1205.0,502.0,1,1,1,0,1,12,11.5,12.68,0,Antonio José Manzanedo,2015
bd1d13f7-fd38-4f0b-a8e0-1eac78668117,Windswept Heath,mh3,Modern Horizons 3,draft_innovation,2024-06-14,rare,0.0,Land,Land,C,0,0,1,,,0,129,0.0,0.0,0,1,0,0,1,46.0,,1,1,1,0,0,11,11.5,12.4,0,Alexander Forssberg,2015
6f455cc1-a822-44ef-ba7c-bfcff69bd45e,City on Fire,mom,March of the Machine,expansion,2023-04-21,rare,8.0,Enchantment,Enchantment,R,1,0,0,R,Convoke,1,253,0.0,0.0,0,0,0,0,1,799.0,6214.0,1,1,1,0,1,12,11.35,11.37,0,Jake Murray,2015
22d69040-2065-4975-88d3-60bd32731771,Admiral Beckett Brass,sld,Secret Lair Drop,box,2024-06-24,mythic,4.0,Creature,Legendary Creature — Human Pirate,"B,R,U",3,1,0,"B,R,U",,0,199,3.0,3.0,0,1,0,1,0,5505.0,9613.0,1,1,1,0,1,12,11.29,,0,Fajareka Setiawan,2015
69c1b656-1d67-499c-bf0f-417682a86c7d,Shadowy Backstreet,mkm,Murders at Karlov Manor,expansion,2024-02-09,rare,0.0,Land,Land — Plains Swamp,"B,W",2,1,0,"B,W",Surveil,1,157,0.0,0.0,0,0,0,0,1,560.0,,1,1,1,1,1,14,11.27,11.77,0,Andreas Zafiratos,2015
83e466b8-65f1-4b94-94cb-ebc7805305ff,"Takenuma, Abandoned Mire",pneo,Kamigawa: Neon Dynasty Promos,promo,2022-02-18,rare,0.0,Land,Legendary Land,B,1,0,0,B,"Mill,Channel",2,227,0.0,0.0,0,1,1,0,0,239.0,,1,1,1,0,1,11,11.22,10.56,0,Sam Burley,2015
83f510b7-4cbd-4883-9c26-c8824bc668ac,Gloomlake Verge,dsk,Duskmourn: House of Horror,expansion,2024-09-27,rare,0.0,Land,Land,"B,U",2,1,0,"B,U",,0,78,0.0,0.0,0,0,0,0,1,673.0,,1,1,1,1,1,15,11.17,19.2,0,Marco Gorlei,2015
c1b138e1-f8fc-435c-9aed-98004768479c,Rainbow Vale,fem,Fallen Empires,expansion,1994-11-01,rare,0.0,Land,Land,C,0,0,1,,,0,109,0.0,0.0,1,0,0,0,1,13036.0,,0,1,1,0,0,7,11.12,,0,Kaja Foglio,1993
b598c93e-dae1-4d71-a9e4-917abf76d2d0,Raucous Theater,mkm,Murders at Karlov Manor,expansion,2024-02-09,rare,0.0,Land,Land — Swamp Mountain,"B,R",2,1,0,"B,R",Surveil,1,157,0.0,0.0,0,0,0,0,1,556.0,,1,1,1,1,1,14,10.91,11.64,0,Sergey Glushakov,2015
32865e68-5842-4f17-b2ea-4ffa743b511f,Adventurers' Guildhouse,leg,Legends,expansion,1994-06-01,uncommon,0.0,Land,Land,C,0,0,1,,,0,512,0.0,0.0,0,0,0,0,1,21449.0,,0,1,1,0,0,7,10.85,,0,Tom Wänerstrand,1993
de7a150b-1b0d-4928-a2cc-80a4b7412350,"Aang, Airbending Master",tle,Avatar: The Last Airbender Eternal,eternal,2025-11-21,mythic,5.0,Creature,Legendary Creature — Human Avatar Ally,W,1,0,0,W,Airbend,1,359,4.0,4.0,0,0,0,0,0,5798.0,,0,1,1,0,0,8,10.78,20.62,0,Tomoyo Asatani,2015
74b769c1-48a0-448b-98d9-0d86526ef51e,Auriok Champion,ima,Iconic Masters,masters,2017-11-17,rare,2.0,Creature,Creature — Human Cleric,W,1,0,0,W,Protection,1,89,1.0,1.0,0,1,0,0,1,3634.0,770.0,1,1,1,0,0,7,10.71,14.48,0,Eric Deschamps,2015
16c5dfed-4dee-4e48-a445-89f03d7794e6,Angel of Jubilation,avr,Avacyn Restored,expansion,2012-05-04,rare,4.0,Creature,Creature — Angel,W,1,0,0,W,Flying,1,138,3.0,3.0,0,0,0,0,1,4963.0,4570.0,1,1,1,0,0,7,10.69,41.34,0,Terese Nielsen,2003
f928d19f-a88e-4558-878e-af49c50c70ee,Inkmoth Nexus,sld,Secret Lair Drop,box,2023-04-14,rare,0.0,Land,Land,C,0,0,1,,,0,249,0.0,0.0,0,1,0,0,0,2029.0,,1,1,1,0,0,11,10.65,11.2,0,Jung Park,2015
4cc35b82-a233-4460-968e-d90980fb2074,Auton Soldier,who,Doctor Who,commander,2023-10-13,rare,6.0,Creature,Artifact Creature — Alien Soldier,U,1,0,0,U,,0,373,0.0,0.0,0,0,0,0,0,2016.0,,0,1,1,0,0,5,10.65,13.17,0,Greg Opalinski,2015
dd148edc-9e43-41aa-bb50-f912115d3e72,Arena of Glory,mh3,Modern Horizons 3,draft_innovation,2024-06-14,rare,0.0,Land,Land,R,1,0,0,R,,0,248,0.0,0.0,0,0,0,0,1,406.0,,1,1,1,0,0,10,10.62,12.7,0,Jorge Jacinto,2015
d95cd0be-5a70-4402-8e53-04151d6652e1,"Valakut, the Molten Pinnacle",tle,Avatar: The Last Airbender Eternal,eternal,2025-11-21,mythic,0.0,Land,Land,R,1,0,0,R,,0,176,0.0,0.0,0,1,0,1,1,1394.0,612.0,1,1,1,0,0,10,10.61,11.11,0,Viacom,2015
8fbad757-4081-42f7-a460-68ac03e77510,"Ral Zarek, Guest Lecturer",sos,Secrets of Strixhaven,expansion,2026-04-24,mythic,3.0,Planeswalker,Legendary Planeswalker — Ral,B,1,0,0,B,Surveil,1,280,0.0,0.0,0,0,0,0,0,23781.0,,0,0,0,0,0,0,10.55,31.57,0,Billy Christian,2015
d4d379b5-7f56-4a7d-a4ac-131fc3d579c6,Primal Amulet // Primal Wellspring,xln,Ixalan,expansion,2017-09-29,rare,4.0,Artifact,Artifact // Land,C,0,0,1,,Transform,1,0,0.0,0.0,0,0,0,0,1,2055.0,1644.0,1,1,1,0,1,12,10.47,12.77,0,John Avon,2015
b9c11061-bb34-4904-b9f1-ea106b517bbe,"Adrix and Nev, Twincasters",mkc,Murders at Karlov Manor Commander,commander,2024-02-09,mythic,4.0,Creature,Legendary Creature — Merfolk Wizard,"G,U",2,1,0,"G,U",Ward,1,248,2.0,2.0,0,1,0,0,0,1389.0,,0,1,1,0,0,5,10.36,,0,Andrew Mar,2015
b268d5c5-3f70-4693-94e6-d5993b672d6b,Sacred Foundry,peoe,Edge of Eternities Promos,promo,2025-08-01,rare,0.0,Land,Land — Mountain Plains,"R,W",2,1,0,"R,W",,0,95,0.0,0.0,0,1,1,0,0,79.0,105.0,1,1,1,1,1,16,10.32,10.47,0,Titus Lunter,2015
84d1bcef-907c-4c3a-8b52-6e633fa19667,And They Shall Know No Fear,40k,"Warhammer 40,000 Commander",commander,2022-10-07,uncommon,2.0,Instant,Instant,W,1,0,0,W,,0,117,0.0,0.0,0,0,0,0,0,3359.0,,0,1,1,0,0,5,10.31,,0,Games Workshop,2015
b66daa94-d367-4812-9f18-f35378c1febb,Steam Vents,ecl,Lorwyn Eclipsed,expansion,2026-01-23,rare,0.0,Land,Land — Island Mountain,"R,U",2,1,0,"R,U",,0,95,0.0,0.0,0,1,0,0,1,68.0,,1,1,1,1,1,16,10.3,10.47,0,Adam Paquette,2015
bd17c9df-7d78-4228-a4ca-2f39b69f2ace,Angel of Serenity,sld,Secret Lair Drop,box,2023-10-02,mythic,7.0,Creature,Creature — Angel,W,1,0,0,W,Flying,1,233,5.0,6.0,0,1,0,1,0,3471.0,4794.0,1,1,1,0,1,8,10.27,11.08,0,Nephelomancer,2015
0d4fb926-fe8c-4640-ac8d-ef418b8945d5,"Chandra, Awakened Inferno",cmm,Commander Masters,masters,2023-08-04,mythic,6.0,Planeswalker,Legendary Planeswalker — Chandra,R,1,0,0,R,,0,336,0.0,0.0,0,1,0,0,0,3143.0,,1,1,1,0,1,11,10.27,,0,Chris Rahn,2015
6f75946b-1690-43cc-993c-d4e451a1a41c,Sorrow's Path,drk,The Dark,expansion,1994-08-01,rare,0.0,Land,Land,C,0,0,1,,,0,338,0.0,0.0,1,0,0,0,1,23009.0,17375.0,0,1,1,0,0,8,10.26,,0,Randy Asplund-Faith,1993
11da39d6-cfa6-498d-91b1-11454cc7e5a3,"Uthros, Titanic Godcore",eoe,Edge of Eternities,expansion,2025-08-01,mythic,0.0,Land,Land — Planet,U,1,0,0,U,Station,1,219,0.0,0.0,0,0,0,0,1,1825.0,,1,1,1,1,1,15,10.24,12.93,0,Adam Paquette,2015
a138b2e9-9665-4544-866a-8672ddab79fc,Turbulent Steppe,soc,Secrets of Strixhaven Commander,commander,2026-04-24,rare,0.0,Land,Land — Mountain Plains,"R,W",2,1,0,"R,W",,0,97,0.0,0.0,0,0,0,0,0,18091.0,,0,0,0,0,0,0,10.15,,0,Sergey Glushakov,2015
84f89c49-7202-47ca-8453-c62c448f9908,Acquire,pidw,IDW Comics Inserts,promo,2014-01-22,rare,5.0,Sorcery,Sorcery,U,1,0,0,U,,0,139,0.0,0.0,0,1,1,0,0,9794.0,14865.0,1,1,1,0,0,8,10.15,,0,Anthony Francisco,2003
fc7d1912-7e27-49ef-bd98-375d975a42b0,Starting Town,fin,Final Fantasy,expansion,2025-06-13,rare,0.0,Land,Land — Town,C,0,0,1,,,0,140,0.0,0.0,0,0,0,0,1,1004.0,,1,1,1,1,1,15,10.13,20.23,0,Hristo D. Chukov,2015
9897074a-0ac4-4d1a-9aac-e77830cc5c78,Angel of Destiny,znr,Zendikar Rising,expansion,2020-09-25,mythic,5.0,Creature,Creature — Angel Cleric,W,1,0,0,W,"Flying,Double strike",2,293,2.0,6.0,0,0,0,0,1,2790.0,15978.0,1,1,1,0,1,12,10.07,8.37,0,Ryan Pancoast,2015
ac706f08-ec6b-4b0f-85cb-41d6a32d702b,Willowrush Verge,pdft,Aetherdrift Promos,promo,2025-02-14,rare,0.0,Land,Land,"G,U",2,1,0,"G,U",,0,79,0.0,0.0,0,1,1,0,0,1263.0,,1,1,1,1,1,15,10.07,9.73,0,Aaron Miller,2015
ed0ace28-9a33-4f0d-b8c8-f5517f20ccf1,"Ayara, First of Locthwain",eld,Throne of Eldraine,expansion,2019-10-04,rare,3.0,Creature,Legendary Creature — Elf Noble,B,1,0,0,B,,0,160,2.0,3.0,0,0,0,0,1,803.0,2760.0,1,1,1,0,1,12,10.04,8.11,0,Ryan Pancoast,2015
4816d092-e34b-4397-8599-43d8e85a8f39,Narset Transcendent,dtk,Dragons of Tarkir,expansion,2015-03-27,mythic,4.0,Planeswalker,Legendary Planeswalker — Narset,"U,W",2,1,0,"U,W",,0,429,0.0,0.0,0,0,0,0,1,7753.0,3337.0,1,1,1,0,1,12,9.98,23.54,0,Magali Villeneuve,2015
51889b3f-082a-40e9-8be7-11f8c1a7a9a8,Aboleth Spawn,clb,Commander Legends: Battle for Baldur's Gate,draft_innovation,2022-06-10,rare,3.0,Creature,Creature — Fish Horror,U,1,0,0,U,"Probing Telepathy,Ward,Flash",3,215,2.0,3.0,0,0,0,0,0,3714.0,,0,1,1,0,0,5,9.91,,0,Sam Burley,2015
79883468-a37c-4894-8d05-6a4d150b7d59,"Ajani, Strength of the Pride",m20,Core Set 2020,core,2019-07-12,mythic,4.0,Planeswalker,Legendary Planeswalker — Ajani,W,1,0,0,W,,0,383,0.0,0.0,0,0,0,0,1,3123.0,,1,1,1,0,1,11,9.87,15.72,0,Chris Rallis,2015
c21565d0-fc40-4d89-9b27-87c03385e0af,City of Brass,tmc,Teenage Mutant Ninja Turtles Eternal,eternal,2026-03-06,rare,0.0,Land,Land,C,0,0,1,,,0,92,0.0,0.0,0,1,0,0,0,99.0,,1,1,1,0,0,8,9.8,17.5,0,Robin Olausson,2015
cc0c2bab-4392-4e7b-9d14-2901f4ffbae8,Animate Dead,soc,Secrets of Strixhaven Commander,commander,2026-04-24,uncommon,2.0,Enchantment,Enchantment — Aura,B,1,0,0,B,Enchant,1,414,0.0,0.0,0,1,0,0,0,229.0,184.0,0,1,1,0,0,7,9.74,,0,Bastien L. Deharme,2015
85c18d01-62cd-45c2-94b8-a63a4239311d,"Auntie Blyte, Bad Influence",j22,Jumpstart 2022,draft_innovation,2022-12-02,mythic,3.0,Creature,Legendary Creature — Devil Advisor,R,1,0,0,R,Flying,1,192,2.0,2.0,0,0,0,0,1,12089.0,,0,1,1,0,0,5,9.66,,0,Tatiana Kirgetova,2015
5a195fb1-f2e9-4e05-8a04-c335e1afbef6,Bear Umbra,nec,Neon Dynasty Commander,commander,2022-02-18,rare,4.0,Enchantment,Enchantment — Aura,G,1,0,0,G,"Umbra armor,Enchant",2,230,0.0,0.0,0,1,0,0,0,841.0,10511.0,1,1,1,0,0,8,9.64,,0,Howard Lyon,2015
c8134a08-4c7f-419e-940d-95bc9f630ae2,Avacyn's Memorial,mic,Midnight Hunt Commander,commander,2021-09-24,mythic,8.0,Artifact,Legendary Artifact,W,1,0,0,W,Indestructible,1,74,0.0,0.0,0,0,0,0,0,7402.0,,0,1,1,0,0,5,9.63,,0,Kasia 'Kafis' Zielińska,2015
72c6d541-e2cb-4d6e-acac-90a8f53b7006,Elegant Parlor,mkm,Murders at Karlov Manor,expansion,2024-02-09,rare,0.0,Land,Land — Mountain Plains,"R,W",2,1,0,"R,W",Surveil,1,157,0.0,0.0,0,0,0,0,1,787.0,,1,1,1,1,1,14,9.63,10.34,0,Kamila Szutenberg,2015
4a706ecf-3277-40e3-871c-4ba4ead16e20,Wrenn and Six,mh1,Modern Horizons,draft_innovation,2019-06-14,mythic,2.0,Planeswalker,Legendary Planeswalker — Wrenn,"G,R",2,1,0,"G,R",,0,334,0.0,0.0,0,0,0,0,1,6034.0,,1,0,1,0,0,9,9.56,22.52,0,Chase Stone,2015
673c21f8-02b6-4ac4-b2fc-df065b4ac662,"Aesi, Tyrant of Gyre Strait",dsc,Duskmourn: House of Horror Commander,commander,2024-09-27,mythic,6.0,Creature,Legendary Creature — Serpent,"G,U",2,1,0,"G,U",Landfall,1,122,5.0,5.0,0,1,0,0,0,849.0,,0,1,1,0,0,5,9.5,,0,Viktor Titov,2015
daf4bcd2-3ae4-4803-9ea1-3bcc3de5ca59,Beast Whisperer,clu,Ravnica: Clue Edition,draft_innovation,2024-02-23,rare,4.0,Creature,Creature — Elf Druid,G,1,0,0,G,,0,48,2.0,3.0,0,1,0,0,0,201.0,1998.0,1,1,1,0,1,12,9.48,,0,Matt Stewart,2015
60a24826-55fc-4b1b-98bf-3204ad852765,Arena Rector,bbd,Battlebond,draft_innovation,2018-06-08,mythic,4.0,Creature,Creature — Human Cleric,W,1,0,0,W,,0,141,1.0,2.0,0,0,0,0,1,8829.0,,0,1,1,0,0,5,9.47,15.13,0,Ryan Pancoast,2015
cd6d7bba-2de4-49fe-8e07-a7c00c6bfc96,"April O'Neil, Human Element",tmc,Teenage Mutant Ninja Turtles Eternal,eternal,2026-03-06,rare,4.0,Creature,Legendary Creature — Human Detective,U,1,0,0,U,,0,217,2.0,5.0,0,0,0,0,0,15783.0,,0,1,1,0,0,5,9.46,,0,Fahmi Fauzi,2015
5abdcad7-3b7a-43f6-a0ad-3aa99ee55c91,Scorched Geyser,soc,Secrets of Strixhaven Commander,commander,2026-04-24,rare,0.0,Land,Land — Island Mountain,"R,U",2,1,0,"R,U",,0,90,0.0,0.0,0,0,0,0,0,17993.0,,0,0,0,0,0,0,9.46,,0,Manuel Castañón,2015
0d16e8e0-31b2-4389-afd6-783c501f6fa0,"Ajani, Nacatl Pariah // Ajani, Nacatl Avenger",mh3,Modern Horizons 3,draft_innovation,2024-06-14,mythic,2.0,Creature,Legendary Creature — Cat Warrior // Legendary Planeswalker — Ajani,"R,W",2,1,0,"R,W",Transform,1,0,0.0,0.0,0,0,0,0,1,4516.0,,1,1,1,0,0,7,9.41,10.14,0,Chris Rallis,2015
cd12fe2b-13c3-4b9c-82f6-e49f162fa399,Bleachbone Verge,pdft,Aetherdrift Promos,promo,2025-02-14,rare,0.0,Land,Land,"B,W",2,1,0,"B,W",,0,77,0.0,0.0,0,1,1,0,0,1009.0,,1,1,1,1,1,15,9.4,9.52,0,Mark Tedin,2015
8bd5828b-8dcd-4ce6-b834-ebe9cbaa12d1,Blood Crypt,rtr,Return to Ravnica,expansion,2012-10-05,rare,0.0,Land,Land — Swamp Mountain,"B,R",2,1,0,"B,R",,0,95,0.0,0.0,0,1,0,0,1,72.0,,1,1,1,1,1,16,9.22,23.84,0,Vincent Proce,2003
3d251490-41bb-4ad3-bfd0-a5e66ee42598,Wirewood Lodge,ons,Onslaught,expansion,2002-10-07,uncommon,0.0,Land,Land,G,1,0,0,G,,0,41,0.0,0.0,0,0,0,0,1,2426.0,2104.0,0,1,1,0,0,7,9.1,48.66,0,Anthony S. Waters,1997
1b3dff0f-5f2a-4533-a5b6-be0dd11abc95,Gilt-Leaf Palace,plst,The List,masters,2019-11-07,rare,0.0,Land,Land,"B,G",2,1,0,"B,G",,0,123,0.0,0.0,0,1,0,0,1,4992.0,3191.0,1,1,1,0,0,8,9.09,,0,Christopher Moeller,2003
7c247fd6-09f3-40cd-b3fb-53b6526e1dcf,Arcane Lighthouse,cmm,Commander Masters,masters,2023-08-04,uncommon,0.0,Land,Land,C,0,0,1,,,0,135,0.0,0.0,0,1,0,0,0,1152.0,,0,1,1,0,0,5,9.08,,0,Igor Kieryluk,2015
d151c8e2-d715-470d-868a-f45191db9fa0,Blazemire Verge,dsk,Duskmourn: House of Horror,expansion,2024-09-27,rare,0.0,Land,Land,"B,R",2,1,0,"B,R",,0,79,0.0,0.0,0,0,0,0,1,586.0,,1,1,1,1,1,15,9.06,11.31,0,Andrew Mar,2015
4fcd08ad-4dac-4236-9030-f59e473b3ec7,Chocobo Camp,fic,Final Fantasy Commander,commander,2025-12-05,rare,0.0,Land,Land,G,1,0,0,G,,0,319,0.0,0.0,0,0,0,1,0,14376.0,,0,1,1,0,0,5,8.98,4.96,0,Winona Nelson,2015
8d59d264-87ee-4305-bffb-110549331a82,Altar of the Brood,ktk,Khans of Tarkir,expansion,2014-09-26,rare,1.0,Artifact,Artifact,C,0,0,1,,Mill,1,74,0.0,0.0,0,0,0,0,1,1409.0,3833.0,1,1,1,0,1,12,8.96,18.18,0,Erica Yang,2015
a95b7645-154f-4904-bf71-db7eb24d4df2,Academy Ruins,2xm,Double Masters,masters,2020-08-07,rare,0.0,Land,Legendary Land,U,1,0,0,U,,0,95,0.0,0.0,0,1,0,0,1,499.0,959.0,1,1,1,0,0,8,8.91,14.7,0,Zoltan Boros & Gabor Szikszai,2015
c66fa93a-6888-4297-b22e-7d69fd25c0d7,"Teyo, Geometric Tactician",cmm,Commander Masters,masters,2023-08-04,rare,3.0,Planeswalker,Legendary Planeswalker — Teyo,W,1,0,0,W,,0,301,0.0,0.0,0,0,0,0,0,5083.0,,0,1,1,0,0,5,8.87,,0,Kieran Yanner,2015
19545db3-8be5-41e5-8d13-dec4f96fe624,Undercity Sewers,pza,Teenage Mutant Ninja Turtles Source Material,masterpiece,2026-03-06,mythic,0.0,Land,Land — Island Swamp,"B,U",2,1,0,"B,U",Surveil,1,157,0.0,0.0,0,1,0,1,0,432.0,,1,1,1,1,1,15,8.85,13.53,0,Kevin Eastman & Peter Laird,2015
941b0afc-0e8f-45f2-ae7f-07595e164611,Innkeeper's Talent,blb,Bloomburrow,expansion,2024-08-02,rare,2.0,Enchantment,Enchantment — Class,G,1,0,0,G,,0,392,0.0,0.0,0,0,0,0,1,725.0,,1,1,1,1,1,15,8.84,10.33,0,Alix Branwyn,2015
c07903f1-defc-4ec7-accb-724b0219acd8,Ankh of Mishra,6ed,Classic Sixth Edition,core,1999-04-21,rare,2.0,Artifact,Artifact,C,0,0,1,,,0,79,0.0,0.0,0,1,0,0,1,4966.0,2414.0,0,1,1,0,0,7,8.8,,0,Ian Miller,1997
d9e966cb-bb42-49d8-b351-114619b31497,Angelic Chorus,bbd,Battlebond,draft_innovation,2018-06-08,rare,5.0,Enchantment,Enchantment,W,1,0,0,W,,0,77,0.0,0.0,0,1,0,0,1,6049.0,,1,1,1,0,0,9,8.8,15.12,0,Jim Murray,2015
8dbda146-ed0a-4bf6-b99d-dc6d59bd9447,Soldevi Excavations,all,Alliances,expansion,1996-06-10,rare,0.0,Land,Land,U,1,0,0,U,Scry,1,194,0.0,0.0,1,0,0,0,1,15318.0,,0,1,1,0,0,7,8.75,,0,Liz Danforth,1993
b5bc71a1-2344-4bc6-aa60-658cec19d0d6,Mount Doom,ltr,The Lord of the Rings: Tales of Middle-earth,draft_innovation,2023-06-23,mythic,0.0,Land,Legendary Land,"B,R",2,1,0,"B,R",,0,234,0.0,0.0,0,0,0,0,1,1169.0,492.0,1,1,1,0,0,11,8.7,7.52,0,Jonas De Ro,2015
eeb1f8ff-c32f-4d75-8c04-f97d05ba47d6,Alliance of Arms,cmd,Commander 2011,commander,2011-06-17,rare,1.0,Sorcery,Sorcery,W,1,0,0,W,Join forces,1,180,0.0,0.0,0,0,0,0,0,11180.0,,0,1,1,0,0,5,8.69,,0,Johann Bodin,2003
91193a0b-9087-404f-b397-815e29d0fe12,Agent Frank Horrigan,pip,Fallout,commander,2024-03-08,rare,7.0,Creature,Legendary Creature — Mutant Warrior,"B,G",2,1,0,"B,G","Trample,Proliferate",2,274,8.0,6.0,0,0,0,0,0,3235.0,,0,1,1,0,0,5,8.69,12.02,0,Wisnu Tan,2015
04c9f48d-2213-4f95-8eac-b23bd2d95e34,Avoid Fate,tsb,Time Spiral Timeshifted,expansion,2006-10-06,special,1.0,Instant,Instant,G,1,0,0,G,,0,74,0.0,0.0,0,1,0,0,1,8684.0,10309.0,1,1,1,0,0,10,8.68,31.1,0,Phil Foglio,1997
6749dd02-f4aa-4bcc-8754-88f3a7e161e8,Stomping Ground,peoe,Edge of Eternities Promos,promo,2025-08-01,rare,0.0,Land,Land — Mountain Forest,"G,R",2,1,0,"G,R",,0,95,0.0,0.0,0,1,1,0,0,67.0,18.0,1,1,1,1,1,16,8.66,7.78,0,Bruce Brenneise,2015
66641d88-b3f0-4bcd-8d2d-29aa2de69e30,Seafarer's Quay,leg,Legends,expansion,1994-06-01,uncommon,0.0,Land,Land,C,0,0,1,,,0,511,0.0,0.0,0,0,0,0,1,25595.0,,0,1,1,0,0,7,8.56,,0,Tom Wänerstrand,1993
75d5b014-8675-4d91-a539-ac5c31d44b35,Altar of Bone,ice,Ice Age,expansion,1995-06-03,rare,2.0,Sorcery,Sorcery,"G,W",2,1,0,"G,W",,0,152,0.0,0.0,1,0,0,0,1,13912.0,,0,1,1,0,0,7,8.54,,0,Melissa A. Benson,1993
f6589e02-8c84-4069-88d1-ebcc8520cae1,Archivist of Oghma,clb,Commander Legends: Battle for Baldur's Gate,draft_innovation,2022-06-10,rare,2.0,Creature,Creature — Halfling Cleric,W,1,0,0,W,Flash,1,83,2.0,2.0,0,0,0,0,1,645.0,,0,1,1,0,0,9,8.54,9.0,0,Stella Spente,2015
627c392c-4d18-4eb2-a4e8-c668f61f5487,"Aclazotz, Deepest Betrayal // Temple of the Dead",lci,The Lost Caverns of Ixalan,expansion,2023-11-17,mythic,5.0,Creature,Legendary Creature — Bat God // Land,B,1,0,0,B,"Flying,Lifelink,Transform",3,0,0.0,0.0,0,0,0,0,1,2484.0,,1,1,1,1,1,14,8.52,8.53,0,Steve Prescott,2015
1be9d9a4-d7ee-4854-abc2-85cabf993ec9,Archon of Cruelty,mh2,Modern Horizons 2,draft_innovation,2021-06-18,mythic,8.0,Creature,Creature — Archon,B,1,0,0,B,Flying,1,187,6.0,6.0,0,0,0,0,1,1118.0,,1,1,1,0,0,6,8.5,13.0,0,Andrew Mar,2015
d583783f-623c-40dd-9dac-0937d65f9341,Archaeomancer,spg,Special Guests,masterpiece,2026-04-24,mythic,4.0,Creature,Creature — Human Wizard,U,1,0,0,U,,0,98,1.0,2.0,0,1,0,0,0,939.0,1371.0,1,1,1,0,1,13,8.49,38.62,0,Aurore Folny,2015
c6202554-88a7-4b7f-b20f-d034997dbd02,Maze of Ith,dmr,Dominaria Remastered,masters,2023-01-13,rare,0.0,Land,Land,C,0,0,1,,,0,124,0.0,0.0,0,1,0,0,0,517.0,,0,1,1,0,0,6,8.48,8.18,0,Yeong-Hao Han,1997
f08dfd99-59fa-4a6c-bd69-c647f639de4d,Hall of Heliod's Generosity,dsc,Duskmourn: House of Horror Commander,commander,2024-09-27,rare,0.0,Land,Legendary Land,W,1,0,0,W,,0,98,0.0,0.0,0,1,0,0,0,419.0,1102.0,1,1,1,0,0,7,8.4,,0,Daniel Ljunggren,2015
f5fb426a-5618-4dd4-9c51-0cc847be8c1d,Multiversal Passage,spm,Marvel's Spider-Man,expansion,2025-09-26,rare,0.0,Land,Land,C,0,0,1,,,0,133,0.0,0.0,0,0,0,0,1,3026.0,,1,1,1,1,1,15,8.28,11.18,0,Pablo Mendoza,2015
54e03a6c-1c0a-4a24-a3fe-2f3244938769,Forbidden Orchard,c16,Commander 2016,commander,2016-11-11,rare,0.0,Land,Land,C,0,0,1,,,0,131,0.0,0.0,0,1,0,0,0,667.0,947.0,1,1,1,0,0,8,8.24,,0,Daniel Ljunggren,2015
fe73afbc-e31f-404d-8bab-f66330e533c7,Overgrown Tomb,pecl,Lorwyn Eclipsed Promos,promo,2026-01-23,rare,0.0,Land,Land — Swamp Forest,"B,G",2,1,0,"B,G",,0,95,0.0,0.0,0,1,1,0,0,73.0,44.0,1,1,1,1,1,17,8.17,11.78,0,Adam Paquette,2015
d75ebba8-34ca-47a0-bf13-8318ad73b343,"Liliana, Dreadhorde General",war,War of the Spark,expansion,2019-05-03,mythic,6.0,Planeswalker,Legendary Planeswalker — Liliana,B,1,0,0,B,,0,253,0.0,0.0,0,0,0,0,1,748.0,3028.0,1,1,1,1,1,16,8.12,8.59,0,Chris Rallis,2015
cff57828-c5c4-405f-a118-dc91c5f754ac,Ancient Stirrings,slp,Secret Lair Promo,promo,2026-04-04,rare,1.0,Sorcery,Sorcery,G,1,0,0,G,,0,180,0.0,0.0,0,1,1,1,0,8068.0,448.0,1,1,1,0,0,9,8.1,32.14,0,SimzArt,2015
de0e01e4-e143-47fd-8565-7b48219bb546,Goldvein Hydra,otj,Outlaws of Thunder Junction,expansion,2024-04-19,mythic,1.0,Creature,Creature — Hydra,G,1,0,0,G,"Vigilance,Treasure,Haste,Trample",4,162,0.0,0.0,0,0,0,0,1,1564.0,,1,1,1,1,1,14,8.1,9.28,0,David Auden Nash,2015
1a0867be-a861-4fb4-b8ff-cb2966193755,"Aphelia, Viper Whisperer",j25,Foundations Jumpstart,draft_innovation,2024-11-15,mythic,2.0,Creature,Legendary Creature — Gorgon Assassin,B,1,0,0,"B,G",Deathtouch,1,287,1.0,3.0,0,0,0,0,0,11146.0,,0,1,1,0,0,9,8.08,,0,Fuzichoco,2015
c5cb3052-358d-44a7-8cfd-cd31b236494a,Bala Ged Recovery // Bala Ged Sanctuary,znr,Zendikar Rising,expansion,2020-09-25,uncommon,3.0,Sorcery,Sorcery // Land,G,1,0,0,G,,0,0,0.0,0.0,0,0,0,0,1,305.0,314.0,1,1,1,0,1,11,8.08,8.23,0,Lucas Staniec,2015
d5756d4b-3068-412c-8643-880d3459151e,Enduring Tenacity,dsk,Duskmourn: House of Horror,expansion,2024-09-27,rare,4.0,Creature,Enchantment Creature — Snake Glimmer,B,1,0,0,B,,0,212,4.0,3.0,0,0,0,0,1,951.0,3059.0,1,1,1,1,1,16,8.06,7.25,0,Isis,2015
bf220c06-3cce-4bdd-aa58-83940c223e9c,Commercial District,mkm,Murders at Karlov Manor,expansion,2024-02-09,rare,0.0,Land,Land — Mountain Forest,"G,R",2,1,0,"G,R",Surveil,1,157,0.0,0.0,0,0,0,0,1,637.0,,1,1,1,1,1,14,7.98,9.39,0,Julian Kok Joon Wen,2015
829d91e9-4878-4e55-a262-ac0d55b65d4e,"Appa, Steadfast Guardian",tla,Avatar: The Last Airbender,expansion,2025-11-21,mythic,4.0,Creature,Legendary Creature — Bison Ally,W,1,0,0,W,"Flying,Airbend,Flash",3,272,3.0,4.0,0,0,0,0,1,3843.0,,1,1,1,1,1,15,7.97,9.29,0,Maël Ollivier-Henry,2015
b1c5f679-82d0-4434-9f13-d39ad57282b8,"Tasha, the Witch Queen",clb,Commander Legends: Battle for Baldur's Gate,draft_innovation,2022-06-10,mythic,5.0,Planeswalker,Legendary Planeswalker — Tasha,"B,U",2,1,0,"B,U",,0,377,0.0,0.0,0,0,0,0,1,4160.0,,0,1,1,0,0,5,7.96,7.99,0,Martina Fačková,2015
daf51a76-7a57-4462-ae18-a19e817e49e5,Breach the Multiverse,mom,March of the Machine,expansion,2023-04-21,rare,7.0,Sorcery,Sorcery,B,1,0,0,B,Mill,1,252,0.0,0.0,0,0,0,0,1,820.0,4321.0,1,1,1,0,1,12,7.94,9.08,0,Liiga Smilshkalne,2015
bc7239ea-f8aa-4a6f-87bd-c35359635673,"Shatterskull Smashing // Shatterskull, the Hammer Pass",znr,Zendikar Rising,expansion,2020-09-25,mythic,2.0,Sorcery,Sorcery // Land,R,1,0,0,R,,0,0,0.0,0.0,0,0,0,0,1,1318.0,,1,1,1,0,1,11,7.93,8.44,0,Adam Paquette,2015
4453bc99-835a-4cfa-a64c-f55434ad4897,Adarkar Valkyrie,plst,The List,masters,2021-02-05,rare,6.0,Creature,Snow Creature — Angel,W,1,0,0,W,"Flying,Vigilance",2,140,4.0,5.0,0,1,0,0,1,7777.0,14051.0,1,1,1,0,0,8,7.91,,0,Jeremy Jarvis,2003
d53ed0db-1199-44b3-8eda-8189dfcf53d1,Floodfarm Verge,dsk,Duskmourn: House of Horror,expansion,2024-09-27,rare,0.0,Land,Land,"U,W",2,1,0,"U,W",,0,79,0.0,0.0,0,0,0,0,1,738.0,,1,1,1,1,1,15,7.85,9.64,0,Randy Gallegos,2015
fbb6197c-8595-4420-9559-ce1d867c5b21,"Ajani, Outland Chaperone",pecl,Lorwyn Eclipsed Promos,promo,2026-01-23,mythic,3.0,Planeswalker,Legendary Planeswalker — Ajani,W,1,0,0,W,,0,309,0.0,0.0,0,1,1,0,0,13611.0,,1,1,1,1,1,15,7.85,5.86,0,Daren Bader,2015
0001b4a6-10bf-4bdd-a9da-fe78d9d39a82,Wastewood Verge,pdft,Aetherdrift Promos,promo,2025-02-14,rare,0.0,Land,Land,"B,G",2,1,0,"B,G",,0,77,0.0,0.0,0,1,1,0,0,1241.0,,1,1,1,1,1,15,7.85,8.11,0,Bartek Fedyczak,2015
05b90d72-00ac-4423-8cdf-e1471c6cd0ae,Ancestral Knowledge,wth,Weatherlight,expansion,1997-06-09,rare,2.0,Enchantment,Enchantment,U,1,0,0,U,Cumulative upkeep,1,401,0.0,0.0,1,0,0,0,1,17565.0,,0,1,1,0,0,7,7.85,,0,Colin MacNeil,1997
7ff23780-d183-4cca-ad0c-448ef325bf36,Apocalypse,tmp,Tempest,expansion,1997-10-14,rare,5.0,Sorcery,Sorcery,R,1,0,0,R,,0,44,0.0,0.0,1,0,0,0,1,17187.0,,0,1,1,0,0,7,7.81,,0,Allen Williams,1997
526d3add-b87f-42ba-957b-879fb8fea792,Turbulent Springs,soc,Secrets of Strixhaven Commander,commander,2026-04-24,rare,0.0,Land,Land — Island Mountain,"R,U",2,1,0,"R,U",,0,97,0.0,0.0,0,0,0,0,0,17209.0,,0,0,0,0,0,0,7.8,,0,Sergey Glushakov,2015
bf5c3883-ca22-4850-9721-d1acb16acbd8,Fomori Vault,pbig,The Big Score Promos,promo,2025-08-01,mythic,0.0,Land,Land,C,0,0,1,,,0,228,0.0,0.0,0,1,1,0,0,1615.0,,1,1,1,1,1,15,7.73,8.23,0,Jonas De Ro,2015
e19fb1a1-b0fb-4ffd-b6f2-dfc69c7d5473,The World Tree,pkhm,Kaldheim Promos,promo,2021-02-05,rare,0.0,Land,Land,"B,G,R,U,W",5,1,0,"B,G,R,U,W",,0,289,0.0,0.0,0,1,1,0,0,760.0,1660.0,1,1,1,0,1,12,7.57,8.22,0,Anastasia Ovchinnikova,2015
b3bc5f0b-81d8-461b-9b0a-ee2e8acc6bf5,Eiganjo Castle,sld,Secret Lair Drop,box,2025-10-27,rare,0.0,Land,Legendary Land,W,1,0,0,W,,0,109,0.0,0.0,0,1,0,1,0,3453.0,535.0,1,1,1,0,0,8,7.56,,0,Matteo Bassini,2015
e5ead59f-4c09-4b56-913e-4ff5d6d48ac2,"Appa, the Vigilant",tle,Avatar: The Last Airbender Eternal,eternal,2025-11-21,rare,7.0,Creature,Legendary Creature — Bison Ally,W,1,0,0,W,"Flying,Vigilance",2,148,6.0,6.0,0,0,0,1,0,9821.0,,0,1,1,0,0,8,7.54,3.45,0,Fahmi Fauzi,2015
b6ed7ca8-fd91-46e3-9149-a3de23c7078e,Teferi's Isle,mir,Mirage,expansion,1996-10-08,rare,0.0,Land,Legendary Land,U,1,0,0,U,Phasing,1,191,0.0,0.0,1,0,0,0,1,17286.0,,0,1,1,0,0,7,7.53,,0,Gerry Grace,1997
5bc629de-18a3-4780-9df6-28ee54a34b81,Beacon of Creation,5dn,Fifth Dawn,expansion,2004-06-04,rare,4.0,Sorcery,Sorcery,G,1,0,0,G,,0,122,0.0,0.0,0,0,0,0,1,11615.0,8396.0,1,1,1,0,0,8,7.5,18.24,0,Mark Tedin,2003
e78e39ea-20be-4196-992c-7ed2cb8150c1,Angel's Grace,tsr,Time Spiral Remastered,masters,2021-03-19,rare,1.0,Instant,Instant,W,1,0,0,W,Split second,1,312,0.0,0.0,0,1,0,0,1,2130.0,1940.0,1,1,1,0,0,8,7.48,22.36,0,Zoltan Boros,2015
8616629e-08f9-41ad-bfec-f86c8096f1cb,Enduring Curiosity,dsk,Duskmourn: House of Horror,expansion,2024-09-27,rare,4.0,Creature,Enchantment Creature — Cat Glimmer,U,1,0,0,U,Flash,1,235,4.0,3.0,0,0,0,0,1,912.0,,1,1,1,1,1,15,7.47,10.28,0,Julie Dillon,2015
49dfee68-c242-4579-94b1-c23238f8c87d,Aberrant,40k,"Warhammer 40,000 Commander",commander,2022-10-07,uncommon,2.0,Creature,Creature — Tyranid Mutant,G,1,0,0,G,"Ravenous,Trample,Heavy Power Hammer",3,253,0.0,0.0,0,0,0,0,0,5442.0,,0,1,1,0,0,5,7.37,,0,Games Workshop,2015
314fd1d7-4bd8-4d95-b7c2-1aa6660ab88a,Mountain Stronghold,leg,Legends,expansion,1994-06-01,uncommon,0.0,Land,Land,C,0,0,1,,,0,510,0.0,0.0,0,0,0,0,1,23853.0,,0,1,1,0,0,7,7.37,,0,Tom Wänerstrand,1993
11b849c7-c91d-4c67-a357-f7d17f9b187a,Arrogant Wurm,tor,Torment,expansion,2002-02-04,uncommon,5.0,Creature,Creature — Wurm,G,1,0,0,G,"Madness,Trample",2,146,4.0,4.0,0,0,0,0,1,23611.0,2758.0,0,1,1,0,0,10,7.32,23.58,0,John Avon,1997
d8999135-ddb1-4e4c-b885-e25f23dac3d3,Elesh Norn // The Argent Etchings,mom,March of the Machine,expansion,2023-04-21,mythic,4.0,Creature,Legendary Creature — Phyrexian Praetor // Enchantment — Saga,W,1,0,0,W,"Incubate,Vigilance,Transform",3,0,0.0,0.0,0,0,0,0,1,3919.0,7056.0,1,1,1,0,1,12,7.27,7.52,0,Magali Villeneuve,2015
547f92d4-cd1d-4ca7-a6e2-6473b4d3c832,"Arwen, Mortal Queen",ltr,The Lord of the Rings: Tales of Middle-earth,draft_innovation,2023-06-23,mythic,3.0,Creature,Legendary Creature — Elf Noble,"G,W",2,1,0,"G,W",,0,277,2.0,2.0,0,0,0,0,1,5076.0,3943.0,1,1,1,0,0,11,7.25,10.86,0,Miranda Meeks,2015
8f244716-78ab-46f5-b6e9-fc1e6db28052,"Tevesh Szat, Doom of Fools",cmr,Commander Legends,draft_innovation,2020-11-20,mythic,5.0,Planeswalker,Legendary Planeswalker — Szat,B,1,0,0,B,Partner,1,376,0.0,0.0,0,0,0,0,1,3507.0,,0,1,1,0,0,5,7.25,9.72,0,Livia Prima,2015
46418186-c215-47c4-9d0a-d15a1d8ca613,The Black Gate,ltc,Tales of Middle-earth Commander,commander,2023-06-23,rare,0.0,Land,Legendary Land — Gate,B,1,0,0,B,,0,240,0.0,0.0,0,0,0,0,0,1178.0,,0,1,1,0,0,5,7.24,,0,Marc Simonetti,2015
a680cc6d-9c31-4f5d-808f-dace92bf4346,Sanctum of Eternity,c19,Commander 2019,commander,2019-08-23,rare,0.0,Land,Land,C,0,0,1,,,0,122,0.0,0.0,0,0,0,0,0,3560.0,,0,1,1,0,0,5,7.24,,0,Daniel Ljunggren,2015
bc6ffc1c-575b-4116-83c9-d13b29886c35,"Aurelia, the Warleader",fdn,Foundations,core,2024-11-15,mythic,6.0,Creature,Legendary Creature — Angel,"R,W",2,1,0,"R,W","Flying,Vigilance,Haste",3,167,3.0,4.0,0,1,0,0,0,828.0,3631.0,1,1,1,1,1,16,7.21,,0,Slawomir Maniak,2015
9d76a30c-0431-4334-892a-9822dda9671a,Enduring Vitality,dsk,Duskmourn: House of Horror,expansion,2024-09-27,rare,3.0,Creature,Enchantment Creature — Elk Glimmer,G,1,0,0,G,Vigilance,1,221,3.0,3.0,0,0,0,0,1,536.0,3279.0,1,1,1,1,1,16,7.17,8.31,0,Valera Lutfullina,2015
6cdd2a74-63b3-4ff2-9c5a-a85dee63c3c9,Temple Garden,ecl,Lorwyn Eclipsed,expansion,2026-01-23,rare,0.0,Land,Land — Forest Plains,"G,W",2,1,0,"G,W",,0,95,0.0,0.0,0,1,0,0,1,82.0,42.0,1,1,1,1,1,17,7.16,8.47,0,Adam Paquette,2015
a8bf5708-4222-46d2-b108-0ed4cf3c83c3,"Teferi, Master of Time",m21,Core Set 2021,core,2020-07-03,mythic,4.0,Planeswalker,Legendary Planeswalker — Teferi,U,1,0,0,U,,0,331,0.0,0.0,0,0,0,0,1,2088.0,,1,1,1,0,1,11,7.1,7.43,0,Yongjae Choi,2015
d59df09f-d8b9-4398-a705-329b768d5004,Ashes of the Fallen,sok,Saviors of Kamigawa,expansion,2005-06-03,rare,2.0,Artifact,Artifact,C,0,0,1,,,0,146,0.0,0.0,0,0,0,0,1,12887.0,12096.0,1,1,1,0,0,8,7.09,28.63,0,Dan Frazier,2003
ee5ac47c-e8b6-400e-b91e-a7cd0f952cf1,Lotus Field,soc,Secrets of Strixhaven Commander,commander,2026-04-24,rare,0.0,Land,Land,C,0,0,1,,Hexproof,1,115,0.0,0.0,0,1,0,0,0,976.0,,1,1,1,0,1,11,7.07,,0,John Avon,2015
5caae5ae-845f-42c2-b1ae-956df2739433,Archdruid's Charm,mkm,Murders at Karlov Manor,expansion,2024-02-09,rare,3.0,Instant,Instant,G,1,0,0,G,,0,348,0.0,0.0,0,0,0,0,1,614.0,1014.0,1,1,1,1,1,15,7.07,8.68,0,Liiga Smilshkalne,2015
e12857ca-54af-453a-a2ad-b5622e7c9b0c,Arcane Signet,sld,Secret Lair Drop,box,2026-01-26,rare,2.0,Artifact,Artifact,C,0,0,1,,,0,66,0.0,0.0,0,1,0,1,0,3.0,,1,1,1,0,1,15,7.07,7.27,0,Borja Pindado,2015
9f25e1cf-eeb4-458d-8fb2-b3a2f86bdd54,"Liliana, Heretical Healer // Liliana, Defiant Necromancer",ori,Magic Origins,core,2015-07-17,mythic,3.0,Creature,Legendary Creature — Human Cleric // Legendary Planeswalker — Liliana,B,1,0,0,B,"Lifelink,Transform",2,0,0.0,0.0,0,0,0,0,1,4233.0,1784.0,1,1,1,0,1,12,7.07,25.1,0,Karla Ortiz,2015
fb5f13a2-0896-4230-8957-6ad1cb2b895b,Azure Drake,leg,Legends,expansion,1994-06-01,uncommon,4.0,Creature,Creature — Drake,U,1,0,0,U,Flying,1,6,2.0,4.0,0,0,0,0,1,28034.0,,1,1,1,0,0,16,7.06,,0,Dan Frazier,1993
d43c01b7-443d-4061-a934-6863d230c9b8,Tolaria,leg,Legends,expansion,1994-06-01,uncommon,0.0,Land,Legendary Land,U,1,0,0,U,,0,142,0.0,0.0,0,0,0,0,1,17958.0,,0,1,1,0,0,7,7.05,,0,Nicola Leonard,1993
a4ff3bdd-bfd0-4cea-9493-85632b126cf1,Arcanis the Omnipotent,sld,Secret Lair Drop,box,2022-06-13,rare,6.0,Creature,Legendary Creature — Wizard,U,1,0,0,U,,0,69,3.0,4.0,0,1,0,1,0,2989.0,7351.0,1,1,1,1,1,18,7.01,7.29,0,Peter Diamond,2015
004524bf-b249-4dac-9c10-44d57143feb9,"Growing Rites of Itlimoc // Itlimoc, Cradle of the Sun",lci,The Lost Caverns of Ixalan,expansion,2023-11-17,rare,3.0,Enchantment,Legendary Enchantment // Legendary Land,G,1,0,0,G,Transform,1,0,0.0,0.0,0,1,0,0,1,545.0,5073.0,1,1,1,1,1,15,6.93,7.31,0,Josu Hernaiz,2015
aa9c37ec-7f03-44b7-b973-9ae5edff3149,Turbulent Wilderness,soc,Secrets of Strixhaven Commander,commander,2026-04-24,rare,0.0,Land,Land — Forest Island,"G,U",2,1,0,"G,U",,0,97,0.0,0.0,0,0,0,0,0,17865.0,,0,0,0,0,0,0,6.92,,0,Sergey Glushakov,2015
3e4c5228-1dff-4df0-9d14-f8103364c701,Arcbound Reclaimer,dst,Darksteel,expansion,2004-02-06,rare,4.0,Creature,Artifact Creature — Golem,C,0,0,1,,Modular,1,249,0.0,0.0,0,0,0,0,1,7273.0,9459.0,1,1,1,0,0,8,6.88,29.96,0,Jon Foster,2003
76480f4d-ad6d-4ed6-82c6-fa12abc22557,Academy Manufactor,otc,Outlaws of Thunder Junction Commander,commander,2024-04-19,rare,3.0,Creature,Artifact Creature — Assembly-Worker,C,0,0,1,,"Treasure,Food",2,80,1.0,3.0,0,1,0,0,0,261.0,2467.0,1,1,1,0,0,11,6.87,,0,Campbell White,2015
2f23dffc-c76b-4f01-98c2-67dae3b3114b,Ancient Cornucopia,big,The Big Score,expansion,2024-04-19,mythic,3.0,Artifact,Artifact,G,1,0,0,G,,0,166,0.0,0.0,0,0,0,0,0,8746.0,2849.0,1,1,1,1,1,15,6.85,8.5,0,Mark Poole,2015
279450ca-29df-430d-b803-7ce18196260e,Batwing Brume,arc,Archenemy,archenemy,2010-06-18,uncommon,2.0,Instant,Instant,"B,W",2,1,0,"B,W",,0,226,0.0,0.0,0,1,0,0,0,6791.0,7825.0,1,1,1,0,0,7,6.84,,0,Richard Kane Ferguson,2003
6ff3b4d8-1271-4c5d-8834-7662244f173d,Professor Dellian Fel,sos,Secrets of Strixhaven,expansion,2026-04-24,mythic,4.0,Planeswalker,Legendary Planeswalker — Dellian,"B,G",2,1,0,"B,G",,0,176,0.0,0.0,0,0,0,0,0,22094.0,,0,0,0,0,0,0,6.84,8.57,0,Lie Setiawan,2015
2744ac83-a79f-4042-8720-688b5adda382,Nurturing Peatland,mh1,Modern Horizons,draft_innovation,2019-06-14,rare,0.0,Land,Land,"B,G",2,1,0,"B,G",,0,76,0.0,0.0,0,0,0,0,1,1543.0,,1,1,1,0,0,10,6.84,11.13,0,Noah Bradley,2015
6bc26bca-c4d8-4e8b-a96a-9529fc2daed7,"Drivnod, Carnage Dominus",one,Phyrexia: All Will Be One,expansion,2023-02-10,mythic,5.0,Creature,Legendary Creature — Phyrexian Horror,B,1,0,0,B,,0,276,8.0,3.0,0,0,0,0,1,1699.0,,1,1,1,0,1,12,6.83,7.43,0,Bogdan Rezunenko,2015
e056b55f-82ed-4fe0-ab0c-bb20fa4a218a,Hallowed Fountain,ecl,Lorwyn Eclipsed,expansion,2026-01-23,rare,0.0,Land,Land — Plains Island,"U,W",2,1,0,"U,W",,0,95,0.0,0.0,0,1,0,0,1,65.0,,1,1,1,1,1,16,6.82,8.03,0,Adam Paquette,2015
cdfd08aa-0e6b-42e1-aa4a-a2bd09581a70,Acererak the Archlich,sld,Secret Lair Drop,box,2024-08-27,mythic,3.0,Creature,Legendary Creature — Zombie Wizard,B,1,0,0,B,Venture into the dungeon,1,283,5.0,5.0,0,1,0,1,0,5626.0,,1,1,1,0,1,9,6.82,,0,Tyler Jacobson,2015
c68876b6-5a30-4dea-af0a-53d30e6f8029,Rejuvenating Springs,ltc,Tales of Middle-earth Commander,commander,2023-06-23,rare,0.0,Land,Land,"G,U",2,1,0,"G,U",,0,83,0.0,0.0,0,1,0,0,0,141.0,,0,1,1,0,0,5,6.8,,0,Stephen Stark,2015
f333ea01-124f-4125-87ab-609be40e774c,Aang and Katara,tle,Avatar: The Last Airbender Eternal,eternal,2025-11-21,rare,6.0,Creature,Legendary Creature — Human Avatar Ally,"G,U,W",3,1,0,"G,U,W",,0,154,5.0,5.0,0,0,0,1,0,10568.0,,0,1,1,0,0,8,6.77,5.08,0,Brian Yuen,2015
49aaf5db-9418-4b97-97da-736c674905d4,Experimental Confectioner,woe,Wilds of Eldraine,expansion,2023-09-08,uncommon,3.0,Creature,Creature — Human Peasant,B,1,0,0,B,Food,1,222,2.0,3.0,0,0,0,0,0,3551.0,,1,1,1,1,1,14,6.75,7.54,0,Gaboleps,2015
7811a45d-6bfb-4c2a-b5a2-cccbd8cff186,Blossoming Tortoise,woe,Wilds of Eldraine,expansion,2023-09-08,mythic,4.0,Creature,Creature — Turtle,G,1,0,0,G,Mill,1,236,3.0,3.0,0,0,0,0,1,2972.0,,1,1,1,1,1,14,6.71,8.36,0,Simon Dominic,2015
93d9e9ea-9f88-4206-8960-b5ebe839ee16,Aurification,ons,Onslaught,expansion,2002-10-07,rare,4.0,Enchantment,Enchantment,W,1,0,0,W,,0,297,0.0,0.0,0,0,0,0,1,13777.0,10503.0,0,1,1,0,0,7,6.71,30.45,0,Gary Ruddell,1997
703d0bdc-01a0-4ba8-8536-e7425dfb3b1f,Archaeomancer's Map,c21,Commander 2021,commander,2021-04-23,rare,3.0,Artifact,Artifact,W,1,0,0,W,,0,283,0.0,0.0,0,0,0,0,0,853.0,,0,1,1,0,0,5,6.71,,0,Ovidio Cartagena,2015
8f72bfa0-efef-48ce-aff8-d5818ed71ba6,Dawn's Truce,blb,Bloomburrow,expansion,2024-08-02,rare,2.0,Instant,Instant,W,1,0,0,W,Gift,1,283,0.0,0.0,0,0,0,0,1,388.0,5985.0,1,1,1,1,1,16,6.71,7.6,0,Justin Gerard,2015
90dee895-037c-45f9-ac4f-b2277da85459,"Aloy, Savior of Meridian",sld,Secret Lair Drop,box,2025-10-27,mythic,5.0,Creature,Legendary Creature — Human Warrior,"G,U",2,1,0,"G,U","Reach,Vigilance,Discover",3,377,3.0,5.0,0,0,0,1,0,11227.0,,0,1,1,0,0,5,6.7,,0,Crystal Fae,2015
ec2b56b0-126c-411b-8c43-b690fc8c194b,Asceticism,som,Scars of Mirrodin,expansion,2010-10-01,rare,5.0,Enchantment,Enchantment,G,1,0,0,G,,0,187,0.0,0.0,0,0,0,0,1,1279.0,7111.0,1,1,1,0,0,8,6.66,29.23,0,Daarken,2003
f24b8afc-020f-4d20-a749-cc87d55d674c,Sorin Markov,plst,The List,masters,2019-11-07,mythic,6.0,Planeswalker,Legendary Planeswalker — Sorin,B,1,0,0,B,,0,173,0.0,0.0,0,1,0,0,1,3792.0,1924.0,1,1,1,0,0,12,6.65,,0,Michael Komarck,2003
0c7cc34b-8dee-4732-b6a1-db901b9389e1,"Baral, Chief of Compliance",sld,Secret Lair Drop,box,2025-10-13,rare,2.0,Creature,Legendary Creature — Human Wizard,U,1,0,0,U,,0,164,1.0,3.0,0,1,0,1,0,1277.0,1620.0,1,1,1,0,1,12,6.63,8.12,0,Kieran Yanner,2015
098685c9-cd85-4279-a3b5-b495485bba35,Auntie's Hovel,lrw,Lorwyn,expansion,2007-10-12,rare,0.0,Land,Land,"B,R",2,1,0,"B,R",,0,125,0.0,0.0,0,0,0,0,1,11056.0,1191.0,1,1,1,0,0,12,6.58,12.93,0,Wayne Reynolds,2003
038710ca-c756-4e66-a9de-278e676c9f5b,Aettir and Priwen,fin,Final Fantasy,expansion,2025-06-13,mythic,6.0,Artifact,Legendary Artifact — Equipment,C,0,0,1,,Equip,1,89,0.0,0.0,0,0,0,0,1,3732.0,,1,1,1,1,1,16,6.57,8.06,0,Vilhelmas Banys,2015
8891277a-5f8a-4d8c-b0a3-88227a0a3732,"Ajani, Sleeper Agent",pdmu,Dominaria United Promos,promo,2022-09-09,mythic,4.0,Planeswalker,Legendary Planeswalker — Ajani,"G,W",2,1,0,"G,W",Compleated,1,530,0.0,0.0,0,1,1,0,0,6451.0,6489.0,1,1,1,0,1,11,6.54,4.44,0,Matt Stewart,2015
41f40636-6899-4ea8-adda-9b60bcde18a0,"Elspeth, Knight-Errant",sld,Secret Lair Drop,box,2022-06-13,mythic,4.0,Planeswalker,Legendary Planeswalker — Elspeth,W,1,0,0,W,,0,221,0.0,0.0,0,1,0,0,0,5720.0,3113.0,1,1,1,0,0,8,6.53,8.0,0,Volkan Baǵa,2015
a8af6ded-de96-4095-8a5b-9f1c79adea1a,Coastal Peak,soc,Secrets of Strixhaven Commander,commander,2026-04-24,rare,0.0,Land,Land — Island Mountain,"R,U",2,1,0,"R,U",Cycling,1,98,0.0,0.0,0,0,0,0,0,21330.0,,0,0,0,0,0,0,6.51,,0,Julian Kok Joon Wen,2015
ad5ea98a-e36e-4ab9-b4da-cc572f3777db,Caretaker's Talent,blb,Bloomburrow,expansion,2024-08-02,rare,3.0,Enchantment,Enchantment — Class,W,1,0,0,W,,0,316,0.0,0.0,0,0,0,0,1,697.0,,1,1,1,1,1,15,6.51,8.16,0,Lindsey Look,2015
bbda000f-3cf7-48b6-96ff-c23a3a64eab5,Drana and Linvala,mom,March of the Machine,expansion,2023-04-21,rare,4.0,Creature,Legendary Creature — Vampire Angel,"B,W",2,1,0,"B,W","Flying,Vigilance",2,264,3.0,4.0,0,0,0,0,1,1768.0,3171.0,1,1,1,0,1,12,6.51,6.88,0,Raluca Marinescu,2015
2f038672-d03c-4349-9261-1b76ae4594c6,Adaptive Automaton,sld,Secret Lair Drop,box,2022-11-28,rare,3.0,Creature,Artifact Creature — Construct,C,0,0,1,,,0,171,2.0,2.0,0,1,0,1,0,1707.0,4623.0,1,1,1,1,1,16,6.51,7.29,0,Jack Hughes,2015
d44bccbf-6fab-46e4-8ddb-6577e27ec6e8,Mistrise Village,tdm,Tarkir: Dragonstorm,expansion,2025-04-11,rare,0.0,Land,Land,U,1,0,0,U,,0,144,0.0,0.0,0,0,0,0,1,485.0,,1,1,1,1,1,15,6.49,7.51,0,Constantin Marin,2015
27e2477d-4f04-408d-8c39-8a886ac81f44,Ancient Cellarspawn,dsc,Duskmourn: House of Horror Commander,commander,2024-09-27,rare,3.0,Creature,Enchantment Creature — Horror,B,1,0,0,B,,0,228,3.0,3.0,0,0,0,0,0,2600.0,,0,1,1,0,0,5,6.48,,0,Alexandre Honoré,2015
c17816e8-28b1-4295-a637-efb0e5c18873,Lush Portico,mkm,Murders at Karlov Manor,expansion,2024-02-09,rare,0.0,Land,Land — Forest Plains,"G,W",2,1,0,"G,W",Surveil,1,157,0.0,0.0,0,0,0,0,1,699.0,,1,1,1,1,1,14,6.48,7.51,0,Kamila Szutenberg,2015
2c488688-4e50-4705-afd5-09310e240777,Alluring Scent,s99,Starter 1999,starter,1999-07-01,rare,3.0,Sorcery,Sorcery,G,1,0,0,G,,0,60,0.0,0.0,0,1,0,0,1,19541.0,14879.0,0,1,1,0,0,9,6.44,,0,Melissa A. Benson,1997
8b9e51d9-189b-4dd6-87cb-628ea6373e81,Artist's Talent,blb,Bloomburrow,expansion,2024-08-02,rare,2.0,Enchantment,Enchantment — Class,R,1,0,0,R,,0,370,0.0,0.0,0,0,0,0,1,1721.0,,1,1,1,1,1,15,6.39,8.21,0,Lars Grant-West,2015
711dbdb1-7ec3-4fb4-8364-d34f5e143fd1,Nimbus Maze,afc,Forgotten Realms Commander,commander,2021-07-23,rare,0.0,Land,Land,"U,W",2,1,0,"U,W",,0,120,0.0,0.0,0,1,0,0,0,1826.0,618.0,1,1,1,0,0,8,6.38,,0,Jason Chan,2015
ee82ee3a-8e84-4eb8-8ca7-3fc09eb6ca33,Agatha of the Vile Cauldron,pwoe,Wilds of Eldraine Promos,promo,2023-09-08,mythic,2.0,Creature,Legendary Creature — Human Warlock,"G,R",2,1,0,"G,R",,0,263,1.0,1.0,0,1,1,0,0,5924.0,6822.0,1,1,1,1,1,15,6.33,2.37,0,Jason A. Engle,2015
7e96f1dd-71e7-48c0-80aa-c7f49588af9c,Turbulent Moor,soc,Secrets of Strixhaven Commander,commander,2026-04-24,rare,0.0,Land,Land — Plains Swamp,"B,W",2,1,0,"B,W",,0,97,0.0,0.0,0,0,0,0,0,15836.0,,0,0,0,0,0,0,6.33,,0,Sergey Glushakov,2015
ef7e6e2d-d984-483e-b117-b1c5d640dc23,Arcane Bombardment,otc,Outlaws of Thunder Junction Commander,commander,2024-04-19,mythic,6.0,Enchantment,Enchantment,R,1,0,0,R,,0,249,0.0,0.0,0,1,0,0,0,2211.0,9616.0,1,1,1,0,1,12,6.31,,0,Marta Nael,2015
5e95aec6-a342-4f03-b059-fd25a93665a3,Wrenn and Realmbreaker,pmom,March of the Machine Promos,promo,2023-04-21,mythic,3.0,Planeswalker,Legendary Planeswalker — Wrenn,G,1,0,0,G,Mill,1,394,0.0,0.0,0,0,1,0,0,2530.0,,1,1,1,0,1,11,6.29,5.61,0,Cristi Balanescu,2015
3c571f66-7a00-4cb0-9da9-8271083f49d3,"Untaidake, the Cloud Keeper",chk,Champions of Kamigawa,expansion,2004-10-01,rare,0.0,Land,Legendary Land,C,0,0,1,,,0,100,0.0,0.0,0,0,0,0,1,9735.0,5974.0,1,1,1,0,0,8,6.28,45.0,0,John Avon,2003
ec288d76-c1f5-471b-8a53-504f88469c1b,Hushwood Verge,dsk,Duskmourn: House of Horror,expansion,2024-09-27,rare,0.0,Land,Land,"G,W",2,1,0,"G,W",,0,78,0.0,0.0,0,0,0,0,1,793.0,,1,1,1,1,1,15,6.27,7.63,0,Kasia 'Kafis' Zielińska,2015
514d53be-6ade-4f73-a844-e9ae2dafd6ce,Dowsing Dagger // Lost Vale,xln,Ixalan,expansion,2017-09-29,rare,2.0,Artifact,Artifact — Equipment // Land,C,0,0,1,,"Transform,Equip",2,0,0.0,0.0,0,0,0,0,1,2274.0,7641.0,1,1,1,0,1,12,6.27,8.64,0,Florian de Gesincourt,2015
c16ba84e-a0cc-4c6c-9b80-713247b8fef9,Storm the Vault // Vault of Catlacan,rix,Rivals of Ixalan,expansion,2018-01-19,rare,4.0,Enchantment,Legendary Enchantment // Legendary Land,"R,U",2,1,0,"R,U","Transform,Treasure",2,0,0.0,0.0,0,0,0,0,1,3225.0,9905.0,1,1,1,0,1,12,6.22,15.36,0,Victor Adame Minguez,2015
5358b87a-1a29-426d-b165-40c97da2c14d,Sink into Stupor // Soporific Springs,mh3,Modern Horizons 3,draft_innovation,2024-06-14,uncommon,3.0,Instant,Instant // Land,U,1,0,0,U,,0,0,0.0,0.0,0,0,0,0,1,182.0,,1,1,1,0,0,10,6.2,9.44,0,Peter Polach,2015
5adcb500-8c77-4925-8e2c-1243502827d1,Glasspool Mimic // Glasspool Shore,znr,Zendikar Rising,expansion,2020-09-25,rare,3.0,Creature,Creature — Shapeshifter Rogue // Land,U,1,0,0,U,,0,0,0.0,0.0,0,0,0,0,1,1171.0,,1,1,1,0,1,11,6.19,7.88,0,Johan Grenier,2015
44a31889-6a8d-450c-a73d-381a7ff28bf9,Armageddon Clock,atq,Antiquities,expansion,1994-03-04,uncommon,6.0,Artifact,Artifact,C,0,0,1,,,0,308,0.0,0.0,0,0,0,0,1,17782.0,15997.0,0,1,1,0,0,9,6.17,,0,Amy Weber,1993
a96abfdf-21fa-46dc-9632-37add4c10c2a,Altaïr Ibn-La'Ahad,acr,Assassin's Creed,draft_innovation,2024-07-05,mythic,3.0,Creature,Legendary Creature — Human Assassin,"B,R,W",3,1,0,"B,R,W",First strike,1,300,3.0,3.0,0,0,0,0,0,6441.0,15967.0,1,1,1,0,0,7,6.12,7.16,0,Alex Negrea,2015
151b332e-164b-4646-8f52-741984cd71ad,Apprentice Wizard,drk,The Dark,expansion,1994-08-01,rare,3.0,Creature,Creature — Human Wizard,U,1,0,0,U,,0,24,0.0,1.0,0,0,0,0,1,10042.0,12907.0,0,1,1,0,0,10,6.12,,0,Dan Frazier,1993
9c0433f9-8f1e-4a19-a83f-a41925f1b1a9,Abandoned Air Temple,tla,Avatar: The Last Airbender,expansion,2025-11-21,rare,0.0,Land,Land,W,1,0,0,W,,0,133,0.0,0.0,0,0,0,0,1,1933.0,114.0,1,1,1,1,1,16,6.09,8.48,0,Dom Lay,2015
e3c2c66c-f7f0-41d5-a805-a129aeaf1b75,Castle Garenbrig,eld,Throne of Eldraine,expansion,2019-10-04,rare,0.0,Land,Land,G,1,0,0,G,,0,176,0.0,0.0,0,0,0,0,1,708.0,1233.0,1,1,1,0,1,12,6.07,6.76,0,Adam Paquette,2015
6f6aaee9-8c44-4e23-8167-ead64e599711,An Offer You Can't Refuse,fdn,Foundations,core,2024-11-15,uncommon,1.0,Instant,Instant,U,1,0,0,U,Treasure,1,158,0.0,0.0,0,1,0,1,0,37.0,2196.0,1,1,1,1,1,15,6.07,7.48,0,Aaron J. Riley,2015
d6ed63e0-d6f1-455a-b29c-e2c91dcfcc6e,"Ojer Kaslem, Deepest Growth // Temple of Cultivation",lci,The Lost Caverns of Ixalan,expansion,2023-11-17,mythic,5.0,Creature,Legendary Creature — God // Land,G,1,0,0,G,"Transform,Trample",2,0,0.0,0.0,0,0,0,0,1,1858.0,4502.0,1,1,1,1,1,15,6.06,8.48,0,Clint Lockwood & Eddie Mendoza,2015
fa1f9d1d-f749-4a33-b6dc-52f97b416b3c,Turbulent Fen,soc,Secrets of Strixhaven Commander,commander,2026-04-24,rare,0.0,Land,Land — Swamp Forest,"B,G",2,1,0,"B,G",,0,97,0.0,0.0,0,0,0,0,0,16734.0,,0,0,0,0,0,0,6.04,,0,Sergey Glushakov,2015
48caf4c4-745c-4072-bf3d-1a3fa7c3bc9c,"Jeska, Thrice Reborn",cmr,Commander Legends,draft_innovation,2020-11-20,mythic,3.0,Planeswalker,Legendary Planeswalker — Jeska,R,1,0,0,R,Partner,1,391,0.0,0.0,0,0,0,0,1,4153.0,,0,1,1,0,0,5,6.04,7.46,0,Yongjae Choi,2015
ecd002b2-acc3-421a-ad2e-22117d347b29,Beacon of Tomorrows,sld,Secret Lair Drop,box,2023-12-06,rare,8.0,Sorcery,Sorcery,U,1,0,0,U,,0,103,0.0,0.0,0,1,0,1,0,5909.0,3102.0,1,1,1,0,0,8,6.02,,0,Micha Huigen,2015
40463be5-89e2-410b-9a4b-770f70d14293,"Ashling, Flame Dancer",mh3,Modern Horizons 3,draft_innovation,2024-06-14,mythic,4.0,Creature,Legendary Creature — Elemental Shaman,R,1,0,0,R,Magecraft,1,335,4.0,4.0,0,0,0,0,1,1616.0,5980.0,1,1,1,0,0,11,5.98,9.0,0,Michal Ivan,2015
d6045789-a75b-4b7f-acde-0fdf7f3f262c,Liliana Vess,m10,Magic 2010,core,2009-07-17,mythic,5.0,Planeswalker,Legendary Planeswalker — Liliana,B,1,0,0,B,,0,197,0.0,0.0,0,1,0,0,1,4585.0,1146.0,1,1,1,0,1,13,5.97,13.25,0,Aleksi Briclot,2003
ecead4cd-47ae-4c42-b15c-1b29b5caba18,Eriette of the Charmed Apple,woe,Wilds of Eldraine,expansion,2023-09-08,mythic,3.0,Creature,Legendary Creature — Human Warlock,"B,W",2,1,0,"B,W",,0,227,2.0,4.0,0,0,0,0,1,4589.0,13572.0,1,1,1,1,1,15,5.95,9.39,0,Magali Villeneuve,2015
70e9d8b8-4b32-4414-b32f-1f47523239c5,"Anzrag, the Quake-Mole",mkm,Murders at Karlov Manor,expansion,2024-02-09,mythic,4.0,Creature,Legendary Creature — Mole God,"G,R",2,1,0,"G,R",,0,191,8.0,4.0,0,0,0,0,1,2685.0,5400.0,1,1,1,1,1,15,5.93,6.48,0,Helge C. Balzer,2015
a108b0e4-1b43-4659-9e91-facb0bd57ebb,Insatiable Avarice,otj,Outlaws of Thunder Junction,expansion,2024-04-19,rare,1.0,Sorcery,Sorcery,B,1,0,0,B,Spree,1,184,0.0,0.0,0,0,0,0,1,1070.0,614.0,1,1,1,1,1,15,5.92,9.02,0,Scott Murphy,2015
67ca5dbb-d8f1-4d9a-9424-925774115b15,"Eiganjo, Seat of the Empire",pneo,Kamigawa: Neon Dynasty Promos,promo,2022-02-18,rare,0.0,Land,Legendary Land,W,1,0,0,W,Channel,1,191,0.0,0.0,0,1,1,0,0,370.0,,1,1,1,0,1,11,5.92,7.09,0,Julian Kok Joon Wen,2015
0de40ccf-5db9-4e4f-b61b-8fc4454209ae,Silent Clearing,acr,Assassin's Creed,draft_innovation,2024-07-05,rare,0.0,Land,Land,"B,W",2,1,0,"B,W",,0,76,0.0,0.0,0,1,0,1,0,1598.0,,1,1,1,0,0,10,5.9,8.39,0,Alexander Gering,2015
59612c02-6028-4953-ac4d-aca94b0ce4b9,Awakening,sth,Stronghold,expansion,1998-03-02,rare,4.0,Enchantment,Enchantment,G,1,0,0,G,,0,63,0.0,0.0,0,0,0,0,1,8911.0,,0,1,1,0,0,7,5.89,,0,Dan Frazier,1997
8223756e-6e63-455d-9e86-5608863b7643,Aura of Silence,c15,Commander 2015,commander,2015-11-13,uncommon,3.0,Enchantment,Enchantment,W,1,0,0,W,,0,142,0.0,0.0,0,1,0,0,0,2093.0,,1,1,1,0,0,8,5.87,,0,D. Alexander Gregory,2015
387ccdf8-b3f4-4b38-af53-b979886b8ff1,Anguished Unmaking,sld,Secret Lair Drop,box,2025-11-17,rare,3.0,Instant,Instant,"B,W",2,1,0,"B,W",,0,48,0.0,0.0,0,1,0,1,0,156.0,2997.0,1,1,1,0,1,12,5.87,,0,Yosuke Adachi,2015
0de0eaeb-9b62-427d-9873-d84de1740ddc,Battle at the Helvault,cmm,Commander Masters,masters,2023-08-04,rare,6.0,Enchantment,Enchantment — Saga,W,1,0,0,W,Vigilance,1,333,0.0,0.0,0,0,0,0,0,5830.0,,0,1,1,0,0,5,5.87,,0,Alix Branwyn,2015
e5b7afa9-e07a-4a84-a41f-7a8bc5c1d274,Arena,tsb,Time Spiral Timeshifted,expansion,2006-10-06,special,0.0,Land,Land,C,0,0,1,,Fight,1,186,0.0,0.0,0,1,0,0,1,8805.0,8692.0,1,1,1,0,0,8,5.86,21.34,0,Rob Alexander,1997
8659789c-6a2c-439f-a348-b9b1b06c55b8,"Dragonhawk, Fate's Tempest",blb,Bloomburrow,expansion,2024-08-02,mythic,5.0,Creature,Legendary Creature — Bird Dragon,R,1,0,0,R,Flying,1,337,5.0,5.0,0,0,0,0,1,2300.0,,1,1,1,1,1,15,5.86,6.39,0,Victor Adame Minguez,2015
08f79439-b8f8-418f-9772-26d81844749e,Enduring Innocence,dsk,Duskmourn: House of Horror,expansion,2024-09-27,rare,3.0,Creature,Enchantment Creature — Sheep Glimmer,W,1,0,0,W,Lifelink,1,293,2.0,1.0,0,0,0,0,1,873.0,,1,1,1,1,1,15,5.84,6.0,0,Liiga Smilshkalne,2015
705d8194-3ad0-41b7-ae32-9c0cd8cd46b9,Griffin Canyon,vis,Visions,expansion,1997-02-03,rare,0.0,Land,Land,C,0,0,1,,,0,93,0.0,0.0,1,0,0,0,1,17083.0,,0,1,1,0,0,7,5.76,,0,Stuart Griffin,1997
0600d6c2-0f72-4e79-a55d-1f06dffa48c2,Back to Basics,uma,Ultimate Masters,masters,2018-12-07,rare,3.0,Enchantment,Enchantment,U,1,0,0,U,,0,65,0.0,0.0,0,1,0,0,1,4917.0,,0,1,1,0,0,6,5.75,9.99,0,Terese Nielsen,2015
64cbb81d-3444-4491-963f-8ce9a9430788,Agent's Toolkit,ncc,New Capenna Commander,commander,2022-04-29,rare,3.0,Artifact,Artifact — Clue,"G,U",2,1,0,"G,U",,0,340,0.0,0.0,0,0,0,0,0,8071.0,,0,1,1,0,0,5,5.74,,0,Olena Richards,2015
095078b0-0f26-442f-9d3b-45e30cdb33c4,Arboria,leg,Legends,expansion,1994-06-01,uncommon,4.0,Enchantment,World Enchantment,G,1,0,0,G,,0,136,0.0,0.0,0,0,0,0,1,17392.0,6330.0,0,1,1,0,0,8,5.74,,0,Daniel Gelon,1993
560384fe-7be0-4b93-a515-2fe687ab2492,"Anti-Venom, Horrifying Healer",spm,Marvel's Spider-Man,expansion,2025-09-26,mythic,5.0,Creature,Legendary Creature — Symbiote Hero,W,1,0,0,W,,0,208,5.0,5.0,0,0,0,0,1,6187.0,,1,1,1,1,1,15,5.73,5.76,0,Néstor Ossandón Leal,2015
e98d5321-ec09-456c-a9ea-c8ca2cfc6205,"Aragorn, the Uniter",ltr,The Lord of the Rings: Tales of Middle-earth,draft_innovation,2023-06-23,mythic,4.0,Creature,Legendary Creature — Human Noble,"G,R,U,W",4,1,0,"G,R,U,W",Scry,1,274,5.0,5.0,0,0,0,0,1,3277.0,3933.0,1,1,1,0,0,11,5.72,5.92,0,Javier Charro,2015
4cda3aa2-5fac-4188-bdad-dc369a089d00,Astrid Peth,who,Doctor Who,commander,2023-10-13,rare,2.0,Creature,Legendary Creature — Human,W,1,0,0,W,"Brand-new Sky,Food,Explore",3,324,2.0,2.0,0,0,0,0,0,5320.0,,0,1,1,0,0,5,5.72,6.66,0,Ekaterina Burmak,2015
5505040d-2d75-4041-bb82-74a33cad00d7,Ashes of the Abhorrent,pxln,Ixalan Promos,promo,2017-09-29,rare,2.0,Enchantment,Enchantment,W,1,0,0,W,,0,130,0.0,0.0,0,1,1,0,0,7994.0,3862.0,1,1,1,0,1,12,5.72,6.81,0,Daarken,2015
868856b7-8875-43c1-8249-0f8fb2c8319b,"Anim Pakal, Thousandth Moon",lci,The Lost Caverns of Ixalan,expansion,2023-11-17,rare,3.0,Creature,Legendary Creature — Human Soldier,"R,W",2,1,0,"R,W",,0,237,1.0,2.0,0,0,0,0,1,1024.0,1903.0,1,1,1,1,1,15,5.72,7.22,0,Chris Rahn,2015
87a4e5fe-161f-42da-9ca2-67c8e8970e94,Darkbore Pathway // Slitherbore Pathway,khm,Kaldheim,expansion,2021-02-05,rare,0.0,Land,Land // Land,"B,G",2,1,0,"B,G",,0,0,0.0,0.0,0,0,0,0,1,1107.0,,1,1,1,0,1,11,5.71,5.42,0,Johannes Voss,2015
f31cf014-7ac9-428b-9ce9-8ba5ebfdd252,Adarkar Wastes,10e,Tenth Edition,core,2007-07-13,rare,0.0,Land,Land,"U,W",2,1,0,"U,W",,0,67,0.0,0.0,0,1,0,0,1,161.0,190.0,1,1,1,0,1,13,5.7,38.79,0,John Avon,2003
0c9257ba-f729-4a5a-bf04-f27bbb71a12d,"Alibou, Ancient Witness",c21,Commander 2021,commander,2021-04-23,mythic,5.0,Creature,Legendary Artifact Creature — Golem,"R,W",2,1,0,"R,W",Scry,1,215,4.0,5.0,0,0,0,0,0,2569.0,,0,1,1,0,0,9,5.7,,0,Matt Stewart,2015
fc310a26-b6a0-4e42-98ab-bdfd7b06cb63,"Beza, the Bounding Spring",blb,Bloomburrow,expansion,2024-08-02,mythic,4.0,Creature,Legendary Creature — Elemental Elk,W,1,0,0,W,Treasure,1,291,4.0,5.0,0,0,0,0,1,4142.0,,1,1,1,1,1,15,5.7,6.28,0,Martin Wittfooth,2015
3ede7920-e219-4e9d-bfa5-e0f562460914,Ball Lightning,5ed,Fifth Edition,core,1997-03-24,rare,3.0,Creature,Creature — Elemental,R,1,0,0,R,"Haste,Trample",2,239,6.0,1.0,0,1,0,0,1,9086.0,3788.0,1,1,1,1,1,19,5.68,,0,Quinton Hoover,1997
55ecf013-130d-4cf3-b47e-54b5fb718878,"Baldin, Century Herdmaster",sld,Secret Lair Drop,box,2022-02-18,rare,6.0,Creature,Legendary Creature — Human Warrior,W,1,0,0,W,,0,238,0.0,7.0,0,0,0,1,0,3971.0,,0,1,1,0,0,5,5.68,6.08,0,Victor Adame Minguez,2015
c3385549-0342-4c51-9bae-888d34cf0087,"Comet, Stellar Pup",mb2,Mystery Booster 2,masters,2024-08-02,mythic,4.0,Planeswalker,Legendary Planeswalker — Comet,"R,W",2,1,0,"R,W",,0,407,0.0,0.0,0,1,0,0,0,6218.0,,0,1,1,0,0,4,5.67,,0,Jeff Miracola,2015
82bc7c6b-2e3d-42d1-b2bb-b37b6f34d33b,Sandstone Needle,mmq,Mercadian Masques,expansion,1999-10-04,common,0.0,Land,Land,R,1,0,0,R,,0,181,0.0,0.0,0,0,0,0,1,6095.0,,0,1,1,0,0,9,5.66,106.49,0,Alan Rabinowitz,1997
be73364e-d833-410f-b460-c36fe14c52ca,Archangel,p02,Portal Second Age,starter,1998-06-24,rare,7.0,Creature,Creature — Angel,W,1,0,0,W,"Flying,Vigilance",2,17,5.0,5.0,0,1,0,0,1,22660.0,,1,1,1,0,0,9,5.65,,0,rk post,1997
ab1b24dd-ab23-41b0-a074-e77e8d9c5564,"Beatrix, Loyal General",fin,Final Fantasy,expansion,2025-06-13,rare,6.0,Creature,Legendary Creature — Human Soldier,W,1,0,0,W,Vigilance,1,181,4.0,4.0,0,0,0,0,0,9063.0,,1,1,1,1,1,15,5.64,26.83,0,Bachzim,2015
cc6686e6-4535-49be-b0b3-e76464656cd2,Agent of Treachery,m20,Core Set 2020,core,2019-07-12,rare,7.0,Creature,Creature — Human Rogue,U,1,0,0,U,,0,168,2.0,3.0,0,0,0,0,1,2091.0,2139.0,1,1,1,0,1,11,5.63,8.71,0,Igor Kieryluk,2015
f4072640-0f9b-4f0a-84cc-eda415cc92e7,Avenging Hunter,clb,Commander Legends: Battle for Baldur's Gate,draft_innovation,2022-06-10,common,5.0,Creature,Creature — Dragon Ranger,G,1,0,0,G,Trample,1,59,5.0,4.0,0,0,0,0,1,14576.0,,0,1,1,0,0,7,5.58,6.6,0,Borja Pindado,2015
26913c27-5794-42c7-a2a2-af565ce84fd1,Aura of Dominion,chk,Champions of Kamigawa,expansion,2004-10-01,uncommon,2.0,Enchantment,Enchantment — Aura,U,1,0,0,U,Enchant,1,85,0.0,0.0,0,0,0,0,1,11051.0,8143.0,1,1,1,0,0,7,5.57,17.64,0,Randy Gallegos,2003
435e9678-9ff3-4e5d-8061-3f806e1c2ed2,Command Beacon,tdc,Tarkir: Dragonstorm Commander,commander,2025-04-11,rare,0.0,Land,Land,C,0,0,1,,,0,96,0.0,0.0,0,1,0,0,0,180.0,,0,1,1,0,0,9,5.55,,0,Jonas De Ro,2015
4fe22cd8-31e6-491b-bce2-db257668eb92,"Aminatou, the Fateshifter",sld,Secret Lair Drop,box,2023-09-22,mythic,3.0,Planeswalker,Legendary Planeswalker — Aminatou,"B,U,W",3,1,0,"B,U,W",,0,371,0.0,0.0,0,1,0,1,0,4468.0,,0,1,1,0,0,5,5.55,,0,Uta Natsume,2015
750ea219-b62d-49bd-9b30-8e0a62e75553,Angel of Light,s99,Starter 1999,starter,1999-07-01,uncommon,5.0,Creature,Creature — Angel,W,1,0,0,W,"Flying,Vigilance",2,17,3.0,3.0,0,0,0,0,1,29022.0,,0,1,1,0,0,6,5.53,,0,Todd Lockwood,1997
48237c98-5067-47a8-af74-7b9bce57c6a4,Funeral Room // Awakening Hall,dsk,Duskmourn: House of Horror,expansion,2024-09-27,mythic,11.0,Enchantment,Enchantment — Room // Enchantment — Room,B,1,0,0,B,,0,0,0.0,0.0,0,0,0,0,1,2163.0,3852.0,1,1,1,1,1,16,5.51,5.97,0,Miklós Ligeti,2015
ca624ce6-5b99-41af-8e26-b952f5a30916,Akki Battle Squad,nec,Neon Dynasty Commander,commander,2022-02-18,rare,6.0,Creature,Creature — Goblin Samurai,R,1,0,0,R,,0,263,6.0,6.0,0,0,0,0,0,3673.0,,0,1,1,0,0,5,5.5,,0,Steve Prescott,2015
82e8a91c-74ee-411b-9d74-4e72df24258b,Minas Tirith,ltr,The Lord of the Rings: Tales of Middle-earth,draft_innovation,2023-06-23,rare,0.0,Land,Legendary Land,W,1,0,0,W,,0,175,0.0,0.0,0,0,0,1,0,409.0,396.0,1,1,1,0,0,11,5.48,7.02,0,Sean Vo,2015
1624a5f4-f5bc-47c9-85de-c5520ee234ce,Annie Joins Up,otj,Outlaws of Thunder Junction,expansion,2024-04-19,rare,4.0,Enchantment,Legendary Enchantment,"G,R,W",3,1,0,"G,R,W",,0,213,0.0,0.0,0,0,0,0,1,1018.0,5910.0,1,1,1,1,1,15,5.42,5.93,0,Wylie Beckert,2015
7e7b9eea-a224-4db1-a089-cb385f7af20c,"Andúril, Flame of the West",ltr,The Lord of the Rings: Tales of Middle-earth,draft_innovation,2023-06-23,mythic,3.0,Artifact,Legendary Artifact — Equipment,C,0,0,1,,Equip,1,236,0.0,0.0,0,0,0,0,1,3302.0,2413.0,1,1,1,0,0,11,5.42,5.24,0,Irvin Rodriguez,2015
2c093ce0-2561-4847-ab58-f6f1650d743e,Ichormoon Gauntlet,one,Phyrexia: All Will Be One,expansion,2023-02-10,mythic,3.0,Artifact,Artifact,U,1,0,0,U,Proliferate,1,232,0.0,0.0,0,0,0,0,1,2860.0,,1,1,1,0,1,11,5.4,5.55,0,Tiffany Turrill,2015
2fa47810-ba83-4a6e-9940-7315ee7e44a5,Afterlife Insurance,clu,Ravnica: Clue Edition,draft_innovation,2024-02-23,uncommon,2.0,Instant,Instant,"B,W",2,1,0,"B,W",,0,175,0.0,0.0,0,0,0,0,0,7337.0,,0,1,1,0,0,5,5.39,,0,Elizabeth Peiró,2015
9f838603-f7cd-497d-8d2b-d4cca03c1af7,Agate Instigator,blc,Bloomburrow Commander,commander,2024-08-02,rare,2.0,Creature,Creature — Lizard Rogue,R,1,0,0,R,Offspring,1,237,1.0,3.0,0,0,0,0,0,1221.0,,0,1,1,0,0,5,5.38,,0,Quintin Gleim,2015
fd210c45-57f3-4d7d-93ba-81fe4298ade3,Alpha Status,scg,Scourge,expansion,2003-05-26,uncommon,3.0,Enchantment,Enchantment — Aura,G,1,0,0,G,Enchant,1,126,0.0,0.0,0,0,0,0,1,8545.0,10497.0,0,1,1,0,0,7,5.38,31.74,0,Darrell Riche,1997
2aa5b289-36ba-49b1-a5ac-f23bf71f8241,Ashnod's Transmogrant,atq,Antiquities,expansion,1994-03-04,uncommon,1.0,Artifact,Artifact,C,0,0,1,,,0,147,0.0,0.0,0,0,0,0,1,12446.0,13433.0,0,1,1,0,0,10,5.37,,0,Mark Tedin,1993
9de534ff-fb48-4692-bd0f-dd237ca28502,Unholy Citadel,leg,Legends,expansion,1994-06-01,uncommon,0.0,Land,Land,C,0,0,1,,,0,512,0.0,0.0,0,0,0,0,1,25288.0,,0,1,1,0,0,7,5.37,,0,Mark Poole,1993
f8ead24c-dd4a-40cd-839e-de08017a7c29,Achilles Davenport,acr,Assassin's Creed,draft_innovation,2024-07-05,rare,4.0,Creature,Legendary Creature — Human Assassin,"B,U",2,1,0,"B,U","Freerunning,Menace",2,261,3.0,3.0,0,0,0,0,0,6315.0,6357.0,1,1,1,0,0,7,5.36,,0,Josu Solano,2015
f6d051fa-bd3a-4c94-ae41-34d89a7bb77d,Abundance,usg,Urza's Saga,expansion,1998-10-12,rare,4.0,Enchantment,Enchantment,G,1,0,0,G,,0,269,0.0,0.0,0,0,0,0,1,1719.0,5556.0,1,1,1,0,0,9,5.36,,0,Rebecca Guay,1997
1e6beba4-128c-418e-83ed-8a82afc0c39e,Apex Altisaur,lcc,The Lost Caverns of Ixalan Commander,commander,2023-11-17,rare,9.0,Creature,Creature — Dinosaur,G,1,0,0,G,"Enrage,Fight",2,185,10.0,10.0,0,1,0,0,0,1479.0,,0,1,1,0,0,5,5.35,,0,Simon Dominic,2015
ebf451c9-3773-4563-9c44-45a1b3e9b31a,Augur of Autumn,dbl,Innistrad: Double Feature,draft_innovation,2022-01-28,rare,3.0,Creature,Creature — Human Druid,G,1,0,0,G,Coven,1,240,2.0,3.0,0,1,0,0,1,1091.0,3255.0,1,1,1,0,1,12,5.33,25.16,0,Billy Christian,2015
a14c16c0-4053-46b0-8fa6-be8b4a7a1c8a,Banner of Kinship,fdn,Foundations,core,2024-11-15,rare,5.0,Artifact,Artifact,C,0,0,1,,,0,248,0.0,0.0,0,0,0,0,1,713.0,8144.0,1,1,1,1,1,16,5.33,7.79,0,Olena Richards,2015
51bdddac-02fc-493a-a0ea-689273252d7e,Baron Sengir,hml,Homelands,expansion,1995-10-01,rare,8.0,Creature,Legendary Creature — Vampire Noble,B,1,0,0,B,Flying,1,148,5.0,5.0,1,0,0,0,1,23723.0,16034.0,0,1,1,0,0,8,5.32,,0,Pete Venters,1993
db7c07b2-02b2-4e62-bf1b-4848e06eec28,"Gisa, the Hellraiser",otj,Outlaws of Thunder Junction,expansion,2024-04-19,mythic,5.0,Creature,Legendary Creature — Human Warlock,B,1,0,0,B,Ward,1,312,4.0,4.0,0,0,0,0,1,3010.0,4268.0,1,1,1,1,1,15,5.32,6.25,0,Chris Rahn,2015
2a012f05-0009-42cf-8a69-07140b2a2aef,"Ardoz, Cobbler of War",j22,Jumpstart 2022,draft_innovation,2022-12-02,rare,2.0,Creature,Legendary Creature — Goblin Shaman,R,1,0,0,R,Haste,1,191,1.0,1.0,0,0,0,0,1,9491.0,,0,1,1,0,0,5,5.31,,0,Kev Walker,2015
059164e1-894d-4586-9800-e60d6fbd6eb6,Shifting Woodland,mh3,Modern Horizons 3,draft_innovation,2024-06-14,rare,0.0,Land,Land,G,1,0,0,G,Delirium,1,257,0.0,0.0,0,0,0,0,1,383.0,,1,1,1,0,0,10,5.28,7.45,0,Josu Hernaiz,2015
659e8760-c7a8-445d-bfef-7cd445ea67c3,"Oko, Thief of Crowns",otp,Breaking News,masterpiece,2024-04-19,mythic,3.0,Planeswalker,Legendary Planeswalker — Oko,"G,U",2,1,0,"G,U",Food,1,346,0.0,0.0,0,1,0,0,0,1863.0,,0,0,1,0,0,6,5.24,7.08,0,Michael Walsh,2015
579e20e7-1395-4a6c-a836-ae3419fc8808,Baleful Mastery,otc,Outlaws of Thunder Junction Commander,commander,2024-04-19,rare,4.0,Instant,Instant,B,1,0,0,B,,0,152,0.0,0.0,0,1,0,0,0,1260.0,3112.0,1,1,1,0,1,12,5.22,,0,Chris Cold,2015
abe37c88-afd7-45ac-9f84-f4bd881a1462,Artificer's Intuition,5dn,Fifth Dawn,expansion,2004-06-04,rare,2.0,Enchantment,Enchantment,U,1,0,0,U,,0,146,0.0,0.0,0,0,0,0,1,12727.0,7697.0,1,1,1,0,0,8,5.22,42.6,0,Wayne England,2003
93ca39ae-0173-44ba-8c66-9f52f468983d,Eclipsed Steppe,soc,Secrets of Strixhaven Commander,commander,2026-04-24,rare,0.0,Land,Land — Plains Swamp,"B,W",2,1,0,"B,W",,0,90,0.0,0.0,0,0,0,0,0,16294.0,,0,0,0,0,0,0,5.19,,0,Leon Tukker,2015
d2cf2cd1-f7b3-4a23-a23a-6eb0af5451cf,Battlefield Improvisation,acr,Assassin's Creed,draft_innovation,2024-07-05,common,2.0,Instant,Instant,W,1,0,0,W,,0,134,0.0,0.0,0,0,0,0,0,8048.0,,1,1,1,0,0,8,5.18,,0,Mintautas Šukys,2015
438d8a26-ddc9-4829-8aff-22d6af6575cf,"Ral, Monsoon Mage // Ral, Leyline Prodigy",mh3,Modern Horizons 3,draft_innovation,2024-06-14,mythic,2.0,Creature,Legendary Creature — Human Wizard // Legendary Planeswalker — Ral,"R,U",2,1,0,"R,U",Transform,1,0,0.0,0.0,0,0,0,0,1,3867.0,,1,1,1,0,0,10,5.12,5.17,0,Dmitry Burmak,2015
0ce39a19-f51d-4a35-ae80-5b82eb15fcff,Blightstep Pathway // Searstep Pathway,khm,Kaldheim,expansion,2021-02-05,rare,0.0,Land,Land // Land,"B,R",2,1,0,"B,R",,0,0,0.0,0.0,0,0,0,0,1,786.0,,1,1,1,0,1,11,5.11,5.47,0,Ravenna Tran,2015
112eb5ce-4fe5-45b3-b810-79fef74b07f9,"Ashiok, Nightmare Muse",thb,Theros Beyond Death,expansion,2020-01-24,mythic,5.0,Planeswalker,Legendary Planeswalker — Ashiok,"B,U",2,1,0,"B,U",,0,388,0.0,0.0,0,0,0,0,1,6816.0,3699.0,1,1,1,0,1,12,5.07,3.0,0,Raymond Swanland,2015
38900352-9087-4842-9a99-aceb862e5d70,Grove of the Burnwillows,eos,Edge of Eternities: Stellar Sights,masterpiece,2025-08-01,mythic,0.0,Land,Land,"G,R",2,1,0,"G,R",,0,62,0.0,0.0,0,1,0,1,0,3360.0,,1,1,1,0,0,11,5.05,6.1,0,Aenami,2015
48444c3e-2068-4961-a9cd-9398052e5bd6,Spire Garden,tmc,Teenage Mutant Ninja Turtles Eternal,eternal,2026-03-06,rare,0.0,Land,Land,"G,R",2,1,0,"G,R",,0,83,0.0,0.0,0,1,0,0,0,184.0,,0,1,1,0,0,5,5.05,2.2,0,Salvatorre Zee Yazzie,2015
ca4c8b04-66af-4cb3-8003-9088d8344b20,Alpha Deathclaw,pip,Fallout,commander,2024-03-08,rare,6.0,Creature,Creature — Lizard Mutant,"B,G",2,1,0,"B,G","Trample,Menace,Monstrosity",3,207,6.0,6.0,0,0,0,0,0,4808.0,,0,1,1,0,0,5,5.03,3.28,0,Daarken,2015
b7f16fdf-a3f5-462d-a64a-789d893b6ef5,Batterskull,2xm,Double Masters,masters,2020-08-07,mythic,5.0,Artifact,Artifact — Equipment,C,0,0,1,,"Equip,Living weapon",2,236,0.0,0.0,0,1,0,0,1,4810.0,1152.0,1,1,1,0,0,12,5.02,4.51,0,Mark Zug,2015
02d6d693-f1f3-4317-bcc0-c21fa8490d38,"Jace, Vryn's Prodigy // Jace, Telepath Unbound",ori,Magic Origins,core,2015-07-17,mythic,2.0,Creature,Legendary Creature — Human Wizard // Legendary Planeswalker — Jace,U,1,0,0,U,"Transform,Mill",2,0,0.0,0.0,0,0,0,0,1,6347.0,,1,1,1,0,1,11,5.0,13.74,0,Jaime Jones,2015
c634273a-94b0-4104-9d10-ae522ece1fc7,"Adagia, Windswept Bastion",eoe,Edge of Eternities,expansion,2025-08-01,mythic,0.0,Land,Land — Planet,W,1,0,0,W,Station,1,310,0.0,0.0,0,0,0,0,1,2158.0,,1,1,1,1,1,15,4.99,6.23,0,Adam Paquette,2015
7f419a04-7a18-4ea4-9581-bbc35bec4f16,Beast Within,mar,Marvel Universe,masterpiece,2025-09-26,mythic,3.0,Instant,Instant,G,1,0,0,G,,0,82,0.0,0.0,0,1,0,1,0,24.0,,1,1,1,0,0,11,4.97,11.56,0,Todd McFarlane,2015
c2a6453e-a373-44ec-807a-15c0c8b1af57,Rhythm of the Wild,rvr,Ravnica Remastered,masters,2024-01-12,uncommon,3.0,Enchantment,Enchantment,"G,R",2,1,0,"G,R",,0,148,0.0,0.0,0,1,0,0,1,196.0,2347.0,1,1,1,0,1,11,4.97,5.22,0,Maxime Minard,2015
dbfe803d-88d7-4ad2-b3d8-c41c123d8bf3,Archmage Ascension,zen,Zendikar,expansion,2009-10-02,rare,3.0,Enchantment,Enchantment,U,1,0,0,U,,0,308,0.0,0.0,0,0,0,0,1,8462.0,10305.0,1,1,1,0,0,8,4.93,14.17,0,Christopher Moeller,2003
60c1b3da-e8e6-4118-a268-1e3871e6ffee,Balor,clb,Commander Legends: Battle for Baldur's Gate,draft_innovation,2022-06-10,mythic,5.0,Creature,Creature — Demon,R,1,0,0,R,Flying,1,340,5.0,5.0,0,0,0,0,1,4032.0,,0,1,1,0,0,5,4.92,4.81,0,Uriah Voth,2015
7c0e1064-47c3-4f03-a1f2-3bcb356db82b,Rise of the Dark Realms,jmp,Jumpstart,draft_innovation,2020-07-17,mythic,9.0,Sorcery,Sorcery,B,1,0,0,B,,0,83,0.0,0.0,0,1,0,0,1,546.0,14633.0,1,1,1,1,1,16,4.91,,0,Michael Komarck,2015
0e74cc38-108d-46d4-9d4b-43ed5653982a,Basim Ibn Ishaq,acr,Assassin's Creed,draft_innovation,2024-07-05,rare,2.0,Creature,Legendary Creature — Human Assassin,"B,U",2,1,0,"B,U",,0,270,2.0,2.0,0,0,0,0,0,2968.0,1272.0,1,1,1,0,0,7,4.91,7.26,0,Astri Lohne,2015
3284b61a-bd95-4846-ad3f-903cd1158867,Bearscape,ody,Odyssey,expansion,2001-10-01,rare,3.0,Enchantment,Enchantment,G,1,0,0,G,,0,84,0.0,0.0,0,0,0,0,1,10900.0,16048.0,0,1,1,0,0,8,4.9,24.41,0,Heather Hudson,1997
bae7a7e5-321d-4fb7-ab5e-cf35f0885bdd,Chord of Calling,rvr,Ravnica Remastered,masters,2024-01-12,rare,3.0,Instant,Instant,G,1,0,0,G,Convoke,1,258,0.0,0.0,0,1,0,0,0,537.0,70.0,1,1,1,0,1,13,4.88,5.86,0,Heather Hudson,1997
8fa281e1-5c48-4bba-b8e9-88c6f5f53abb,Apex Devastator,cmr,Commander Legends,draft_innovation,2020-11-20,mythic,10.0,Creature,Creature — Chimera Hydra,G,1,0,0,G,Cascade,1,306,10.0,10.0,0,0,0,0,1,1051.0,,0,1,1,0,0,5,4.88,7.9,0,Svetlin Velinov,2015
986b24f6-7def-4e2c-9e7b-a347dd3cdcee,"Akiri, Fearless Voyager",znr,Zendikar Rising,expansion,2020-09-25,rare,3.0,Creature,Legendary Creature — Kor Warrior,"R,W",2,1,0,"R,W",,0,218,3.0,3.0,0,0,0,0,0,2025.0,5771.0,1,1,1,0,1,12,4.86,3.85,0,Ekaterina Burmak,2015
960f45a3-f9cf-41e6-b813-f3dee620a944,Chandra's Ignition,lcc,The Lost Caverns of Ixalan Commander,commander,2023-11-17,rare,5.0,Sorcery,Sorcery,R,1,0,0,R,,0,101,0.0,0.0,0,1,0,0,0,496.0,12956.0,1,1,1,0,1,12,4.84,,0,Eric Deschamps,2015
3f635017-d773-46ce-aecd-39f6e00430d0,"Tamiyo, the Moon Sage",j22,Jumpstart 2022,draft_innovation,2022-12-02,mythic,5.0,Planeswalker,Legendary Planeswalker — Tamiyo,U,1,0,0,U,,0,303,0.0,0.0,0,1,0,0,1,5331.0,3226.0,1,1,1,0,0,7,4.8,,0,Eric Deschamps,2015
0badcc1e-1129-42b1-9ea6-224b7790cf17,Ancient Ziggurat,plst,The List,masters,2019-11-07,uncommon,0.0,Land,Land,C,0,0,1,,,0,78,0.0,0.0,0,1,0,0,1,2819.0,528.0,1,1,1,0,0,11,4.79,,0,John Avon,2003
b6de14ae-0132-4261-af00-630bf15918cd,Barkchannel Pathway // Tidechannel Pathway,khm,Kaldheim,expansion,2021-02-05,rare,0.0,Land,Land // Land,"G,U",2,1,0,"G,U",,0,0,0.0,0.0,0,0,0,0,1,1059.0,,1,1,1,0,1,11,4.79,3.62,0,Daniel Ljunggren,2015
d50eb8cf-dc8d-4c7e-bff7-db9254ff8a90,"Jace, Wielder of Mysteries",war,War of the Spark,expansion,2019-05-03,rare,4.0,Planeswalker,Legendary Planeswalker — Jace,U,1,0,0,U,Mill,1,218,0.0,0.0,0,0,0,0,1,1060.0,2381.0,1,1,1,0,1,12,4.75,44.71,0,Takayama Toshiaki,2015
ab95f6e7-b806-47fe-a071-6c38b3176d94,Emergence Zone,war,War of the Spark,expansion,2019-05-03,uncommon,0.0,Land,Land,C,0,0,1,,,0,100,0.0,0.0,0,0,0,0,1,542.0,4059.0,1,1,1,0,1,11,4.72,71.2,0,Jonas De Ro,2015
4c73ca01-d8ea-4cd2-af60-b260030967b2,Greater Good,afc,Forgotten Realms Commander,commander,2021-07-23,rare,4.0,Enchantment,Enchantment,G,1,0,0,G,,0,100,0.0,0.0,0,1,0,0,0,647.0,2232.0,1,1,1,0,0,9,4.72,,0,Mathias Kollros,2015
e058dc51-b200-42ee-a345-a63cfaa397fe,Angelic Guardian,m20,Core Set 2020,core,2019-07-12,rare,6.0,Creature,Creature — Angel,W,1,0,0,W,Flying,1,236,5.0,5.0,0,1,0,0,0,12244.0,,1,1,1,0,1,13,4.7,,0,Sara Winters,2015
2e33e540-538c-4c39-9f52-df26bdcac3fc,Angel of the Ruins,sld,Secret Lair Drop,box,2023-10-02,rare,7.0,Creature,Artifact Creature — Angel,W,1,0,0,W,"Flying,Plainscycling,Landcycling,Typecycling,Cycling",5,218,5.0,7.0,0,1,0,1,0,1043.0,5833.0,1,1,1,0,0,11,4.7,10.47,0,Fang Xinyu,2015
0ec85db7-c8ec-4730-b692-c140977436aa,Archfiend of Depravity,e01,Archenemy: Nicol Bolas,archenemy,2017-06-16,rare,5.0,Creature,Creature — Demon,B,1,0,0,B,Flying,1,132,5.0,4.0,0,1,0,0,0,1596.0,11778.0,1,1,1,0,1,8,4.69,,0,Daarken,2015
3fc069f7-2445-44ff-bcff-5b0741841690,Atalan Jackal,40k,"Warhammer 40,000 Commander",commander,2022-10-07,rare,3.0,Creature,Creature — Human Tyranid Scout,"G,R",2,1,0,"G,R","Haste,Trample,Skilled Outrider",3,190,2.0,2.0,0,0,0,0,0,4746.0,,0,1,1,0,0,5,4.68,,0,David Astruga,2015
420a5689-d73e-4dda-82fd-8b8897ff5b55,"Lolth, Spider Queen",afr,Adventures in the Forgotten Realms,expansion,2021-07-23,mythic,5.0,Planeswalker,Legendary Planeswalker — Lolth,B,1,0,0,B,,0,379,0.0,0.0,0,0,0,0,1,3870.0,2101.0,1,1,1,0,1,12,4.67,5.1,0,Tyler Jacobson,2015
f46894d1-2503-43fa-938e-7bbf19101d13,Artificial Evolution,ons,Onslaught,expansion,2002-10-07,rare,1.0,Instant,Instant,U,1,0,0,U,,0,177,0.0,0.0,0,0,0,0,1,11972.0,16003.0,0,1,1,0,0,8,4.66,36.54,0,Greg Staples,1997
ea630ba1-22f9-4a10-bdc6-0d03128214f4,Scute Swarm,dsc,Duskmourn: House of Horror Commander,commander,2024-09-27,rare,3.0,Creature,Creature — Insect,G,1,0,0,G,Landfall,1,177,1.0,1.0,0,1,0,0,0,225.0,3514.0,1,1,1,0,1,12,4.66,,0,Alex Konstad,2015
a9ec900f-1e31-4440-a75a-20b256734d5b,Ghalta and Mavren,mom,March of the Machine,expansion,2023-04-21,rare,7.0,Creature,Legendary Creature — Dinosaur Vampire,"G,W",2,1,0,"G,W",Trample,1,296,12.0,12.0,0,0,0,0,1,1708.0,5805.0,1,1,1,0,1,12,4.64,5.2,0,Zezhou Chen,2015
bdf3b2be-d0cd-4a3c-a10e-82d32c12d3bd,Ba Sing Se,tla,Avatar: The Last Airbender,expansion,2025-11-21,rare,0.0,Land,Land,G,1,0,0,G,Earthbend,1,299,0.0,0.0,0,0,0,0,1,2316.0,,1,1,1,1,1,15,4.64,4.02,0,Andreas Rocha,2015
834354a3-f984-4882-bc71-080112107e64,Acorn Catapult,cmd,Commander 2011,commander,2011-06-17,rare,4.0,Artifact,Artifact,C,0,0,1,,,0,141,0.0,0.0,0,0,0,0,0,13919.0,,0,1,1,0,0,5,4.64,,0,Jesper Ejsing,2003
bf1ef8ec-d915-41f2-b087-3d6d82e3db85,"Akroma, Angel of Wrath",c20,Commander 2020,commander,2020-04-17,mythic,8.0,Creature,Legendary Creature — Angel,W,1,0,0,W,"Flying,Vigilance,First strike,Protection,Haste,Trample",6,83,6.0,6.0,0,1,0,0,0,4288.0,5147.0,1,1,1,0,0,8,4.63,,0,Terese Nielsen,2015
386ce3c9-869d-461c-a3de-c8add3786f73,Hoarding Broodlord,mom,March of the Machine,expansion,2023-04-21,rare,8.0,Creature,Creature — Dragon,B,1,0,0,B,"Flying,Convoke",2,206,7.0,6.0,0,0,0,0,1,1645.0,4947.0,1,1,1,0,1,12,4.63,5.01,0,Filip Burburan,2015
efa6944e-b5e2-4584-ae37-f5b59a8ec75e,Vanquisher's Banner,lcc,The Lost Caverns of Ixalan Commander,commander,2023-11-17,rare,5.0,Artifact,Artifact,C,0,0,1,,,0,168,0.0,0.0,0,1,0,0,0,342.0,6390.0,1,1,1,0,1,12,4.63,,0,Milivoj Ćeran,2015
684f54a1-caf1-499e-aa71-e081a4dd916d,Aisha of Sparks and Smoke,sld,Secret Lair Drop,box,2022-02-18,rare,3.0,Creature,Legendary Creature — Human Warrior,R,1,0,0,"R,W",Prowess,1,323,4.0,2.0,0,0,0,1,0,15602.0,,0,1,1,0,0,5,4.6,4.83,0,Yongjae Choi,2015
9235ef13-a363-4cab-b69d-39093a621a5c,Bazaar Trader,wwk,Worldwake,expansion,2010-02-05,rare,2.0,Creature,Creature — Goblin,R,1,0,0,R,,0,83,1.0,1.0,0,0,0,0,1,7124.0,9620.0,1,1,1,0,0,8,4.59,8.35,0,Matt Cavotta,2003
52bf69ca-b974-4620-8483-b0ba33db26a5,Arena of the Ancients,chr,Chronicles,masters,1995-07-01,rare,3.0,Artifact,Artifact,C,0,0,1,,,0,126,0.0,0.0,0,1,0,0,1,18307.0,,0,1,1,0,0,8,4.56,,0,Tom Wänerstrand,1993
857bfb0e-17dc-4dda-bc37-3df927a9eae6,Untimely Malfunction,dsk,Duskmourn: House of Horror,expansion,2024-09-27,uncommon,2.0,Instant,Instant,R,1,0,0,R,,0,161,0.0,0.0,0,0,0,0,1,320.0,3082.0,1,1,1,1,1,15,4.54,6.21,0,Jarel Threat,2015
2d911053-a026-4b20-ba2d-dbcc367c1413,Ajani Goldmane,m11,Magic 2011,core,2010-07-16,mythic,4.0,Planeswalker,Legendary Planeswalker — Ajani,W,1,0,0,W,,0,243,0.0,0.0,0,1,0,0,1,10310.0,3119.0,1,1,1,0,0,8,4.53,,0,Aleksi Briclot,2003
d8bcc10b-8e26-49a6-ab3e-5a9e682a994b,Barad-dûr,ltr,The Lord of the Rings: Tales of Middle-earth,draft_innovation,2023-11-03,rare,0.0,Land,Legendary Land,B,1,0,0,B,Amass,1,152,0.0,0.0,0,1,0,0,0,1789.0,2320.0,1,1,1,0,0,11,4.53,4.91,0,Sean Vo,2015
3ceb13f4-ac9e-4ddd-9170-545f8d37b87a,Arcane Heist,otc,Outlaws of Thunder Junction Commander,commander,2024-04-19,rare,4.0,Sorcery,Sorcery,U,1,0,0,U,Cipher,1,385,0.0,0.0,0,0,0,0,0,4770.0,,0,1,1,0,0,5,4.53,,0,Anna Pavleeva,2015
c5ee6651-9946-4bae-b21e-6cf28fa77b13,Dollmaker's Shop // Porcelain Gallery,dsk,Duskmourn: House of Horror,expansion,2024-09-27,mythic,8.0,Enchantment,Enchantment — Room // Enchantment — Room,W,1,0,0,W,,0,0,0.0,0.0,0,0,0,0,1,2614.0,,1,1,1,1,1,16,4.5,5.26,0,Chris Cold,2015
1a883eb5-2666-487b-b8c8-fd8ad12afaeb,Elspeth Resplendent,snc,Streets of New Capenna,expansion,2022-04-29,mythic,5.0,Planeswalker,Legendary Planeswalker — Elspeth,W,1,0,0,W,,0,427,0.0,0.0,0,0,0,0,0,4984.0,2727.0,1,1,1,0,1,12,4.5,6.47,0,Krharts,2015
8fdaedf0-c4d2-4c2c-a183-026f06f3c360,Allosaurus Rider,evg,Duel Decks Anthology: Elves vs. Goblins,duel_deck,2014-12-05,rare,7.0,Creature,Creature — Elf Warrior,G,1,0,0,G,,0,181,,,0,1,0,0,0,16293.0,9170.0,1,1,1,0,0,7,4.49,,0,Daren Bader,2015
1e6bd3fa-0d07-4519-b67f-67867ad13c89,Acidic Slime,sld,Secret Lair Drop,box,2020-08-19,rare,5.0,Creature,Creature — Ooze,G,1,0,0,G,Deathtouch,1,157,2.0,2.0,0,1,0,1,0,1337.0,824.0,1,1,1,0,0,12,4.48,,0,Wizard of Barge,2015
635146da-d415-4107-a7f9-2c46189e5c52,Conduit of Worlds,one,Phyrexia: All Will Be One,expansion,2023-02-10,rare,4.0,Artifact,Artifact,G,1,0,0,G,,0,246,0.0,0.0,0,0,0,0,1,522.0,2535.0,1,1,1,0,1,12,4.45,5.42,0,Jokubas Uogintas,2015
8b59b12c-fde5-4f19-a357-e09f06f490cc,Lightning Greaves,tdc,Tarkir: Dragonstorm Commander,commander,2025-04-11,uncommon,2.0,Artifact,Artifact — Equipment,C,0,0,1,,Equip,1,98,0.0,0.0,0,1,0,0,0,13.0,999.0,1,1,1,0,0,11,4.44,,0,Michael Komarck,2015
0ec6bee0-f3b9-48cc-9f75-e4029a8f5a8d,Liliana of the Veil,pdmu,Dominaria United Promos,promo,2022-09-09,mythic,3.0,Planeswalker,Legendary Planeswalker — Liliana,B,1,0,0,B,,0,207,0.0,0.0,0,1,1,0,0,2872.0,,1,1,1,0,1,11,4.43,7.84,0,Martina Fačková,2015
0a19da90-880e-4eca-8cf7-6d7baf090d53,Carrion Feeder,mh1,Modern Horizons,draft_innovation,2019-06-14,uncommon,1.0,Creature,Creature — Zombie,B,1,0,0,B,,0,86,1.0,1.0,0,1,0,0,1,602.0,459.0,1,1,1,0,0,10,4.43,6.72,0,Svetlin Velinov,2015
a69e2cf8-5ecb-485a-92a2-b4e0a7959f1f,Abomination,leg,Legends,expansion,1994-06-01,uncommon,5.0,Creature,Creature — Horror,B,1,0,0,B,,0,118,2.0,6.0,0,0,0,0,1,25430.0,,0,1,1,0,0,8,4.42,,0,Mark Tedin,1993
f79de5e7-1545-420c-bfe1-ee2444fca85b,Basalt Monolith,2xm,Double Masters,masters,2020-08-07,uncommon,3.0,Artifact,Artifact,C,0,0,1,,,0,97,0.0,0.0,0,1,0,0,1,552.0,1743.0,0,1,1,0,0,6,4.42,6.18,0,Yeong-Hao Han,2015
4a30bcfa-6f95-450f-aea7-885983d7c6a5,"Ajani, Mentor of Heroes",jou,Journey into Nyx,expansion,2014-05-02,mythic,5.0,Planeswalker,Legendary Planeswalker — Ajani,"G,W",2,1,0,"G,W",,0,316,0.0,0.0,0,0,0,0,1,7993.0,6245.0,1,1,1,0,1,12,4.41,14.8,0,Aaron Miller,2003
8870ef0b-cb1f-463b-8509-fece4743d3d4,Ramunap Excavator,cmr,Commander Legends,draft_innovation,2020-11-20,rare,3.0,Creature,Creature — Snake Cleric,G,1,0,0,G,,0,39,2.0,3.0,0,1,0,0,0,418.0,1971.0,1,1,1,0,1,12,4.41,,0,Mark Behm,2015
ef6b1fd8-7c0b-4736-a100-cabd82052227,Arachnogenesis,cmm,Commander Masters,masters,2023-08-04,rare,3.0,Instant,Instant,G,1,0,0,G,,0,184,0.0,0.0,0,1,0,0,1,1343.0,295.0,0,1,1,0,0,9,4.4,5.03,0,Johannes Voss,2015
ee243dbe-83ee-40af-8e26-c1528166ef5a,"Karn, the Great Creator",mb2,Mystery Booster 2,masters,2024-08-02,rare,4.0,Planeswalker,Legendary Planeswalker — Karn,C,0,0,1,,,0,371,0.0,0.0,0,1,0,0,0,1894.0,,1,1,1,0,0,9,4.39,,0,Wisnu Tan,2015
47ac0f77-1294-4de9-93d1-141a9f314f98,Baleful Strix,c13,Commander 2013,commander,2013-11-01,uncommon,2.0,Creature,Artifact Creature — Bird,"B,U",2,1,0,"B,U","Deathtouch,Flying",2,58,1.0,1.0,0,1,0,0,0,353.0,,0,1,1,0,0,9,4.38,,0,Nils Hamm,2003
2d1102e4-447a-4b40-8131-5b36b8979fe0,Ainok Strike Leader,tdc,Tarkir: Dragonstorm Commander,commander,2025-04-11,rare,2.0,Creature,Creature — Dog Warrior,W,1,0,0,W,,0,252,2.0,2.0,0,0,0,0,0,2575.0,,0,1,1,0,0,5,4.36,,0,Alexander Mokhov,2015
a4a7582b-2755-43d9-b8d3-a3d5a9f6709b,Tyvar Kell,pkhm,Kaldheim Promos,promo,2021-02-05,mythic,4.0,Planeswalker,Legendary Planeswalker — Tyvar,G,1,0,0,"B,G",,0,304,0.0,0.0,0,1,1,0,0,4430.0,8299.0,1,1,1,0,1,10,4.36,6.99,0,Chris Rallis,2015
e5e12371-f05c-41cf-92ca-7cb17c2f7f1a,"Tezzeret, Artifice Master",m19,Core Set 2019,core,2018-07-13,mythic,5.0,Planeswalker,Legendary Planeswalker — Tezzeret,U,1,0,0,U,,0,300,0.0,0.0,0,0,0,0,1,4086.0,1427.0,1,1,1,0,1,12,4.35,13.02,0,Josh Hass,2015
bf3edaaf-cf63-4e17-94ae-9d9991d9fb5f,Arcane Adaptation,xln,Ixalan,expansion,2017-09-29,rare,3.0,Enchantment,Enchantment,U,1,0,0,U,,0,235,0.0,0.0,0,0,0,0,1,3815.0,6660.0,1,1,1,0,1,12,4.34,5.46,0,Mark Behm,2015
13946413-c76d-41a8-a699-404fd56b2067,Archetype of Aggression,bng,Born of the Gods,expansion,2014-02-07,uncommon,3.0,Creature,Enchantment Creature — Human Warrior,R,1,0,0,R,,0,113,3.0,2.0,0,0,0,0,1,2848.0,9326.0,1,1,1,0,1,7,4.32,8.47,0,Mathias Kollros,2003
358968f9-45bd-4022-b6bc-f1f7e0adf0e7,Final Showdown,otj,Outlaws of Thunder Junction,expansion,2024-04-19,mythic,1.0,Instant,Instant,W,1,0,0,W,Spree,1,223,0.0,0.0,0,0,0,0,1,2037.0,,1,1,1,1,1,14,4.32,4.78,0,Izzy,2015
f7eb4cc4-b79a-4ac8-ba33-ceeb55012022,"Teferi, Time Raveler",war,War of the Spark,expansion,2019-05-03,rare,3.0,Planeswalker,Legendary Planeswalker — Teferi,"U,W",2,1,0,"U,W",,0,247,0.0,0.0,0,0,0,0,1,1098.0,,1,1,1,0,0,8,4.32,82.24,0,Shishizaru,2015
a4d76d03-4fcf-42f8-8c2e-ad6b03d58677,"Angrath, the Flame-Chained",rix,Rivals of Ixalan,expansion,2018-01-19,mythic,5.0,Planeswalker,Legendary Planeswalker — Angrath,"B,R",2,1,0,"B,R",,0,311,0.0,0.0,0,0,0,0,1,9400.0,2600.0,1,1,1,0,1,12,4.31,4.57,0,Raymond Swanland,2015
74a13fea-4f48-428b-b42b-4ba63d4752ed,Graven Cairns,dsc,Duskmourn: House of Horror Commander,commander,2024-09-27,rare,0.0,Land,Land,"B,R",2,1,0,"B,R",,0,56,0.0,0.0,0,1,0,0,0,585.0,167.0,1,1,1,0,0,8,4.31,,0,Anthony S. Waters,2015
1225264f-b298-4b56-b208-c5da87bd6867,Pearl Medallion,mh3,Modern Horizons 3,draft_innovation,2024-06-14,rare,2.0,Artifact,Artifact,C,0,0,1,,,0,44,0.0,0.0,0,1,0,0,1,492.0,8278.0,1,1,1,0,0,13,4.25,6.25,0,Daniel Ljunggren,2015
d8d3b5c7-6963-4d01-846d-34d6107d1c44,Champion of Lambholt,ncc,New Capenna Commander,commander,2022-04-29,rare,3.0,Creature,Creature — Human Warrior,G,1,0,0,G,,0,171,1.0,1.0,0,1,0,0,0,531.0,6444.0,1,1,1,0,0,11,4.24,,0,Christopher Moeller,2015
f332cd21-46ed-4fff-9fd9-d5975bf0004d,Knight of the White Orchid,moc,March of the Machine Commander,commander,2023-04-21,rare,2.0,Creature,Creature — Human Knight,W,1,0,0,W,First strike,1,174,2.0,2.0,0,1,0,0,0,608.0,2216.0,1,1,1,0,1,13,4.24,,0,Mark Zug,2015
ec79e35f-9e78-462d-8b71-4f044e2eff90,"Barrin, Master Wizard",usg,Urza's Saga,expansion,1998-10-12,rare,3.0,Creature,Legendary Creature — Human Wizard,U,1,0,0,U,,0,71,1.0,1.0,1,0,0,0,1,15719.0,,0,1,1,0,0,7,4.23,,0,Michael Sutfin,1997
37ee59a7-0f41-4d5d-b049-71ca1ba335b1,Ancient Craving,p02,Portal Second Age,starter,1998-06-24,rare,4.0,Sorcery,Sorcery,B,1,0,0,B,,0,41,0.0,0.0,0,0,0,0,1,5416.0,,0,1,1,0,0,6,4.23,,0,Rob Alexander,1997
5353bcb9-800d-4d74-95fa-42350a0f25de,Aerial Extortionist,mkc,Murders at Karlov Manor Commander,commander,2024-02-09,rare,5.0,Creature,Creature — Bird Soldier,W,1,0,0,W,Flying,1,266,4.0,3.0,0,1,0,0,0,2589.0,,0,1,1,0,0,5,4.22,,0,Deruchenko Alexander,2015
5d6b5054-2224-4f68-9d82-3ed17c5dacc4,Dovin's Veto,war,War of the Spark,expansion,2019-05-03,uncommon,2.0,Instant,Instant,"U,W",2,1,0,"U,W",,0,64,0.0,0.0,0,0,0,0,1,252.0,427.0,1,1,1,0,1,11,4.19,3.3,0,Izzy,2015
8fc108a3-15e5-44ab-a6e2-182b309f9c0c,Ajani Vengeant,ala,Shards of Alara,expansion,2008-10-03,mythic,4.0,Planeswalker,Legendary Planeswalker — Ajani,"R,W",2,1,0,"R,W",,0,181,0.0,0.0,0,0,0,0,1,13762.0,2516.0,1,1,1,0,0,8,4.18,24.99,0,Wayne Reynolds,2003
b2cb986c-2a8e-4a24-b5d4-4393edc0c347,Angelic Accord,plst,The List,masters,2023-08-10,uncommon,4.0,Enchantment,Enchantment,W,1,0,0,W,,0,127,0.0,0.0,0,1,0,0,1,3301.0,5875.0,1,1,1,0,1,8,4.18,,0,Michael C. Hayes,2003
2461bf0b-53e4-4103-8485-88a940ad66fd,Angel of Fury,p02,Portal Second Age,starter,1998-06-24,rare,6.0,Creature,Creature — Angel,W,1,0,0,W,Flying,1,76,3.0,5.0,0,0,0,0,1,29779.0,,0,1,1,0,0,7,4.15,,0,Keith Parkinson,1997
4f616706-ec97-4923-bb1e-11a69fbaa1f8,Counterspell,dsc,Duskmourn: House of Horror Commander,commander,2024-09-27,uncommon,2.0,Instant,Instant,U,1,0,0,U,,0,21,0.0,0.0,0,1,0,0,0,16.0,8.0,1,1,1,0,0,14,4.15,,0,Zack Stella,2015
66ca1ade-0a74-4aab-9040-b3696706f060,Arcane Denial,otc,Outlaws of Thunder Junction Commander,commander,2024-04-19,common,2.0,Instant,Instant,U,1,0,0,U,,0,165,0.0,0.0,0,1,0,0,0,56.0,,0,1,1,0,0,9,4.13,,0,Xi Zhang,2015
f7ae5085-0d0d-4d7d-80a3-614315a07de5,"Liliana, the Last Hope",2x2,Double Masters 2022,masters,2022-07-08,mythic,3.0,Planeswalker,Legendary Planeswalker — Liliana,B,1,0,0,B,Mill,1,314,0.0,0.0,0,1,0,0,1,7435.0,,1,1,1,0,1,11,4.12,5.28,0,Jaime Jones,2015
4fedf84e-55ca-4334-a2c1-6e991112bb68,Apothecary White,clu,Ravnica: Clue Edition,draft_innovation,2024-02-23,rare,4.0,Creature,Legendary Creature — Human Cleric,W,1,0,0,W,"Vigilance,Food",2,247,3.0,4.0,0,0,0,1,0,5557.0,,0,1,1,0,0,5,4.12,,0,Anna Steinbauer,2015
7e8e34de-4b0a-48fe-bb13-c7e181d37e6c,Avatar of Woe,cm2,Commander Anthology Volume II,commander,2018-06-08,rare,8.0,Creature,Creature — Avatar,B,1,0,0,B,Fear,1,245,6.0,5.0,0,1,0,0,0,5354.0,8799.0,1,1,1,0,0,9,4.12,,0,rk post,2015
30de9083-8702-471c-92e7-5cf89936a208,Dramatic Reversal,gn2,Game Night 2019,box,2019-11-15,common,2.0,Instant,Instant,U,1,0,0,U,,0,41,0.0,0.0,0,1,0,0,0,628.0,9079.0,1,1,1,0,1,13,4.11,,0,Eric Deschamps,2015
58fbbc7f-1d6e-4a6c-b5df-33bc275ee514,Bad Moon,tsb,Time Spiral Timeshifted,expansion,2006-10-06,special,2.0,Enchantment,Enchantment,B,1,0,0,B,,0,26,0.0,0.0,0,1,0,0,1,7203.0,,1,1,1,0,0,9,4.1,37.78,0,Jesper Myrfors,1997
f404d133-fc1a-4751-ac72-554e6553e486,Beastmaster Ascension,ncc,New Capenna Commander,commander,2022-04-29,rare,3.0,Enchantment,Enchantment,G,1,0,0,G,,0,190,0.0,0.0,0,1,0,0,0,559.0,8058.0,1,1,1,0,0,11,4.09,,0,Alex Horley-Orlandelli,2015
f9302ba8-7ff2-4eaa-a32d-eedd94f0bb79,Ajani Steadfast,m15,Magic 2015,core,2014-07-18,mythic,4.0,Planeswalker,Legendary Planeswalker — Ajani,W,1,0,0,W,,0,354,0.0,0.0,0,0,0,0,1,5098.0,7176.0,1,1,1,0,1,12,4.07,9.67,0,Chris Rahn,2015
4a37fbca-32db-40cc-9fd3-4764c7fd81e2,"Nissa, Worldwaker",e01,Archenemy: Nicol Bolas,archenemy,2017-06-16,mythic,5.0,Planeswalker,Legendary Planeswalker — Nissa,G,1,0,0,G,,0,313,0.0,0.0,0,1,0,0,0,8989.0,1454.0,1,1,1,0,1,7,4.07,,0,Chris Rahn,2015
b1a32b7c-9f26-4504-9f8d-379164d69346,Teferi's Ageless Insight,mkc,Murders at Karlov Manor Commander,commander,2024-02-09,rare,4.0,Enchantment,Legendary Enchantment,U,1,0,0,U,,0,106,0.0,0.0,0,1,0,0,0,588.0,8580.0,1,1,1,0,1,12,4.06,,0,Kieran Yanner,2015
c853d04c-864b-491c-8c6f-72d2d4874d2f,Archangel of Tithes,otj,Outlaws of Thunder Junction,expansion,2024-04-19,mythic,4.0,Creature,Creature — Angel,W,1,0,0,W,Flying,1,285,3.0,5.0,0,1,0,0,1,2171.0,6208.0,1,1,1,1,1,15,4.05,4.36,0,Denys Tsiperko,2015
af2115e4-009e-4432-99bb-05e844bc18b6,Conjurer's Closet,inr,Innistrad Remastered,masters,2025-01-24,rare,5.0,Artifact,Artifact,C,0,0,1,,,0,138,0.0,0.0,0,1,0,0,1,503.0,9471.0,1,1,1,0,0,7,4.04,5.06,0,Jason Felix,2015
caf1ee51-2852-44c0-a5d4-d0e415381738,Animate Artifact,2ed,Unlimited Edition,core,1993-12-01,uncommon,4.0,Enchantment,Enchantment — Aura,U,1,0,0,U,Enchant,1,145,0.0,0.0,0,1,0,0,1,25135.0,,0,1,1,0,0,9,4.04,,0,Douglas Shuler,1993
9a5357e0-ff69-4bb9-9a02-b0372e0ea5e5,Battletide Alchemist,mor,Morningtide,expansion,2008-02-01,rare,5.0,Creature,Creature — Kithkin Cleric,W,1,0,0,W,,0,122,3.0,4.0,0,0,0,0,1,15738.0,12106.0,1,1,1,0,0,8,4.04,9.87,0,Steve Prescott,2003
11e8d2fd-b132-4807-9410-8edeffa519ed,Aether Vial,2x2,Double Masters 2022,masters,2022-07-08,rare,1.0,Artifact,Artifact,C,0,0,1,,,0,221,0.0,0.0,0,1,0,0,1,5810.0,,1,1,1,0,0,7,4.03,4.04,0,Karl Kopinski,2015
4d42e22d-f60e-40c5-b069-5e1708f3bebc,Sanctum Weaver,mh2,Modern Horizons 2,draft_innovation,2021-06-18,rare,2.0,Creature,Enchantment Creature — Dryad,G,1,0,0,G,,0,84,0.0,2.0,0,0,0,0,1,595.0,740.0,1,1,1,0,0,11,4.02,8.36,0,Kimonas Theodossiou,2015
fd4b7ee2-de65-4288-872d-486065a4f226,Tamiyo's Safekeeping,neo,Kamigawa: Neon Dynasty,expansion,2022-02-18,common,1.0,Instant,Instant,G,1,0,0,G,,0,268,0.0,0.0,0,0,0,0,1,490.0,2219.0,1,1,1,0,1,13,4.02,4.54,0,Aurore Folny,2015
f857bbe4-5619-4733-a0c7-69700f2ef4f3,"Nissa, Who Shakes the World",war,War of the Spark,expansion,2019-05-03,rare,5.0,Planeswalker,Legendary Planeswalker — Nissa,G,1,0,0,G,,0,401,0.0,0.0,0,0,0,0,1,1530.0,1560.0,1,1,1,0,1,12,4.02,5.17,0,Chris Rallis,2015
07a3d9e8-8597-498b-869c-cff79e0df516,"Karn, Scion of Urza",dom,Dominaria,expansion,2018-04-27,mythic,4.0,Planeswalker,Legendary Planeswalker — Karn,C,0,0,1,,,0,355,0.0,0.0,0,0,0,0,1,5160.0,,1,1,1,0,1,11,4.02,6.87,0,Chase Stone,2015
ffc70b2d-5a3a-49ea-97db-175a62248302,"Glarb, Calamity's Augur",blb,Bloomburrow,expansion,2024-08-02,mythic,3.0,Creature,Legendary Creature — Frog Wizard Noble,"B,G,U",3,1,0,"B,G,U","Surveil,Deathtouch",2,175,2.0,4.0,0,0,0,0,1,3679.0,,1,1,1,1,1,15,4.02,5.63,0,Bram Sels,2015
00ef8f06-dfcc-4ffa-a054-b0c81b39dcc0,Amarant Coral,fic,Final Fantasy Commander,commander,2025-12-05,rare,4.0,Creature,Legendary Creature — Human Monk,"G,R",2,1,0,"G,R",Trample,1,170,5.0,4.0,0,0,0,1,0,17108.0,,0,1,1,0,0,5,4.02,2.61,0,Erion Makuo,2015
d5064361-a8c7-4002-908a-992252641572,Battlefield Forge,9ed,Ninth Edition,core,2005-07-29,rare,0.0,Land,Land,"R,W",2,1,0,"R,W",,0,67,0.0,0.0,0,1,0,0,1,123.0,180.0,1,1,1,0,1,14,4.01,,0,Darrell Riche,2003
707e9d2e-3934-4b90-878d-4699ac1cbe89,Armored Skyhunter,soc,Secrets of Strixhaven Commander,commander,2026-04-24,rare,4.0,Creature,Creature — Cat Knight,W,1,0,0,W,Flying,1,333,3.0,3.0,0,1,0,0,0,2678.0,,0,1,1,0,0,5,4.0,,0,Denman Rooke,2015
30364aca-f9cc-4fd8-8800-6644eeaf6a0b,"Teferi, Who Slows the Sunset",pmid,Innistrad: Midnight Hunt Promos,promo,2021-09-24,mythic,4.0,Planeswalker,Legendary Planeswalker — Teferi,"U,W",2,1,0,"U,W",,0,483,0.0,0.0,0,1,1,0,0,4405.0,,1,1,1,0,1,11,4.0,4.71,0,Heonhwa,2015
fee692dd-4030-4783-92a8-21304e40533a,"Teferi, Temporal Pilgrim",bro,The Brothers' War,expansion,2022-11-18,mythic,5.0,Planeswalker,Legendary Planeswalker — Teferi,U,1,0,0,U,,0,370,0.0,0.0,0,0,0,1,0,3154.0,,1,1,1,0,1,11,3.99,5.4,0,Cosmin Podar,2015
cd4dbf80-187b-40e3-9e0b-526f78d9a34e,Entish Restoration,ltr,The Lord of the Rings: Tales of Middle-earth,draft_innovation,2023-06-23,uncommon,3.0,Instant,Instant,G,1,0,0,G,,0,286,0.0,0.0,0,0,0,0,1,421.0,,1,1,1,0,0,10,3.97,4.16,0,Calder Moore,2015
d8dc891c-b2f3-4193-a504-440a3efc27e8,Banefire,pm19,Core Set 2019 Promos,promo,2018-07-13,rare,1.0,Sorcery,Sorcery,R,1,0,0,R,,0,122,0.0,0.0,0,1,1,0,0,3887.0,3077.0,1,1,1,0,1,13,3.97,,0,Raymond Swanland,2015
4210c54e-89fd-4971-ab6a-ca8f4e7fe97a,All Is Dust,cmm,Commander Masters,masters,2023-08-04,mythic,7.0,Sorcery,Kindred Sorcery — Eldrazi,C,0,0,1,,,0,79,0.0,0.0,0,1,0,0,0,932.0,,1,1,1,0,0,7,3.96,,0,Jason Felix,2015
5724a4a3-dd66-4a66-af8b-5374119ecdfb,Veil of Summer,soa,Secrets of Strixhaven Mystical Archive,masterpiece,2026-04-24,rare,1.0,Instant,Instant,G,1,0,0,G,,0,303,0.0,0.0,0,1,0,0,0,568.0,,1,1,1,0,0,9,3.95,5.93,0,Olena Richards,2015
18092f68-b96e-4084-9eba-b240d2195d81,"Adeline, Resplendent Cathar",mid,Innistrad: Midnight Hunt,expansion,2021-09-24,rare,3.0,Creature,Legendary Creature — Human Knight,W,1,0,0,W,Vigilance,1,226,,4.0,0,0,0,0,1,512.0,245.0,1,1,1,0,1,12,3.93,3.71,0,Bryan Sola,2015
1a14aad2-47f0-4d21-9fcf-5ca171faffaf,Battlemage's Bracers,c21,Commander 2021,commander,2021-04-23,rare,3.0,Artifact,Artifact — Equipment,R,1,0,0,R,Equip,1,209,0.0,0.0,0,0,0,0,0,5119.0,,0,1,1,0,0,5,3.91,,0,David Gaillet,2015
ddc2386e-18a4-49f0-9c08-da870dc6f96e,Amazing Alliance,spe,Marvel's Spider-Man Eternal,eternal,2025-09-26,rare,3.0,Enchantment,Enchantment,W,1,0,0,W,,0,115,0.0,0.0,0,0,0,0,0,12665.0,,0,1,1,0,0,5,3.9,5.27,0,Filipe Pagliuso,2015
c0c358b4-5af2-438f-8bd5-beb0ee6b518b,Avabruck Caretaker // Hollowhenge Huntmaster,vow,Innistrad: Crimson Vow,expansion,2021-11-19,mythic,6.0,Creature,Creature — Human Werewolf // Creature — Werewolf,G,1,0,0,G,"Daybound,Hexproof,Nightbound",3,0,0.0,0.0,0,0,0,0,1,7120.0,6094.0,1,1,1,0,1,12,3.89,4.0,0,Heonhwa,2015
d3ca43a4-d194-440f-8099-f1fa103a108d,Aven Interrupter,otj,Outlaws of Thunder Junction,expansion,2024-04-19,rare,3.0,Creature,Creature — Bird Rogue,W,1,0,0,W,"Flying,Plot,Flash",3,242,2.0,2.0,0,0,0,0,1,1788.0,,1,1,1,1,1,14,3.88,5.2,0,Daniel Romanovsky,2015
8efbc925-54ac-4dda-82af-9091b1cf2fda,Elemental Bond,tdc,Tarkir: Dragonstorm Commander,commander,2025-04-11,uncommon,3.0,Enchantment,Enchantment,G,1,0,0,G,,0,76,0.0,0.0,0,1,0,0,0,565.0,4942.0,1,1,1,0,1,10,3.88,,0,David Gaillet,2015
03c67a1b-32d7-4f66-bc6c-aaf09275a779,Arcbound Crusher,hop,Planechase,planechase,2009-09-04,uncommon,4.0,Creature,Artifact Creature — Juggernaut,C,0,0,1,,"Modular,Trample",2,214,0.0,0.0,0,1,0,0,0,5856.0,9174.0,1,1,1,0,0,7,3.87,,0,Michael Sutfin,2003
37478625-dd07-476d-bd9b-b2e0d71ac0d1,Abundant Countryside,ecc,Lorwyn Eclipsed Commander,commander,2026-01-23,rare,0.0,Land,Land,C,0,0,1,,,0,198,0.0,0.0,0,0,0,0,0,4522.0,,0,1,1,0,0,5,3.86,,0,Iris Compiet,2015
8637d263-5d7e-45bc-aad3-d97f57e6898e,Angelic Arbiter,jmp,Jumpstart,draft_innovation,2020-07-17,rare,7.0,Creature,Creature — Angel,W,1,0,0,W,Flying,1,148,5.0,6.0,0,1,0,0,1,4860.0,12902.0,1,1,1,0,0,8,3.85,,0,Steve Argyle,2015
ff0063da-ab6b-499d-8e87-8b34d46f0372,"Nissa, Vastwood Seer // Nissa, Sage Animist",ori,Magic Origins,core,2015-07-17,mythic,3.0,Creature,Legendary Creature — Elf Scout // Legendary Planeswalker — Nissa,G,1,0,0,G,Transform,1,0,0.0,0.0,0,0,0,0,1,6175.0,1476.0,1,1,1,0,1,12,3.85,5.81,0,Wesley Burt,2015
c9f88a40-a6ed-4c1f-a309-011aca1acddd,"Kutzil, Malamet Exemplar",lci,The Lost Caverns of Ixalan,expansion,2023-11-17,uncommon,3.0,Creature,Legendary Creature — Cat Warrior,"G,W",2,1,0,"G,W",,0,183,3.0,3.0,0,0,0,0,1,377.0,2492.0,1,1,1,1,1,14,3.85,3.84,0,Marie Magny,2015
d5a53791-d4e9-49e9-9daf-c8b378925afe,Professional Face-Breaker,fic,Final Fantasy Commander,commander,2025-06-13,rare,3.0,Creature,Creature — Human Warrior,R,1,0,0,R,"Treasure,Menace",2,198,2.0,3.0,0,1,0,0,0,216.0,4409.0,1,1,1,0,1,12,3.84,,0,Hendry Iwanaga,2015
4eead1d6-6c9d-4989-8609-14fdbb6c6c30,"Atarka, World Render",pfrf,Fate Reforged Promos,promo,2020-07-04,rare,7.0,Creature,Legendary Creature — Dragon,"G,R",2,1,0,"G,R","Flying,Trample",2,96,6.0,4.0,0,1,1,0,0,1275.0,3817.0,1,1,1,0,1,8,3.83,13.0,0,Karl Kopinski,2015
1bd77ae9-c5ba-44af-80e9-7c852722ef6c,Shared Animosity,lcc,The Lost Caverns of Ixalan Commander,commander,2023-11-17,rare,3.0,Enchantment,Enchantment,R,1,0,0,R,,0,143,0.0,0.0,0,1,0,0,0,663.0,8467.0,1,1,1,0,0,12,3.83,,0,Chuck Lukacs,2015
a329ff98-36fd-44c3-b037-dcc6e78ee61e,Balduvian Trading Post,all,Alliances,expansion,1996-06-10,rare,0.0,Land,Land,R,1,0,0,R,,0,243,0.0,0.0,1,0,0,0,1,17531.0,9178.0,0,1,1,0,0,7,3.8,,0,Tom Wänerstrand,1993
38421179-615e-4aba-91a4-503bfee05403,Aura Mutation,inv,Invasion,expansion,2000-10-02,rare,2.0,Instant,Instant,"G,W",2,1,0,"G,W",,0,115,0.0,0.0,0,0,0,0,1,2565.0,,0,1,1,0,0,7,3.8,31.93,0,Pete Venters,1997
42ce2d7f-5924-47c0-b5ed-dacf9f9617a0,Authority of the Consuls,fdn,Foundations,core,2024-11-15,rare,1.0,Enchantment,Enchantment,W,1,0,0,W,,0,112,0.0,0.0,0,1,0,0,1,385.0,2697.0,1,1,1,1,1,16,3.78,5.38,0,Lake Hurwitz,2015
35ed6263-bdd7-4013-ac8c-9b652d71a0db,Archangel Elspeth,mom,March of the Machine,expansion,2023-04-21,mythic,4.0,Planeswalker,Legendary Planeswalker — Elspeth,W,1,0,0,W,,0,281,0.0,0.0,0,0,0,0,1,5154.0,,1,1,1,0,1,11,3.75,3.57,0,Cynthia Sheppard,2015
537d2b05-3f52-45d6-8fe3-26282085d0c6,Wrath of God,cmm,Commander Masters,masters,2023-08-04,rare,4.0,Sorcery,Sorcery,W,1,0,0,W,,0,49,0.0,0.0,0,1,0,0,1,612.0,91.0,1,1,1,0,0,13,3.75,3.63,0,Willian Murai,2015
fe29e909-50e9-4f04-b1a3-2cc5d7e3efe8,"Avatar Aang // Aang, Master of Elements",tla,Avatar: The Last Airbender,expansion,2025-11-21,mythic,4.0,Creature,Legendary Creature — Human Avatar Ally // Legendary Creature — Avatar Ally,"B,G,R,U,W",5,1,0,"B,G,R,U,W","Flying,Transform,Firebending",3,0,0.0,0.0,0,0,0,0,1,7946.0,7283.0,1,1,1,1,1,16,3.75,5.03,0,Fahmi Fauzi,2015
4bd3014b-94bb-4a9f-92cf-239a2dcc7e97,Baneslayer Angel,m21,Core Set 2021,core,2020-07-03,mythic,5.0,Creature,Creature — Angel,W,1,0,0,W,"Flying,Lifelink,First strike,Protection",4,71,5.0,5.0,0,1,0,0,1,4712.0,2409.0,1,1,1,0,1,13,3.74,5.81,0,Greg Staples,2015
c48858f3-40a4-4117-b4c5-e1b973be4869,"Alesha, Who Laughs at Fate",fdn,Foundations,core,2024-11-15,rare,3.0,Creature,Legendary Creature — Human Warrior,"B,R",2,1,0,"B,R","First strike,Raid",2,254,2.0,2.0,0,0,0,1,0,2001.0,5701.0,1,1,1,1,1,16,3.74,6.63,0,Dmitry Burmak,2015
52311be7-b484-4b14-a091-904c6b0c83d1,"Freyalise, Llanowar's Fury",cmm,Commander Masters,masters,2023-08-04,rare,5.0,Planeswalker,Legendary Planeswalker — Freyalise,G,1,0,0,G,,0,215,0.0,0.0,0,1,0,0,1,2618.0,,0,1,1,0,0,5,3.74,4.94,0,Adam Paquette,2015
43da8995-77da-4ec4-94a5-5e7932a3c969,Chandra Ablaze,zen,Zendikar,expansion,2009-10-02,mythic,6.0,Planeswalker,Legendary Planeswalker — Chandra,R,1,0,0,R,,0,264,0.0,0.0,0,0,0,0,1,13998.0,7118.0,1,1,1,0,0,8,3.73,24.89,0,Steve Argyle,2003
7b36fba7-71f7-4b7f-bde5-b3a9752ad21c,Basilisk Collar,fdn,Foundations,core,2024-11-15,rare,1.0,Artifact,Artifact — Equipment,C,0,0,1,,Equip,1,268,0.0,0.0,0,1,0,0,0,258.0,2855.0,1,1,1,1,1,17,3.73,,0,Craig J Spearing,2015
66a23edd-96ad-4870-907f-2c332bc2e53b,Bane of Progress,cma,Commander Anthology,commander,2017-06-09,rare,6.0,Creature,Creature — Elemental,G,1,0,0,G,,0,142,2.0,2.0,0,1,0,0,0,1233.0,,0,1,1,0,0,5,3.72,,0,Lars Grant-West,2015
b74876d8-f6a6-4b47-b960-b01a331bab01,All-Out Assault,tdm,Tarkir: Dragonstorm,expansion,2025-04-11,mythic,5.0,Enchantment,Enchantment,"B,R,W",3,1,0,"B,R,W",,0,263,0.0,0.0,0,0,0,0,1,3950.0,,1,1,1,1,1,15,3.71,4.0,0,Joshua Cairos,2015
61248b5d-3f4b-4329-a1af-7252443883a0,Sanguine Bond,ltc,Tales of Middle-earth Commander,commander,2023-06-23,rare,5.0,Enchantment,Enchantment,B,1,0,0,B,,0,61,0.0,0.0,0,1,0,0,0,493.0,5119.0,1,1,1,0,1,13,3.71,,0,Joseph Meehan,2015
33e1dc92-8bb3-4841-ab7b-e9810c762c2a,Arbor Adherent,tdc,Tarkir: Dragonstorm Commander,commander,2025-04-11,rare,4.0,Creature,Creature — Dog Druid,G,1,0,0,G,,0,134,2.0,4.0,0,0,0,0,0,3460.0,,0,1,1,0,0,5,3.7,,0,Christina Kraus,2015
daf69185-96cf-4523-be1d-1fe90fc63ab7,Talisman of Indulgence,dsc,Duskmourn: House of Horror Commander,commander,2024-09-27,uncommon,2.0,Artifact,Artifact,"B,R",2,1,0,"B,R",,0,71,0.0,0.0,0,1,0,0,0,127.0,912.0,1,1,1,0,0,11,3.7,,0,Mike Dringenberg,2015
5ebfcdf7-44a9-4b8c-afba-ad2d2d8edc24,"Azula, Ruthless Firebender",tle,Avatar: The Last Airbender Eternal,eternal,2025-11-21,mythic,3.0,Creature,Legendary Creature — Human Noble,B,1,0,0,B,Firebending,1,323,3.0,3.0,0,0,0,0,0,14064.0,,0,1,1,0,0,8,3.7,3.71,0,Rose Benjamin,2015
50d4b0df-a1d8-494f-a019-70ce34161320,"Arlinn, the Pack's Hope // Arlinn, the Moon's Fury",mid,Innistrad: Midnight Hunt,expansion,2021-09-24,mythic,4.0,Planeswalker,Legendary Planeswalker — Arlinn // Legendary Planeswalker — Arlinn,"G,R",2,1,0,"G,R","Daybound,Nightbound",2,0,0.0,0.0,0,0,0,0,1,8445.0,4571.0,1,1,1,0,1,12,3.69,5.04,0,Anna Steinbauer,2015
d1ed5b20-94f6-455f-80a5-e4ed360167be,Abrade,soa,Secrets of Strixhaven Mystical Archive,masterpiece,2026-04-24,uncommon,2.0,Instant,Instant,R,1,0,0,R,,0,83,0.0,0.0,0,1,0,1,0,153.0,232.0,1,1,1,1,1,17,3.67,,0,Hagiya Kaoru,2015
e262f55e-9239-4a97-a19e-9b08fb34502e,Goblin Bombardment,mh2,Modern Horizons 2,draft_innovation,2021-06-18,rare,2.0,Enchantment,Enchantment,R,1,0,0,R,,0,68,0.0,0.0,0,1,0,0,1,455.0,735.0,1,1,1,0,0,13,3.67,5.13,0,Dave Kendall,2015
ab061406-38f4-40e7-a9ea-e3cbcaabc127,Accumulated Knowledge,nem,Nemesis,expansion,2000-02-14,common,2.0,Instant,Instant,U,1,0,0,U,,0,104,0.0,0.0,0,0,0,0,1,25738.0,,0,1,1,0,0,9,3.66,89.67,0,Randy Gallegos,1997
5a12bfaf-7481-4e6a-98c8-6308d075382b,Whispersilk Cloak,dsc,Duskmourn: House of Horror Commander,commander,2024-09-27,uncommon,3.0,Artifact,Artifact — Equipment,C,0,0,1,,Equip,1,109,0.0,0.0,0,1,0,0,0,314.0,7421.0,1,1,1,0,0,10,3.66,,0,Daren Bader,2015
4811072d-fac0-40dd-a5cf-9694d51b12cf,Avatar's Wrath,tla,Avatar: The Last Airbender,expansion,2025-11-21,rare,4.0,Sorcery,Sorcery,W,1,0,0,W,Airbend,1,279,0.0,0.0,0,0,0,0,1,2383.0,5505.0,1,1,1,1,1,16,3.66,5.25,0,Ainezu,2015
878667d8-89ee-4eba-bf56-ac05bbba1770,Always Watching,plst,The List,masters,2021-06-19,rare,3.0,Enchantment,Enchantment,W,1,0,0,W,,0,60,0.0,0.0,0,1,0,0,1,6237.0,2668.0,1,1,1,0,1,12,3.66,,0,Chase Stone,2015
aeeec853-dd3f-4ac3-8b20-c07fada8888f,Ashnod's Battle Gear,atq,Antiquities,expansion,1994-03-04,uncommon,2.0,Artifact,Artifact,C,0,0,1,,,0,159,0.0,0.0,0,0,0,0,1,29813.0,,0,1,1,0,0,8,3.64,,0,Mark Poole,1993
fdf59a6e-7708-45a1-884d-d12e9f7b9ed9,Approach of the Second Sun,akh,Amonkhet,expansion,2017-04-28,rare,7.0,Sorcery,Sorcery,W,1,0,0,W,,0,238,0.0,0.0,0,0,0,0,1,1030.0,1281.0,1,1,1,0,1,12,3.64,5.38,0,Noah Bradley,2015
b09204c7-3e3d-484a-a4f7-da1b818e3884,Anurid Brushhopper,jud,Judgment,expansion,2002-05-27,rare,3.0,Creature,Creature — Frog Beast,"G,W",2,1,0,"G,W",,0,133,3.0,4.0,0,0,0,0,1,29695.0,9458.0,0,1,1,0,0,7,3.63,19.94,0,Arnie Swekel,1997
a5eba273-0b83-42a7-b8b0-9e0cd6a7aa6f,Alaborn Zealot,p02,Portal Second Age,starter,1998-06-24,uncommon,1.0,Creature,Creature — Human Soldier,W,1,0,0,W,,0,61,1.0,1.0,0,0,0,0,1,23048.0,,0,1,1,0,0,6,3.63,,0,David Horne,1997
54bf48d4-e350-4ca7-87da-ce04fefd4610,"Alandra, Sky Dreamer",mkc,Murders at Karlov Manor Commander,commander,2024-02-09,rare,4.0,Creature,Legendary Creature — Merfolk Wizard,U,1,0,0,U,,0,252,2.0,4.0,0,1,0,0,0,2534.0,,0,1,1,0,0,5,3.62,,0,Caroline Gariba,2015
41163f43-7357-4bbc-a1e7-9c8070135c93,Angel of Indemnity,soc,Secrets of Strixhaven Commander,commander,2026-04-24,rare,6.0,Creature,Creature — Angel Warrior,W,1,0,0,W,"Flying,Lifelink,Encore",3,389,5.0,5.0,0,1,0,0,0,3677.0,,0,1,1,0,0,5,3.61,,0,Denman Rooke,2015
03b9304c-9993-4539-9165-48568eb81db1,Arasta of the Endless Web,thb,Theros Beyond Death,expansion,2020-01-24,rare,4.0,Creature,Legendary Enchantment Creature — Spider,G,1,0,0,G,Reach,1,114,3.0,5.0,0,0,0,0,0,1077.0,4069.0,1,1,1,0,1,12,3.61,9.58,0,Sam Rowan,2015
cd4aee25-496d-453e-95b7-d773fe21cacc,Angel of Suffering,snc,Streets of New Capenna,expansion,2022-04-29,mythic,5.0,Creature,Creature — Nightmare Angel,B,1,0,0,B,"Flying,Mill",2,91,5.0,3.0,0,0,0,0,1,4484.0,9777.0,1,1,1,0,1,12,3.58,4.08,0,Martina Fačková,2015
fdd2504b-ff9b-464c-9595-7dffab3bc5b9,"Vronos, Masked Inquisitor",cmm,Commander Masters,masters,2023-08-04,rare,5.0,Planeswalker,Legendary Planeswalker — Vronos,U,1,0,0,U,,0,449,0.0,0.0,0,0,0,0,0,6725.0,,0,1,1,0,0,5,3.58,,0,Ekaterina Burmak,2015
5d6a0f3e-457f-41f5-be26-5fb249874f1a,Absorb,inv,Invasion,expansion,2000-10-02,rare,3.0,Instant,Instant,"U,W",2,1,0,"U,W",,0,38,0.0,0.0,0,0,0,0,1,3788.0,425.0,1,1,1,0,1,14,3.56,61.99,0,Andrew Goldhawk,1997
4d4f4d41-232d-4377-be69-de590b880edb,"Arwen, Weaver of Hope",ltc,Tales of Middle-earth Commander,commander,2023-06-23,rare,3.0,Creature,Legendary Creature — Elf Noble,G,1,0,0,G,,0,115,2.0,1.0,0,0,0,0,0,1829.0,,0,1,1,0,0,5,3.56,,0,Axel Sauerwald,2015
dd547601-d650-4a02-a3a4-890bcef03a7c,Archmage Emeritus,soc,Secrets of Strixhaven Commander,commander,2026-04-24,rare,4.0,Creature,Creature — Human Wizard,U,1,0,0,U,Magecraft,1,79,2.0,2.0,0,1,0,0,0,267.0,11779.0,1,1,1,0,1,12,3.54,,0,Caio Monteiro,2015
58d5b9fe-b66a-48c9-94c4-db783e605f37,Backdraft,leg,Legends,expansion,1994-06-01,uncommon,2.0,Instant,Instant,R,1,0,0,R,,0,187,0.0,0.0,0,0,0,0,1,27406.0,,0,1,1,0,0,7,3.54,,0,Brian Snõddy,1993
902f2a7a-566e-4388-a280-4f68e5f6c1d5,Animal Sanctuary,plst,The List,masters,2024-01-25,rare,0.0,Land,Land,C,0,0,1,,,0,89,0.0,0.0,0,1,0,0,1,3618.0,6018.0,1,1,1,0,1,12,3.54,,0,Alayna Danner,2015
77c6fa74-5543-42ac-9ead-0e890b188e99,Lightning Bolt,clu,Ravnica: Clue Edition,draft_innovation,2024-02-23,uncommon,1.0,Instant,Instant,R,1,0,0,R,,0,44,0.0,0.0,0,1,0,0,0,158.0,,1,1,1,0,0,13,3.53,,0,Christopher Moeller,2015
c94fcb53-a7bd-4a80-a536-9fb0eb24261a,Alrund's Epiphany,khm,Kaldheim,expansion,2021-02-05,mythic,7.0,Sorcery,Sorcery,U,1,0,0,U,Foretell,1,261,0.0,0.0,0,0,0,0,1,4414.0,1602.0,1,1,1,0,1,12,3.53,3.18,0,Kieran Yanner,2015
8119d329-6ee5-433c-bd81-8579bb061162,Fabled Passage,soc,Secrets of Strixhaven Commander,commander,2026-04-24,rare,0.0,Land,Land,C,0,0,1,,,0,175,0.0,0.0,0,1,0,0,0,60.0,30.0,1,1,1,1,1,15,3.52,,0,Marina Ortega Lorente,2015
bbaaa98a-ec40-4ff1-8762-a719cf1c475d,"Nissa, Vital Force",kld,Kaladesh,expansion,2016-09-30,mythic,5.0,Planeswalker,Legendary Planeswalker — Nissa,G,1,0,0,G,,0,276,0.0,0.0,0,0,0,0,1,4389.0,1710.0,1,1,1,0,1,12,3.52,6.87,0,Clint Cearley,2015
fb023670-7597-4042-84a4-0c578820dc9b,As Foretold,wot,Wilds of Eldraine: Enchanting Tales,masterpiece,2023-09-08,rare,3.0,Enchantment,Enchantment,U,1,0,0,U,,0,242,0.0,0.0,0,1,0,1,0,1705.0,1324.0,1,1,1,0,1,12,3.52,8.36,0,Yuichi Murakami,2015
13c6101a-da40-4785-8ccb-4e779bbbdb55,Liquimetal Torque,mh2,Modern Horizons 2,draft_innovation,2021-06-18,uncommon,2.0,Artifact,Artifact,C,0,0,1,,,0,113,0.0,0.0,0,0,0,0,1,494.0,2674.0,1,1,1,0,0,6,3.52,4.75,0,Brian Snõddy,2015
ae9231fd-053d-4b84-a7a8-86063465bc49,Hylda of the Icy Crown,woe,Wilds of Eldraine,expansion,2023-09-08,mythic,4.0,Creature,Legendary Creature — Human Warlock,"U,W",2,1,0,"U,W",Scry,1,238,3.0,4.0,0,0,0,0,1,6398.0,,1,1,1,1,1,15,3.51,4.01,0,Ekaterina Burmak,2015
393a864c-caa0-4030-b8bd-be0bb967eb72,Back in Town,otc,Outlaws of Thunder Junction Commander,commander,2024-04-19,rare,3.0,Sorcery,Sorcery,B,1,0,0,B,,0,146,0.0,0.0,0,0,0,0,0,4046.0,,0,1,1,0,0,5,3.5,,0,Greg Staples,2015
d84e6fcf-4745-4dfb-9103-17beec4e45b6,Ashnod's Cylix,all,Alliances,expansion,1996-06-10,rare,2.0,Artifact,Artifact,C,0,0,1,,,0,139,0.0,0.0,1,0,0,0,1,25726.0,,0,1,1,0,0,8,3.49,,0,Nicola Leonard,1993
554741c3-e95b-4067-b5ce-ccd45836fce9,Aurora Awakener,pecl,Lorwyn Eclipsed Promos,promo,2026-01-23,mythic,7.0,Creature,Creature — Giant Druid,G,1,0,0,G,"Trample,Vivid",2,333,7.0,7.0,0,1,1,0,0,11914.0,,1,1,1,1,1,15,3.48,4.01,0,Paolo Parente,2015
bae6a5fb-39f5-4cf8-85f7-661cb4570507,Unexpected Windfall,afr,Adventures in the Forgotten Realms,expansion,2021-07-23,common,4.0,Instant,Instant,R,1,0,0,R,Treasure,1,185,0.0,0.0,0,0,0,0,1,301.0,3453.0,1,1,1,0,1,13,3.46,4.07,0,Alayna Danner,2015
9bc548e8-22d2-4acd-8673-4efcbc57e754,Blind Obedience,c16,Commander 2016,commander,2016-11-11,rare,2.0,Enchantment,Enchantment,W,1,0,0,W,Extort,1,182,0.0,0.0,0,1,0,0,0,468.0,5878.0,1,1,1,0,1,12,3.45,,0,Seb McKinnon,2015
2436aa14-9200-4295-8041-b682cf3c4216,Baldur's Gate,clb,Commander Legends: Battle for Baldur's Gate,draft_innovation,2022-06-10,rare,0.0,Land,Legendary Land — Gate,C,0,0,1,,,0,102,0.0,0.0,0,0,0,0,1,2349.0,,0,1,1,0,0,9,3.45,3.29,0,Titus Lunter,2015
2249fc40-4412-48fd-800a-7ea3678aee3f,Atog,atq,Antiquities,expansion,1994-03-04,common,2.0,Creature,Creature — Atog,R,1,0,0,R,,0,66,1.0,2.0,0,0,0,0,1,14570.0,3834.0,1,1,1,0,0,10,3.45,,0,Jesper Myrfors,1993
c2933144-c931-498a-9e91-f5165873c3b7,"Sorin, Grim Nemesis",soi,Shadows over Innistrad,expansion,2016-04-08,mythic,6.0,Planeswalker,Legendary Planeswalker — Sorin,"B,W",2,1,0,"B,W",,0,333,0.0,0.0,0,0,0,0,1,9030.0,1948.0,1,1,1,0,1,12,3.44,9.85,0,Eric Deschamps,2015
760d9a05-e0b9-4c26-b994-6b0eaf0af90e,Abstergo Entertainment,acr,Assassin's Creed,draft_innovation,2024-07-05,rare,0.0,Land,Legendary Land,C,0,0,1,,,0,239,0.0,0.0,0,0,0,0,0,2156.0,707.0,1,1,1,0,0,7,3.43,4.46,0,Alexander Gering,2015
11f9b98e-48a1-491e-bdab-6e94e4ec747a,"Chandra, Spark Hunter",dft,Aetherdrift,expansion,2025-02-14,mythic,4.0,Planeswalker,Legendary Planeswalker — Chandra,R,1,0,0,R,,0,404,0.0,0.0,0,0,0,0,1,7049.0,,1,1,1,1,1,15,3.43,3.68,0,Devin Elle Kurtz,2015
ff681dc2-bc62-4934-b936-49af1da4af6c,Animist's Awakening,c20,Commander 2020,commander,2020-04-17,rare,1.0,Sorcery,Sorcery,G,1,0,0,G,Spell mastery,1,272,0.0,0.0,0,1,0,0,0,3215.0,4085.0,1,1,1,0,1,8,3.42,,0,Chris Rahn,2015
38048d14-3463-4157-951f-1d68ec78a64e,Withering Torment,dsk,Duskmourn: House of Horror,expansion,2024-09-27,uncommon,3.0,Instant,Instant,B,1,0,0,B,,0,56,0.0,0.0,0,0,0,0,1,312.0,3655.0,1,1,1,1,1,15,3.41,4.33,0,Inkognit,2015
0784b6f0-9ebf-43d2-ba0f-a6bc93ba0c48,Phyrexian Arena,fdn,Foundations,core,2024-11-15,rare,3.0,Enchantment,Enchantment,B,1,0,0,B,,0,69,0.0,0.0,0,1,0,0,1,96.0,354.0,1,1,1,1,1,18,3.4,4.73,0,Svetlin Velinov,2015
cd853b51-906f-49ef-a21e-5716317af8fc,Barbara Wright,who,Doctor Who,commander,2023-10-13,rare,2.0,Creature,Legendary Creature — Human Advisor,W,1,0,0,W,"History Teacher,Doctor's companion",2,238,1.0,3.0,0,0,0,0,0,7085.0,,0,1,1,0,0,5,3.39,3.51,0,Irina Nordsol,2015
f90b3111-0a0d-4bc4-b4e2-fa9614b0ad7e,The Wandering Emperor,pneo,Kamigawa: Neon Dynasty Promos,promo,2022-02-18,mythic,4.0,Planeswalker,Legendary Planeswalker,W,1,0,0,W,Flash,1,340,0.0,0.0,0,1,1,0,0,5378.0,,1,1,1,0,1,11,3.39,3.96,0,Tommy Arnold,2015
e0bb39fb-29fc-4e69-9918-47277b8af0d3,Angelic Wall,p02,Portal Second Age,starter,1998-06-24,common,2.0,Creature,Creature — Wall,W,1,0,0,W,"Flying,Defender",2,45,0.0,4.0,0,0,0,0,1,8484.0,10936.0,1,1,1,0,1,12,3.38,,0,Rebecca Guay,1997
fa2920af-e6a1-4939-ab59-67af4430e5b8,Anger,jud,Judgment,expansion,2002-05-27,uncommon,4.0,Creature,Creature — Incarnation,R,1,0,0,R,Haste,1,109,2.0,2.0,0,0,0,0,1,364.0,,0,1,1,0,0,7,3.38,87.68,0,John Avon,1997
40339715-22d0-4f99-822b-a00d9824f27a,"Helga, Skittish Seer",blb,Bloomburrow,expansion,2024-08-02,mythic,3.0,Creature,Legendary Creature — Frog Druid,"G,U,W",3,1,0,"G,U,W",,0,311,1.0,3.0,0,0,0,0,1,4368.0,,1,1,1,1,1,15,3.37,6.17,0,Andrea Piparo,2015
dfd2628f-63c4-4e19-83ea-26041650faab,Aphetto Alchemist,ons,Onslaught,expansion,2002-10-07,uncommon,2.0,Creature,Creature — Human Wizard,U,1,0,0,U,Morph,1,156,1.0,2.0,0,0,0,0,1,5138.0,9172.0,0,1,1,0,0,7,3.37,30.0,0,Ron Spears,1997
4c139f30-5ecd-48fd-ae7c-ec2cc98889ff,Ancient Adamantoise,fin,Final Fantasy,expansion,2025-06-13,mythic,8.0,Creature,Creature — Turtle,G,1,0,0,G,"Vigilance,Treasure,Ward",3,260,8.0,20.0,0,0,0,0,1,5617.0,,1,1,1,1,1,15,3.37,6.38,0,Kevin Glint,2015
11040ecd-3153-4029-b42b-1441bc51ec34,Blasphemous Edict,fdn,Foundations,core,2024-11-15,rare,5.0,Sorcery,Sorcery,B,1,0,0,B,,0,173,0.0,0.0,0,0,0,0,1,550.0,9621.0,1,1,1,1,1,16,3.36,6.22,0,Andrew Mar,2015
728b802c-969b-4865-b7a0-871c585d097a,"Ardenn, Intrepid Archaeologist",cmr,Commander Legends,draft_innovation,2020-11-20,uncommon,3.0,Creature,Legendary Creature — Kor Scout,W,1,0,0,W,Partner,1,192,2.0,2.0,0,0,0,0,1,1650.0,,0,1,1,0,0,5,3.36,3.49,0,Jason Rainville,2015
1e90c638-d4b2-4243-bbc4-1cc10516c40f,"Arcades, the Strategist",m19,Core Set 2019,core,2018-07-13,mythic,4.0,Creature,Legendary Creature — Elder Dragon,"G,U,W",3,1,0,"G,U,W","Flying,Vigilance",2,241,3.0,5.0,0,0,0,0,1,5753.0,7820.0,1,1,1,0,1,12,3.35,25.13,0,Even Amundsen,2015
e175bba4-c131-48f4-8e31-16ec07a12e59,Propaganda,otc,Outlaws of Thunder Junction Commander,commander,2024-04-19,uncommon,3.0,Enchantment,Enchantment,U,1,0,0,U,,0,112,0.0,0.0,0,1,0,0,0,121.0,,1,1,1,0,0,8,3.34,,0,Clint Cearley,2015
8fbd18ce-0ac3-4b52-9cd0-0af7e0244207,"Sram, Senior Edificer",soc,Secrets of Strixhaven Commander,commander,2026-04-24,rare,2.0,Creature,Legendary Creature — Dwarf Advisor,W,1,0,0,W,,0,68,2.0,2.0,0,1,0,0,0,472.0,555.0,1,1,1,0,1,12,3.33,,0,Chris Rahn,2015
d96266b3-a7cb-40ce-a328-ac13719fe5f0,Soul Warden,mm3,Modern Masters 2017,masters,2017-03-17,common,1.0,Creature,Creature — Human Cleric,W,1,0,0,W,,0,50,1.0,1.0,0,1,0,0,1,511.0,1680.0,1,1,1,0,0,14,3.33,5.47,0,Randy Gallegos,2015
07b4a6dd-0e2f-43be-93c6-7578c34a9443,Drowned Catacomb,otc,Outlaws of Thunder Junction Commander,commander,2024-04-19,rare,0.0,Land,Land,"B,U",2,1,0,"B,U",,0,85,0.0,0.0,0,1,0,0,0,112.0,93.0,1,1,1,0,1,14,3.33,,0,Jung Park,2015
efa9d2dc-b3b8-4475-bbfc-2db457ee4ffd,Rishkar's Expertise,lcc,The Lost Caverns of Ixalan Commander,commander,2023-11-17,rare,6.0,Sorcery,Sorcery,G,1,0,0,G,,0,159,0.0,0.0,0,1,0,0,0,246.0,4995.0,1,1,1,0,1,12,3.32,,0,Magali Villeneuve,2015
b3bbecfc-0983-4ade-b00a-2bac2cad8d2f,Artifact Mutation,c20,Commander 2020,commander,2020-04-17,rare,2.0,Instant,Instant,"G,R",2,1,0,"G,R",,0,134,0.0,0.0,0,1,0,0,0,2303.0,,0,1,1,0,0,7,3.32,,0,Greg Staples,2015
de71e040-bf32-4469-bc18-567dace97dc8,Access Tunnel,otc,Outlaws of Thunder Junction Commander,commander,2024-04-19,uncommon,0.0,Land,Land,C,0,0,1,,,0,88,0.0,0.0,0,1,0,0,0,576.0,11451.0,1,1,1,0,1,11,3.3,,0,Alayna Danner,2015
0a508907-a127-45cd-898a-e936bc08391f,Ancient Den,c21,Commander 2021,commander,2021-04-23,common,0.0,Artifact,Artifact Land,W,1,0,0,W,,0,13,0.0,0.0,0,1,0,0,0,524.0,279.0,0,1,1,0,0,12,3.29,,0,Rob Alexander,2015
c767a897-52e3-4401-8104-930157bb2b02,Alchemist's Refuge,avr,Avacyn Restored,expansion,2012-05-04,rare,0.0,Land,Land,"G,U",2,1,0,"G,U",,0,82,0.0,0.0,0,0,0,0,1,1156.0,3312.0,1,1,1,0,0,7,3.29,11.52,0,Dan Murayama Scott,2003
dc01ee03-3817-4fd4-a93d-cd1121e62d95,"Minsc & Boo, Timeless Heroes",mb2,Mystery Booster 2,masters,2024-08-02,mythic,4.0,Planeswalker,Legendary Planeswalker — Minsc,"G,R",2,1,0,"G,R",,0,451,0.0,0.0,0,1,0,0,0,3603.0,,0,1,1,0,0,6,3.29,,0,Andreas Zafiratos,2015
e0c955a9-e853-44f7-b137-39f15117bb84,"Sorin, Imperious Bloodlord",inr,Innistrad Remastered,masters,2025-01-24,mythic,3.0,Planeswalker,Legendary Planeswalker — Sorin,B,1,0,0,B,,0,305,0.0,0.0,0,1,0,0,0,3943.0,,1,1,1,0,0,8,3.29,3.27,0,Chase Stone,1997
6e5baa27-3f6b-49bb-9927-5afc21b9cc3f,"Basandra, Battle Seraph",cma,Commander Anthology,commander,2017-06-09,rare,5.0,Creature,Legendary Creature — Angel,"R,W",2,1,0,"R,W",Flying,1,95,4.0,4.0,0,1,0,0,0,12200.0,10315.0,0,1,1,0,0,6,3.28,,0,Terese Nielsen,2015
ea7e4c65-b4c4-4795-9475-3cba71c50ea5,"Valki, God of Lies // Tibalt, Cosmic Impostor",khm,Kaldheim,expansion,2021-02-05,mythic,2.0,Creature,Legendary Creature — God // Legendary Planeswalker — Tibalt,"B,R",2,1,0,"B,R",,0,0,0.0,0.0,0,0,0,0,1,5608.0,,1,1,1,0,1,11,3.28,3.74,0,Yongjae Choi,2015
e3631ede-7703-4e84-aec0-b4880fdb3685,"Anowon, the Ruin Sage",c17,Commander 2017,commander,2017-08-25,rare,5.0,Creature,Legendary Creature — Vampire Shaman,B,1,0,0,B,,0,95,4.0,3.0,0,1,0,0,0,4853.0,10500.0,1,1,1,0,0,8,3.28,,0,Dan Murayama Scott,2015
03e9d584-2a61-4966-b2c1-f22e0dd94de6,"Huatli, Radiant Champion",sld,Secret Lair Drop,box,2024-07-29,mythic,4.0,Planeswalker,Legendary Planeswalker — Huatli,"G,W",2,1,0,"G,W",,0,254,0.0,0.0,0,1,0,1,0,8860.0,8345.0,1,1,1,0,1,12,3.26,,0,Nathaniel Himawan,2015
fe675f03-cbb5-4177-b7d7-64a30260ee2a,"Archangel Avacyn // Avacyn, the Purifier",inr,Innistrad Remastered,masters,2025-01-24,mythic,5.0,Creature,Legendary Creature — Angel // Legendary Creature — Angel,"R,W",2,1,0,"R,W","Flying,Vigilance,Transform,Flash",4,0,0.0,0.0,0,1,0,0,1,7291.0,2678.0,1,1,1,0,1,12,3.26,3.54,0,James Ryman,2015
34bdc973-db45-46a6-ac48-ce88fb59920a,Animation Module,kld,Kaladesh,expansion,2016-09-30,rare,1.0,Artifact,Artifact,C,0,0,1,,,0,271,0.0,0.0,0,0,0,0,1,4182.0,2298.0,1,1,1,0,1,12,3.25,4.68,0,Aaron Miller,2015
36298f9f-12cc-43bd-adda-ccabd67a9568,Aether Barrier,nem,Nemesis,expansion,2000-02-14,rare,3.0,Enchantment,Enchantment,U,1,0,0,U,,0,113,0.0,0.0,0,0,0,0,1,14361.0,,0,1,1,0,0,7,3.24,44.98,0,David Martin,1997
38b403e1-8c7e-45af-8d10-fceabbe79bfb,"Kaya, Ghost Assassin",plst,The List,masters,2021-02-05,mythic,4.0,Planeswalker,Legendary Planeswalker — Kaya,"B,W",2,1,0,"B,W",,0,267,0.0,0.0,0,1,0,0,1,14292.0,140.0,0,1,1,0,0,6,3.22,,0,Chris Rallis,2015
c3cb0fff-da50-40b9-9839-68cdf25a0193,Bane of Bala Ged,cmm,Commander Masters,masters,2023-08-04,uncommon,7.0,Creature,Creature — Eldrazi,C,0,0,1,,,0,84,7.0,5.0,0,1,0,0,0,3034.0,1307.0,1,1,1,0,1,11,3.21,,0,Chase Stone,2015
9995e0e6-7c9c-4fef-8fd2-8fb1622e6ec8,High Noon,otj,Outlaws of Thunder Junction,expansion,2024-04-19,rare,2.0,Enchantment,Enchantment,W,1,0,0,"R,W",,0,122,0.0,0.0,0,0,0,0,1,7149.0,,1,1,1,1,1,14,3.18,3.81,0,Eduardo Francisco,2015
fa019966-96e5-430d-976e-aed09c8a69e3,Access Denied,nec,Neon Dynasty Commander,commander,2022-02-18,rare,5.0,Instant,Instant,U,1,0,0,U,,0,126,0.0,0.0,0,0,0,0,0,3483.0,,0,1,1,0,0,5,3.16,,0,Johan Grenier,2015
a3cb782d-c459-468d-9779-9b5669abc337,Fell the Profane // Fell Mire,mh3,Modern Horizons 3,draft_innovation,2024-06-14,uncommon,4.0,Instant,Instant // Land,B,1,0,0,B,,0,0,0.0,0.0,0,0,0,0,1,228.0,,1,1,1,0,0,10,3.16,5.5,0,Yeong-Hao Han,2015
2e53b0b2-dba1-4a95-80c4-622ab1a547a4,"Atreus, Impulsive Son",sld,Secret Lair Drop,box,2025-10-27,mythic,3.0,Creature,Legendary Creature — God Archer,"R,U",2,1,0,"R,U","Reach,Partner",2,204,2.0,4.0,0,0,0,1,0,9265.0,,0,1,1,0,0,5,3.15,5.18,0,Nathaniel Himawan,2015
069f45a2-aef4-4b10-8107-3695370b276a,"Teferi, Hero of Dominaria",mb2,Mystery Booster 2,masters,2024-08-02,mythic,5.0,Planeswalker,Legendary Planeswalker — Teferi,"U,W",2,1,0,"U,W",,0,256,0.0,0.0,0,1,0,0,0,4244.0,149.0,1,1,1,0,1,12,3.13,,0,Chris Rallis,2015
bccedc4d-38c7-4bf3-9ca7-4febd6c49d3d,Ancestral Vision,tsp,Time Spiral,expansion,2006-10-06,rare,0.0,Sorcery,Sorcery,U,1,0,0,U,Suspend,1,271,0.0,0.0,0,0,0,0,1,3017.0,95.0,1,1,1,0,0,8,3.13,22.79,0,Mark Poole,2003
9e991c4c-bd6d-4cea-9a07-e69febf4ecc4,Archmage's Charm,sld,Secret Lair Drop,box,2026-02-09,rare,3.0,Instant,Instant,U,1,0,0,U,,0,139,0.0,0.0,0,1,0,1,0,1773.0,17.0,1,1,1,0,0,11,3.11,3.43,0,Lie Setiawan,2015
a0cc61ba-e91a-4b30-841c-cae8dd288b40,"Huatli, Warrior Poet",xln,Ixalan,expansion,2017-09-29,mythic,5.0,Planeswalker,Legendary Planeswalker — Huatli,"R,W",2,1,0,"R,W",,0,275,0.0,0.0,0,0,0,0,1,11962.0,4948.0,1,1,1,0,1,12,3.11,8.49,0,Tyler Jacobson,2015
b8d8e608-6de4-4b90-aeb7-d060d1f44844,Professor Onyx,dsc,Duskmourn: House of Horror Commander,commander,2024-09-27,mythic,6.0,Planeswalker,Legendary Planeswalker — Liliana,B,1,0,0,B,Magecraft,1,454,0.0,0.0,0,1,0,0,0,2416.0,,1,1,1,0,1,11,3.1,,0,Kieran Yanner,2015
ab19808f-a5b8-4dfd-800e-2064cd6538c8,Oracle of Mul Daya,eoc,Edge of Eternities Commander,commander,2025-08-01,rare,4.0,Creature,Creature — Elf Shaman,G,1,0,0,G,,0,152,2.0,2.0,0,1,0,0,0,479.0,1585.0,1,1,1,0,0,12,3.09,,0,Vance Kovacs,2015
738a81f8-78b5-4908-9f53-fb2d0ea9fcf7,Argentum Armor,gn3,Game Night: Free-for-All,box,2022-10-14,rare,6.0,Artifact,Artifact — Equipment,C,0,0,1,,Equip,1,101,0.0,0.0,0,1,0,0,0,2223.0,2854.0,1,1,1,0,0,8,3.09,,0,Matt Cavotta,2015
213ad4ba-5a36-4a90-bd0a-8f5fddca9c9b,Ascendant Evincar,hop,Planechase,planechase,2009-09-04,rare,6.0,Creature,Legendary Creature — Phyrexian Vampire Noble,B,1,0,0,B,Flying,1,144,3.0,3.0,0,1,0,0,0,10899.0,9935.0,1,1,1,0,0,9,3.09,,0,Mark Zug,2003
35e3a516-2989-4cac-892f-deb3d754ba7d,Kaya the Inexorable,khm,Kaldheim,expansion,2021-02-05,mythic,5.0,Planeswalker,Legendary Planeswalker — Kaya,"B,W",2,1,0,"B,W",,0,444,0.0,0.0,0,0,0,1,0,5659.0,4535.0,1,1,1,0,1,12,3.08,4.86,0,Livia Prima,2015
240448cd-c308-49ae-9e4b-0c35adc59fba,Blackblade Reforged,dmc,Dominaria United Commander,commander,2022-09-09,rare,2.0,Artifact,Legendary Artifact — Equipment,C,0,0,1,,Equip,1,94,0.0,0.0,0,1,0,0,0,328.0,4838.0,1,1,1,0,1,12,3.07,,0,Chris Rahn,2015
9e83a0ef-4fea-45ba-86c0-130d6687f7fe,Loran of the Third Path,mkc,Murders at Karlov Manor Commander,commander,2024-02-09,rare,3.0,Creature,Legendary Creature — Human Artificer,W,1,0,0,W,Vigilance,1,125,2.0,1.0,0,1,0,0,0,358.0,,1,1,1,0,1,11,3.07,,0,Steven Belledin,2015
357dd9b2-5d2d-49f6-86f0-f5c4d63474dd,Great Train Heist,otj,Outlaws of Thunder Junction,expansion,2024-04-19,rare,1.0,Instant,Instant,R,1,0,0,R,"Treasure,Spree",2,392,0.0,0.0,0,0,0,0,1,1089.0,8727.0,1,1,1,1,1,15,3.06,3.79,0,Campbell White,2015
a1e048e0-19d2-4076-892d-f8b3104dee37,Tireless Provisioner,moc,March of the Machine Commander,commander,2023-04-21,uncommon,3.0,Creature,Creature — Elf Scout,G,1,0,0,G,"Treasure,Food,Landfall",3,250,3.0,2.0,0,1,0,0,0,177.0,2072.0,1,1,1,0,0,10,3.06,,0,Josu Hernaiz,2015
e82e61d1-488d-4627-a54c-d8496a967814,"Toski, Bearer of Secrets",mkc,Murders at Karlov Manor Commander,commander,2024-02-09,rare,4.0,Creature,Legendary Creature — Squirrel,G,1,0,0,G,Indestructible,1,158,1.0,1.0,0,1,0,0,0,374.0,2837.0,1,1,1,0,1,12,3.06,,0,Jason Rainville,2015
2fb8dace-c604-40fc-bbd4-5add5deb041a,Alchemist's Talent,blc,Bloomburrow Commander,commander,2024-08-02,rare,4.0,Enchantment,Enchantment — Class,R,1,0,0,R,Treasure,1,383,0.0,0.0,0,0,0,0,0,2481.0,,0,1,1,0,0,5,3.05,,0,Milivoj Ćeran,2015
b89d9372-8682-4a61-a003-8bccfbb6cbb4,Sign in Blood,dsc,Duskmourn: House of Horror Commander,commander,2024-09-27,common,2.0,Sorcery,Sorcery,B,1,0,0,B,,0,47,0.0,0.0,0,1,0,0,0,227.0,421.0,1,1,1,0,1,14,3.05,,0,Howard Lyon,2015
5b5cd187-857a-44dd-8595-a52857a0b753,Pitiless Plunderer,lcc,The Lost Caverns of Ixalan Commander,commander,2023-11-17,uncommon,4.0,Creature,Creature — Human Pirate,B,1,0,0,B,Treasure,1,148,1.0,4.0,0,1,0,0,0,233.0,6805.0,1,1,1,0,1,11,3.05,,0,David Palumbo,2015
cd1deda0-c99d-4570-a5dd-f51eb5d12570,Karn Liberated,mm2,Modern Masters 2015,masters,2015-05-22,mythic,7.0,Planeswalker,Legendary Planeswalker — Karn,C,0,0,1,,,0,225,0.0,0.0,0,1,0,0,1,6788.0,,1,1,1,0,0,7,3.04,4.7,0,Jason Chan,2015
d1f629fb-b097-4240-8560-ef47f5678f48,Wizard Class,afr,Adventures in the Forgotten Realms,expansion,2021-07-23,uncommon,1.0,Enchantment,Enchantment — Class,U,1,0,0,U,,0,244,0.0,0.0,0,0,0,0,1,661.0,7556.0,1,1,1,0,1,9,3.02,3.29,0,Marta Nael,2015
658cfcb7-81b7-48c6-9dd2-1663d06108cf,Fountainport,blb,Bloomburrow,expansion,2024-08-02,rare,0.0,Land,Land,C,0,0,1,,Treasure,1,151,0.0,0.0,0,0,0,0,1,1045.0,,1,1,1,1,1,15,3.02,3.37,0,Leon Tukker,2015
62061e7c-cf19-4f03-b8fa-2bdba62d6b0b,Witch Enchanter // Witch-Blessed Meadow,mh3,Modern Horizons 3,draft_innovation,2024-06-14,uncommon,4.0,Creature,Creature — Human Warlock // Land,W,1,0,0,W,,0,0,0.0,0.0,0,0,0,0,1,340.0,,1,1,1,0,0,10,3.02,5.01,0,Tyler Walpole,2015
411bda96-6c65-475d-9850-0a9b3eefa553,Bloated Contaminator,one,Phyrexia: All Will Be One,expansion,2023-02-10,rare,3.0,Creature,Creature — Phyrexian Beast,G,1,0,0,G,"Toxic,Trample,Proliferate",3,267,4.0,4.0,0,0,0,0,1,2559.0,3591.0,1,1,1,0,1,12,3.0,2.89,0,Johann Bodin,2015
985e92f4-3904-41df-91f7-42eedbe3ccd2,"Nicol Bolas, God-Pharaoh",hou,Hour of Devastation,expansion,2017-07-14,mythic,7.0,Planeswalker,Legendary Planeswalker — Bolas,"B,R,U",3,1,0,"B,R,U",,0,397,0.0,0.0,0,0,0,0,1,5513.0,1871.0,1,1,1,0,1,12,2.97,5.6,0,Raymond Swanland,2015
c4a5770e-533d-479f-b469-1fbef08614c1,"Nicol Bolas, Dragon-God",war,War of the Spark,expansion,2019-05-03,mythic,5.0,Planeswalker,Legendary Planeswalker — Bolas,"B,R,U",3,1,0,"B,R,U",,0,314,0.0,0.0,0,0,0,0,1,4279.0,2287.0,1,1,1,0,1,12,2.93,37.49,0,Kaida Yuji,2015
e2a27742-08c1-4153-af7f-25a7a98f585e,Reliquary Tower,soc,Secrets of Strixhaven Commander,commander,2026-04-24,uncommon,0.0,Land,Land,C,0,0,1,,,0,44,0.0,0.0,0,1,0,0,0,10.0,3624.0,1,1,1,0,1,12,2.93,,0,Jesper Ejsing,2015
3892f1c5-937e-4ef4-b6f9-e0c0ded070d0,Supreme Verdict,clu,Ravnica: Clue Edition,draft_innovation,2024-02-23,rare,4.0,Sorcery,Sorcery,"U,W",2,1,0,"U,W",,0,53,0.0,0.0,0,1,0,0,0,464.0,96.0,1,1,1,0,1,12,2.92,,0,Sam Burley,2015
7305a8d3-5403-4483-92af-863dc91c6084,Dusk Legion Duelist,mom,March of the Machine,expansion,2023-04-21,rare,2.0,Creature,Creature — Vampire Soldier,W,1,0,0,W,Vigilance,1,127,2.0,2.0,0,0,0,0,1,2606.0,3341.0,1,1,1,0,1,12,2.91,2.56,0,Ryan Valle,2015
a7113c93-6c6d-410f-aeec-abc5ee121cdf,"Heliod, the Radiant Dawn // Heliod, the Warped Eclipse",mom,March of the Machine,expansion,2023-04-21,rare,4.0,Creature,Legendary Enchantment Creature — God // Legendary Enchantment Creature — Phyrexian God,"U,W",2,1,0,"U,W",Transform,1,0,0.0,0.0,0,0,0,0,1,3094.0,2178.0,1,1,1,0,1,12,2.91,2.93,0,Victor Adame Minguez,2015
81669ca8-3f20-45e6-b088-65969dcd93d1,Patchwork Banner,soc,Secrets of Strixhaven Commander,commander,2026-04-24,uncommon,3.0,Artifact,Artifact,C,0,0,1,,,0,132,0.0,0.0,0,1,0,0,0,245.0,8557.0,1,1,1,1,1,15,2.88,,0,Sarah Finnigan,2015
1f2bf6ba-cd1a-4382-9572-6dfbcf6ed0c6,"Eluge, the Shoreless Sea",blb,Bloomburrow,expansion,2024-08-02,mythic,4.0,Creature,Legendary Creature — Elemental Fish,U,1,0,0,U,,0,381,,,0,0,0,0,1,3117.0,2218.0,1,1,1,1,1,16,2.88,3.88,0,Chase Stone,2015
ce89ded2-db31-43c0-b00c-999d5d3fa5c6,Sarkhan Vol,ala,Shards of Alara,expansion,2008-10-03,mythic,4.0,Planeswalker,Legendary Planeswalker — Sarkhan,"G,R",2,1,0,"G,R",,0,239,0.0,0.0,0,0,0,0,1,15376.0,6159.0,1,1,1,0,0,8,2.87,8.13,0,Daarken,2003
e4581455-5fa1-4c96-96b3-e9e9654f5a28,"Urza, Academy Headmaster",ust,Unstable,funny,2017-12-08,mythic,5.0,Planeswalker,Legendary Planeswalker — Urza,"B,G,R,U,W",5,1,0,"B,G,R,U,W",,0,113,0.0,0.0,0,0,0,0,1,,,0,0,0,0,0,0,2.87,29.85,0,Terese Nielsen,2015
00d001d0-fd29-4b7c-9d0e-9131b995f910,Gray Merchant of Asphodel,dsc,Duskmourn: House of Horror Commander,commander,2024-09-27,uncommon,5.0,Creature,Creature — Zombie,B,1,0,0,B,,0,229,2.0,4.0,0,1,0,0,0,243.0,831.0,1,1,1,0,1,13,2.87,,0,Scott Murphy,2015
50c1d6ca-7789-46b5-bc89-85cc3915cb85,Ruinous Ultimatum,iko,Ikoria: Lair of Behemoths,expansion,2020-04-24,rare,7.0,Sorcery,Sorcery,"B,R,W",3,1,0,"B,R,W",,0,54,0.0,0.0,0,0,0,0,1,630.0,6272.0,1,1,1,0,1,12,2.81,3.07,0,Chase Stone,2015
35a69bb5-b8e6-4558-9563-10c7a3662f93,Welcoming Vampire,tdc,Tarkir: Dragonstorm Commander,commander,2025-04-11,rare,3.0,Creature,Creature — Vampire,W,1,0,0,W,Flying,1,139,2.0,3.0,0,1,0,0,0,431.0,8223.0,1,1,1,0,1,11,2.79,,0,Lorenzo Mastroianni,2015
8ac39c01-127f-4471-bc74-11a90c48e306,Ghost Vacuum,dsk,Duskmourn: House of Horror,expansion,2024-09-27,rare,1.0,Artifact,Artifact,C,0,0,1,,,0,282,0.0,0.0,0,0,0,0,1,3909.0,,1,1,1,1,1,15,2.78,2.98,0,David Szabo,2015
f96223d0-04c4-40c2-87a9-0c6bc74adddb,"Braids, Arisen Nightmare",eoc,Edge of Eternities Commander,commander,2025-08-01,rare,3.0,Creature,Legendary Creature — Nightmare,B,1,0,0,B,,0,288,3.0,3.0,0,1,0,0,0,290.0,790.0,1,1,1,0,1,12,2.76,,0,Heonhwa,2015
1d7474fc-0042-4be9-81f3-5f66f4b16740,"Sorin of House Markov // Sorin, Ravenous Neonate",mh3,Modern Horizons 3,draft_innovation,2024-06-14,mythic,2.0,Creature,Legendary Creature — Human Noble // Legendary Planeswalker — Sorin,"B,W",2,1,0,"B,W","Lifelink,Extort,Transform,Food",4,0,0.0,0.0,0,0,0,0,1,3785.0,,1,1,1,0,0,10,2.75,4.15,0,Matt Stewart,2015
9d48aaff-46ab-411b-9456-171d4709f951,Fear of Missing Out,dsk,Duskmourn: House of Horror,expansion,2024-09-27,rare,2.0,Creature,Enchantment Creature — Nightmare,R,1,0,0,R,Delirium,1,278,2.0,3.0,0,0,0,0,1,2703.0,,1,1,1,1,1,15,2.71,3.93,0,John Stanko,2015
bc0de77a-c503-4000-9eb5-aa28a5e91082,Mystic Forge,cmm,Commander Masters,masters,2023-08-04,rare,4.0,Artifact,Artifact,C,0,0,1,,,0,187,0.0,0.0,0,1,0,0,0,426.0,1203.0,1,1,1,0,1,11,2.71,,0,Titus Lunter,2015
f6c8e0b5-218e-41dd-8b09-2d4aaec2c979,Talisman of Dominance,mkc,Murders at Karlov Manor Commander,commander,2024-02-09,uncommon,2.0,Artifact,Artifact,"B,U",2,1,0,"B,U",,0,71,0.0,0.0,0,1,0,0,0,90.0,,1,1,1,0,0,11,2.7,,0,Mike Dringenberg,2015
dfbda387-3c7d-4c80-97c3-60c9d4757244,Mana Geyser,soc,Secrets of Strixhaven Commander,commander,2026-04-24,common,5.0,Sorcery,Sorcery,R,1,0,0,R,,0,52,0.0,0.0,0,1,0,0,0,336.0,12690.0,1,1,1,0,0,8,2.7,,0,Martina Pilcerova,2015
6db45698-9da9-4cea-b9bf-0f84ab276b51,Open the Armory,cmr,Commander Legends,draft_innovation,2020-11-20,uncommon,2.0,Sorcery,Sorcery,W,1,0,0,W,,0,98,0.0,0.0,0,1,0,0,1,668.0,2948.0,1,1,1,0,1,11,2.69,3.56,0,Steve Prescott,2015
0f3c8470-1cc8-4383-8782-c022867d46e8,"Tezzeret, Agent of Bolas",mbs,Mirrodin Besieged,expansion,2011-02-04,mythic,4.0,Planeswalker,Legendary Planeswalker — Tezzeret,"B,U",2,1,0,"B,U",,0,369,0.0,0.0,0,0,0,0,1,13558.0,2571.0,1,1,1,0,0,7,2.68,20.81,0,Aleksi Briclot,2003
99cfd1a8-49fd-4cc0-96f2-f9f159ce5d55,Hardened Scales,soc,Secrets of Strixhaven Commander,commander,2026-04-24,rare,1.0,Enchantment,Enchantment,G,1,0,0,G,,0,126,0.0,0.0,0,1,0,0,0,199.0,443.0,1,1,1,0,1,12,2.66,,0,Mark Winters,2015
5ddf44fe-9e4e-42a6-a6f8-11ada3ce8a94,Emerald Medallion,mh3,Modern Horizons 3,draft_innovation,2024-06-14,rare,2.0,Artifact,Artifact,C,0,0,1,,,0,44,0.0,0.0,0,1,0,0,1,615.0,8715.0,1,1,1,0,0,13,2.65,3.1,0,Daniel Ljunggren,2015
1d58d08d-cd62-416d-8d8e-7d9c56d5c4da,Evolution Sage,ecc,Lorwyn Eclipsed Commander,commander,2026-01-23,uncommon,3.0,Creature,Creature — Elf Druid,G,1,0,0,G,"Proliferate,Landfall",2,168,3.0,2.0,0,1,0,0,0,402.0,3965.0,1,1,1,0,1,11,2.65,,0,Simon Dominic,2015
59dedcb3-6c03-4484-a493-e6f808a33ead,Elspeth Tirel,onc,Phyrexia: All Will Be One Commander,commander,2023-02-10,mythic,5.0,Planeswalker,Legendary Planeswalker — Elspeth,W,1,0,0,W,,0,164,0.0,0.0,0,1,0,0,0,5115.0,2884.0,1,1,1,0,0,8,2.62,,0,Michael Komarck,2015
39e83502-2ffd-4169-94e3-116701323ed5,Hedge Shredder,dsk,Duskmourn: House of Horror,expansion,2024-09-27,rare,4.0,Artifact,Artifact — Vehicle,G,1,0,0,G,"Crew,Mill",2,309,5.0,5.0,0,0,0,0,1,1362.0,6299.0,1,1,1,1,1,16,2.56,3.14,0,Cristi Balanescu,2015
6b764e0d-ded0-4036-83b1-de49c6ee8f7e,"Chandra, Legacy of Fire",cmm,Commander Masters,masters,2023-08-04,rare,5.0,Planeswalker,Legendary Planeswalker — Chandra,R,1,0,0,R,,0,334,0.0,0.0,0,0,0,0,0,6710.0,,0,1,1,0,0,5,2.55,,0,Chris Rahn,2015
a128e6d1-b90f-45a1-b587-f8c29bd0ec8c,Charred Foyer // Warped Space,dsk,Duskmourn: House of Horror,expansion,2024-09-27,mythic,10.0,Enchantment,Enchantment — Room // Enchantment — Room,R,1,0,0,R,,0,0,0.0,0.0,0,0,0,0,1,2956.0,8703.0,1,1,1,1,1,16,2.5,3.1,0,Andrew Mar,2015
08fa38c0-353c-4f6a-b87e-3f6366af44d8,Unnatural Growth,inr,Innistrad Remastered,masters,2025-01-24,rare,5.0,Enchantment,Enchantment,G,1,0,0,G,,0,111,0.0,0.0,0,1,0,0,1,451.0,12852.0,1,1,1,0,1,12,2.5,3.51,0,Svetlin Velinov,2015
cf01af2c-68e5-4bb5-81de-f3a1b860fb2e,Bolt Bend,fdn,Foundations,core,2024-11-15,uncommon,4.0,Instant,Instant,R,1,0,0,R,,0,151,0.0,0.0,0,1,0,0,0,593.0,10957.0,1,1,1,1,1,15,2.48,,0,Svetlin Velinov,2015
7be5b866-d479-4698-98b2-87a973f6b8f6,"Zariel, Archduke of Avernus",afr,Adventures in the Forgotten Realms,expansion,2021-07-23,mythic,4.0,Planeswalker,Legendary Planeswalker — Zariel,R,1,0,0,R,,0,342,0.0,0.0,0,0,0,0,1,5958.0,12470.0,1,1,1,0,1,12,2.46,2.57,0,Heonhwa,2015
b5275d76-2947-4219-be21-614c7421614a,Blood Artist,soc,Secrets of Strixhaven Commander,commander,2026-04-24,uncommon,2.0,Creature,Creature — Vampire,B,1,0,0,B,,0,96,0.0,1.0,0,1,0,0,0,144.0,1136.0,1,1,1,0,0,8,2.44,,0,L.A. Draws,2015
e329a3e2-6702-4758-8aac-c3017e77b619,"Liliana, Waker of the Dead",m21,Core Set 2021,core,2020-07-03,mythic,4.0,Planeswalker,Legendary Planeswalker — Liliana,B,1,0,0,B,,0,339,0.0,0.0,0,0,0,0,1,5525.0,3064.0,1,1,1,0,1,12,2.4,2.82,0,Anna Steinbauer,2015
e056904d-4bd6-41c9-93e9-6cd4860dbfcb,Dack Fayden,mb2,Mystery Booster 2,masters,2024-08-02,mythic,3.0,Planeswalker,Legendary Planeswalker — Dack,"R,U",2,1,0,"R,U",,0,222,0.0,0.0,0,1,0,0,0,6676.0,,0,1,1,0,0,9,2.39,,0,Eric Deschamps,2015
e781b55f-6388-4ab8-be74-7c56eaba1c4d,Vandalblast,otc,Outlaws of Thunder Junction Commander,commander,2024-04-19,uncommon,1.0,Sorcery,Sorcery,R,1,0,0,R,Overload,1,157,0.0,0.0,0,1,0,0,0,98.0,2230.0,1,1,1,0,1,7,2.38,,0,Seb McKinnon,2015
50b9575a-53d9-4df7-b86c-cda021107d3f,Into the Flood Maw,blb,Bloomburrow,expansion,2024-08-02,uncommon,1.0,Instant,Instant,U,1,0,0,U,Gift,1,339,0.0,0.0,0,0,0,0,1,819.0,,1,1,1,1,1,15,2.37,3.11,0,Danny Schwartz,2015
f46ac55f-d68e-4d5d-af0a-3879f97f705e,Enduring Courage,dsk,Duskmourn: House of Horror,expansion,2024-09-27,rare,4.0,Creature,Enchantment Creature — Dog Glimmer,R,1,0,0,R,,0,244,3.0,3.0,0,0,0,0,1,1212.0,4256.0,1,1,1,1,1,16,2.35,2.62,0,Yigit Koroglu,2015
5dabdea9-2015-49b9-853d-4f7e1262eab3,"Kaito, Cunning Infiltrator",fdn,Foundations,core,2024-11-15,mythic,3.0,Planeswalker,Legendary Planeswalker — Kaito,U,1,0,0,U,,0,350,0.0,0.0,0,0,0,0,1,4515.0,1753.0,1,1,1,1,1,16,2.35,4.2,0,Evyn Fong,2015
c7bbb911-9de2-455d-9677-e1004db65dbd,"Chandra, Torch of Defiance",ss3,Signature Spellbook: Chandra,spellbook,2020-06-26,mythic,4.0,Planeswalker,Legendary Planeswalker — Chandra,R,1,0,0,R,,0,279,0.0,0.0,0,1,0,0,0,1439.0,,1,1,1,0,1,11,2.35,6.85,0,Magali Villeneuve,2015
da7ae8e0-cb6b-4386-8a30-9527d1af9be5,Storm-Kiln Artist,soc,Secrets of Strixhaven Commander,commander,2026-04-24,uncommon,4.0,Creature,Creature — Dwarf Shaman,R,1,0,0,R,"Treasure,Magecraft",2,227,2.0,2.0,0,1,0,0,0,231.0,6708.0,1,1,1,0,1,11,2.34,,0,Manuel Castañón,2015
78897104-80e1-4d8a-9958-145b40f679e8,Deathcap Glade,sos,Secrets of Strixhaven,expansion,2026-04-24,rare,0.0,Land,Land,"B,G",2,1,0,"B,G",,0,88,0.0,0.0,0,1,0,0,0,447.0,,1,1,1,0,1,11,2.31,2.11,0,Piotr Dura,2015
64a2809e-c441-416c-90ff-6fb1e246dff3,Relic of Legends,dmu,Dominaria United,expansion,2022-09-09,uncommon,3.0,Artifact,Artifact,C,0,0,1,,,0,106,0.0,0.0,0,0,0,0,1,570.0,8372.0,1,1,1,0,1,11,2.31,3.79,0,Titus Lunter,2015
3e7ce2ee-2ebc-4336-a9f3-02380ea9784b,"Vivien, Monsters' Advocate",iko,Ikoria: Lair of Behemoths,expansion,2020-04-24,mythic,5.0,Planeswalker,Legendary Planeswalker — Vivien,G,1,0,0,G,,0,401,0.0,0.0,0,0,0,1,0,5981.0,4000.0,1,1,1,0,1,11,2.3,5.67,0,Kev Walker,2015
0aa97506-b943-4443-96b1-1b49f57d80aa,Inga and Esika,mom,March of the Machine,expansion,2023-04-21,rare,4.0,Creature,Legendary Creature — Human God,"G,U",2,1,0,"G,U",,0,229,4.0,4.0,0,0,0,0,1,2299.0,9239.0,1,1,1,0,1,12,2.28,2.9,0,Wayne Reynolds,2015
644fb0ed-f434-4cc4-b7e9-a60db5ece2b7,Overgrown Farmland,tdc,Tarkir: Dragonstorm Commander,commander,2025-04-11,rare,0.0,Land,Land,"G,W",2,1,0,"G,W",,0,88,0.0,0.0,0,1,0,0,0,292.0,1838.0,1,1,1,0,1,12,2.27,,0,Jonas De Ro,2015
959ce13f-519f-4472-bbd1-f26a972723d7,Gideon of the Trials,akh,Amonkhet,expansion,2017-04-28,mythic,3.0,Planeswalker,Legendary Planeswalker — Gideon,W,1,0,0,W,,0,382,0.0,0.0,0,0,0,0,1,10470.0,1098.0,1,1,1,0,1,12,2.24,2.43,0,Izzy,2015
01cc9536-f710-4c47-9e3f-d7e83cc888f2,Rakdos Signet,dsc,Duskmourn: House of Horror Commander,commander,2024-09-27,uncommon,2.0,Artifact,Artifact,"B,R",2,1,0,"B,R",,0,21,0.0,0.0,0,1,0,0,0,155.0,1563.0,1,1,1,0,0,13,2.24,,0,Martina Pilcerova,2015
1246c42d-57c0-4cba-959a-15ad89d8a50b,Maskwood Nexus,clb,Commander Legends: Battle for Baldur's Gate,draft_innovation,2022-06-10,rare,4.0,Artifact,Artifact,C,0,0,1,,,0,256,0.0,0.0,0,1,0,0,0,481.0,12695.0,1,1,1,0,1,12,2.23,,0,Jason A. Engle,2015
861caabb-0573-4e94-8b03-342f90465064,Blooming Marsh,otj,Outlaws of Thunder Junction,expansion,2024-04-19,rare,0.0,Land,Land,"B,G",2,1,0,"B,G",,0,89,0.0,0.0,0,1,0,0,1,1515.0,,1,1,1,1,1,14,2.22,2.01,0,Yeong-Hao Han,2015
dcdea659-ecaf-4abe-be0f-64e105abb104,Rockfall Vale,tdc,Tarkir: Dragonstorm Commander,commander,2025-04-11,rare,0.0,Land,Land,"G,R",2,1,0,"G,R",,0,88,0.0,0.0,0,1,0,0,0,210.0,524.0,1,1,1,0,1,12,2.13,,0,Muhammad Firdaus,2015
d8f8a324-006d-4cb8-9816-620a603b4229,Puresteel Paladin,cmm,Commander Masters,masters,2023-08-04,rare,2.0,Creature,Creature — Human Knight,W,1,0,0,W,Metalcraft,1,160,2.0,2.0,0,1,0,0,1,623.0,,1,1,1,0,0,7,2.12,2.73,0,Jason Chan,2015
cc7ff5f4-a7cc-41a1-a22b-8cf67ad18707,Sorin the Mirthless,vow,Innistrad: Crimson Vow,expansion,2021-11-19,mythic,4.0,Planeswalker,Legendary Planeswalker — Sorin,B,1,0,0,B,,0,274,0.0,0.0,0,0,0,0,1,7566.0,,1,1,1,0,1,11,2.09,2.86,0,Martina Fačková,2015
ef662b92-5a7f-48c9-bcc1-14b55e091aef,Dreamroot Cascade,sos,Secrets of Strixhaven,expansion,2026-04-24,rare,0.0,Land,Land,"G,U",2,1,0,"G,U",,0,88,0.0,0.0,0,1,0,0,0,185.0,,1,1,1,0,1,11,2.09,1.86,0,Marco Gorlei,2015
1bd3fa8a-6c50-4f7f-9ae3-0810eec5e3db,Reprieve,ltr,The Lord of the Rings: Tales of Middle-earth,draft_innovation,2023-06-23,uncommon,2.0,Instant,Instant,W,1,0,0,W,,0,53,0.0,0.0,0,0,0,0,1,665.0,,1,1,1,0,0,10,2.07,2.22,0,Justyna Dura,2015
bd3ae4fa-4c97-410a-8c0a-bd203342595d,Stormcarved Coast,sos,Secrets of Strixhaven,expansion,2026-04-24,rare,0.0,Land,Land,"R,U",2,1,0,"R,U",,0,88,0.0,0.0,0,1,0,0,0,220.0,144.0,1,1,1,0,1,11,2.06,8.57,0,Leon Tukker,2015
1969b151-3192-4d35-80ca-c4e180601ec8,Swiftfoot Boots,tdc,Tarkir: Dragonstorm Commander,commander,2025-04-11,uncommon,2.0,Artifact,Artifact — Equipment,C,0,0,1,,Equip,1,259,0.0,0.0,0,1,0,0,0,12.0,2877.0,1,1,1,1,1,15,2.05,,0,Svetlin Velinov,2015
d650dd8c-edd8-44e4-ae95-aaaf84557a72,Diabolic Tutor,cma,Commander Anthology,commander,2017-06-09,uncommon,4.0,Sorcery,Sorcery,B,1,0,0,B,,0,75,0.0,0.0,0,1,0,0,0,444.0,2395.0,1,1,1,0,1,10,2.05,,0,Greg Staples,2015
b34000e9-ff20-4fb4-9d0b-03a172a92457,Sundown Pass,sos,Secrets of Strixhaven,expansion,2026-04-24,rare,0.0,Land,Land,"R,W",2,1,0,"R,W",,0,88,0.0,0.0,0,1,0,0,0,313.0,,1,1,1,0,1,11,2.02,3.94,0,Sergey Glushakov,2015
69d0f5bd-ccea-49b2-bd79-ad5e4d850cf5,Wishclaw Talisman,fdn,Foundations,core,2024-11-15,rare,2.0,Artifact,Artifact,B,1,0,0,B,,0,249,0.0,0.0,0,1,0,0,0,506.0,743.0,1,1,1,1,1,16,2.0,,0,Daarken,2015
5ea568df-04a1-4012-98ec-ba75e189e0ca,Utopia Sprawl,rvr,Ravnica Remastered,masters,2024-01-12,uncommon,1.0,Enchantment,Enchantment — Aura,G,1,0,0,G,Enchant,1,161,0.0,0.0,0,1,0,0,1,333.0,,1,1,1,0,0,13,1.99,1.61,0,Ron Spears,2015
bcbda15b-e49a-4445-a0e1-f221aa82c1e8,Darkslick Shores,one,Phyrexia: All Will Be One,expansion,2023-02-10,rare,0.0,Land,Land,"B,U",2,1,0,"B,U",,0,89,0.0,0.0,0,1,0,0,1,1331.0,125.0,1,1,1,0,1,13,1.98,1.87,0,Aaron Miller,2015
a564c2e8-f49f-4ed7-850f-7c8bc92e4926,Phyrexian Metamorph,eoc,Edge of Eternities Commander,commander,2025-08-01,rare,4.0,Creature,Artifact Creature — Phyrexian Shapeshifter,U,1,0,0,U,,0,193,0.0,0.0,0,1,0,0,0,298.0,1934.0,1,1,1,0,0,12,1.96,,0,Jana Schirmer & Johannes Voss,2015
8b2699d2-2057-4fbf-8e52-736fcfe2759d,Big Score,soc,Secrets of Strixhaven Commander,commander,2026-04-24,common,4.0,Instant,Instant,R,1,0,0,R,Treasure,1,185,0.0,0.0,0,1,0,0,0,170.0,2021.0,1,1,1,0,1,13,1.95,,0,Gaboleps,2015
175eb155-7262-4c2e-85c3-e0cc9be855e5,Blasphemous Act,soc,Secrets of Strixhaven Commander,commander,2026-04-24,rare,9.0,Sorcery,Sorcery,R,1,0,0,R,,0,121,0.0,0.0,0,1,0,0,0,23.0,3005.0,1,1,1,0,0,10,1.95,,0,Justine Cruz,2015
f511830b-1c1f-4d30-aa5d-4314726d142e,Viscera Seer,soc,Secrets of Strixhaven Commander,commander,2026-04-24,common,1.0,Creature,Creature — Vampire Wizard,B,1,0,0,B,Scry,1,106,1.0,1.0,0,1,0,0,0,256.0,1115.0,1,1,1,0,0,9,1.95,,0,John Stanko,2015
a146ea07-ec1c-448d-b67a-dd9f9e27c2e0,"Chandra, Hope's Beacon",mom,March of the Machine,expansion,2023-04-21,mythic,6.0,Planeswalker,Legendary Planeswalker — Chandra,R,1,0,0,R,,0,394,0.0,0.0,0,0,0,0,1,3939.0,1890.0,1,1,1,0,1,12,1.95,2.37,0,Kieran Yanner,2015
aaecd005-b849-4e75-a8e0-24231bf2a0c9,Second Harvest,inr,Innistrad Remastered,masters,2025-01-24,rare,4.0,Instant,Instant,G,1,0,0,G,,0,75,0.0,0.0,0,1,0,0,1,587.0,8465.0,1,1,1,0,1,12,1.95,3.46,0,Matt Stewart,2015
ff79c845-4115-4fbf-b20f-37470f2bf7fb,Demonic Counsel,dsk,Duskmourn: House of Horror,expansion,2024-09-27,rare,2.0,Sorcery,Sorcery,B,1,0,0,B,Delirium,1,243,0.0,0.0,0,0,0,0,1,1928.0,2663.0,1,1,1,1,1,16,1.95,2.72,0,Babs Webb,2015
077392b3-6b06-46c8-8737-51e85f690448,Cursed Mirror,soc,Secrets of Strixhaven Commander,commander,2026-04-24,rare,3.0,Artifact,Artifact,R,1,0,0,R,,0,143,0.0,0.0,0,1,0,0,0,448.0,5015.0,1,1,1,0,0,11,1.95,,0,David Gaillet,2015
d0f42a19-c180-45b1-9f4c-787cf3a4a649,Psychosis Crawler,mkc,Murders at Karlov Manor Commander,commander,2024-02-09,rare,5.0,Creature,Artifact Creature — Phyrexian Horror,C,0,0,1,,,0,145,,,0,1,0,0,0,450.0,11339.0,1,1,1,0,0,12,1.92,,0,Stephan Martiniere,2015
18c16872-3675-4a4d-962a-2e17ad6f3886,"Rowan, Scholar of Sparks // Will, Scholar of Frost",stx,Strixhaven: School of Mages,expansion,2021-04-23,mythic,3.0,Planeswalker,Legendary Planeswalker — Rowan // Legendary Planeswalker — Will,"R,U",2,1,0,"R,U",,0,0,0.0,0.0,0,0,0,0,1,10732.0,3948.0,1,1,1,0,1,9,1.91,1.85,0,Magali Villeneuve,2015
22017ec2-3552-4865-af76-dba042b141f5,Karn's Bastion,eoc,Edge of Eternities Commander,commander,2025-08-01,rare,0.0,Land,Land,C,0,0,1,,Proliferate,1,145,0.0,0.0,0,1,0,0,0,198.0,3229.0,1,1,1,0,1,12,1.91,,0,Adam Paquette,2015
385b9f5e-81dd-49f6-a644-59d53245e3dc,Fellwar Stone,soc,Secrets of Strixhaven Commander,commander,2026-04-24,uncommon,2.0,Artifact,Artifact,C,0,0,1,,,0,78,0.0,0.0,0,1,0,0,0,18.0,,1,1,1,0,0,10,1.9,,0,John Avon,2015
4b63c228-3265-4029-9bc0-36b3e31dfb53,"Kiora, Master of the Depths",bfz,Battle for Zendikar,expansion,2015-10-02,mythic,4.0,Planeswalker,Legendary Planeswalker — Kiora,"G,U",2,1,0,"G,U",Fight,1,382,0.0,0.0,0,0,0,0,1,8631.0,4554.0,1,1,1,0,1,8,1.89,8.65,0,Jason Chan,2015
e69d760c-48fb-4e7f-8611-547b0c22928c,Muddle the Mixture,rvr,Ravnica Remastered,masters,2024-01-12,uncommon,2.0,Instant,Instant,U,1,0,0,U,Transmute,1,239,0.0,0.0,0,1,0,0,1,651.0,1426.0,1,1,1,0,0,9,1.87,2.54,0,Luca Zontini,2015
84056124-1a6f-4274-bee2-74cf0debddb5,Damn,lcc,The Lost Caverns of Ixalan Commander,commander,2023-11-17,rare,2.0,Sorcery,Sorcery,B,1,0,0,"B,W",Overload,1,194,0.0,0.0,0,1,0,0,0,331.0,41.0,1,1,1,0,0,11,1.87,,0,Lucas Graciano,2015
36a5fc37-e7bd-41a9-88ac-74a3f14fea8b,"Ashiok, Sculptor of Fears",thb,Theros Beyond Death,expansion,2020-01-24,mythic,6.0,Planeswalker,Legendary Planeswalker — Ashiok,"B,U",2,1,0,"B,U",Mill,1,193,0.0,0.0,0,0,0,0,0,11290.0,10939.0,1,1,1,0,1,12,1.86,2.32,0,Daarken,2015
4131fa63-5afc-4b63-a4b4-f47b4bced87f,Pongify,tdc,Tarkir: Dragonstorm Commander,commander,2025-04-11,uncommon,1.0,Instant,Instant,U,1,0,0,U,,0,104,0.0,0.0,0,1,0,0,0,160.0,3743.0,1,1,1,0,0,7,1.86,,0,Heather Hudson,2015
5aa0c810-3b7d-4661-979e-e84fb327742d,Shattered Sanctum,sos,Secrets of Strixhaven,expansion,2026-04-24,rare,0.0,Land,Land,"B,W",2,1,0,"B,W",,0,88,0.0,0.0,0,1,0,0,0,323.0,,1,1,1,0,1,11,1.82,5.64,0,Sergey Glushakov,2015
b910c6a1-7701-45f1-9dc8-4a3e8a8f023e,"Chandra, Fire of Kaladesh // Chandra, Roaring Flame",plst,The List,masters,2020-09-26,mythic,3.0,Creature,Legendary Creature — Human Shaman // Legendary Planeswalker — Chandra,R,1,0,0,R,Transform,1,0,0.0,0.0,0,1,0,0,0,9755.0,4194.0,1,1,1,0,1,8,1.82,,0,Eric Deschamps,2015
1441fba4-fe06-4b5f-a103-aa6cf59a3859,Blackcleave Cliffs,one,Phyrexia: All Will Be One,expansion,2023-02-10,rare,0.0,Land,Land,"B,R",2,1,0,"B,R",,0,89,0.0,0.0,0,1,0,0,1,1048.0,123.0,1,1,1,0,1,13,1.81,1.7,0,Yeong-Hao Han,2015
1c3f0ffe-cf51-4c30-8cd5-9e3c7e92c019,"Elas il-Kor, Sadistic Pilgrim",dmu,Dominaria United,expansion,2022-09-09,uncommon,2.0,Creature,Legendary Creature — Phyrexian Kor Cleric,"B,W",2,1,0,"B,W",Deathtouch,1,145,2.0,2.0,0,0,0,0,1,589.0,1378.0,1,1,1,0,1,11,1.81,2.7,0,G-host Lee,2015
cbb081ca-75ab-40e4-b071-50ed387c90e4,Overwhelming Stampede,dsc,Duskmourn: House of Horror Commander,commander,2024-09-27,rare,5.0,Sorcery,Sorcery,G,1,0,0,G,,0,127,0.0,0.0,0,1,0,0,0,549.0,4441.0,1,1,1,0,0,8,1.7,,0,Steven Belledin,2015
354fe9bd-4ec8-409c-8ce5-b29393f3d169,"Sorin, Vengeful Bloodlord",war,War of the Spark,expansion,2019-05-03,rare,4.0,Planeswalker,Legendary Planeswalker — Sorin,"B,W",2,1,0,"B,W",,0,280,0.0,0.0,0,0,0,0,1,4942.0,857.0,1,1,1,0,1,12,1.68,2.74,0,Tommy Arnold,2015
80b3e815-0e2e-4325-b1d5-5531b7b92da6,Fecund Greenshell,blb,Bloomburrow,expansion,2024-08-02,rare,5.0,Creature,Creature — Elemental Turtle,G,1,0,0,G,Reach,1,318,4.0,6.0,0,0,0,0,1,2857.0,4802.0,1,1,1,1,1,16,1.68,1.45,0,Kisung Koh,2015
b2bf633e-0470-4b87-99ed-5ad1683b0954,Glissa Sunslayer,one,Phyrexia: All Will Be One,expansion,2023-02-10,rare,3.0,Creature,Legendary Creature — Phyrexian Zombie Elf,"B,G",2,1,0,"B,G","First strike,Deathtouch",2,214,3.0,3.0,0,0,0,0,1,1438.0,625.0,1,1,1,0,1,12,1.62,3.56,0,Krharts,2015
dc143ba3-2a58-4980-9fa0-a05a9e9ed082,Ghostly Flicker,cmm,Commander Masters,masters,2023-08-04,common,3.0,Instant,Instant,U,1,0,0,U,,0,127,0.0,0.0,0,1,0,0,1,571.0,2168.0,1,1,1,0,0,8,1.6,3.6,0,Raymond Swanland,2015
a8e9ea5a-5e10-4b77-baef-0352ff035483,Disciple of Freyalise // Garden of Freyalise,mh3,Modern Horizons 3,draft_innovation,2024-06-14,uncommon,6.0,Creature,Creature — Elf Druid // Land,G,1,0,0,G,,0,0,0.0,0.0,0,0,0,0,1,528.0,,1,1,1,0,0,10,1.58,4.2,0,Valera Lutfullina,2015
66605fe1-9a20-4c95-b53e-1249cedb978b,"Tyvar, Jubilant Brawler",one,Phyrexia: All Will Be One,expansion,2023-02-10,rare,3.0,Planeswalker,Legendary Planeswalker — Tyvar,"B,G",2,1,0,"B,G",Mill,1,249,0.0,0.0,0,0,0,0,1,2334.0,709.0,1,1,1,0,1,12,1.57,1.37,0,Victor Adame Minguez,2015
80226520-6b0a-48ea-a868-a29eb3fbd403,"Ob Nixilis, the Adversary",snc,Streets of New Capenna,expansion,2022-04-29,mythic,3.0,Planeswalker,Legendary Planeswalker — Nixilis,"B,R",2,1,0,"B,R",Casualty,1,456,0.0,0.0,0,0,0,0,1,7580.0,,1,1,1,0,1,11,1.55,1.87,0,Yongjae Choi,2015
4b9c92f0-4242-4a3e-9ede-6a4935f5c75d,Geier Reach Sanitarium,lcc,The Lost Caverns of Ixalan Commander,commander,2023-11-17,rare,0.0,Land,Legendary Land,C,0,0,1,,,0,71,0.0,0.0,0,1,0,0,0,424.0,1654.0,1,1,1,0,1,12,1.55,,0,Cliff Childs,2015
d3571dee-7b90-4c0c-abc7-59b515ffa129,Krosan Grip,c21,Commander 2021,commander,2021-04-23,uncommon,3.0,Instant,Instant,G,1,0,0,G,Split second,1,169,0.0,0.0,0,1,0,0,0,583.0,2318.0,1,1,1,0,0,12,1.54,,0,Zoltan Boros & Gabor Szikszai,2015
79cfc0d7-fccb-47fb-87b6-08dd32528be6,"Garruk, Primal Hunter",c21,Commander 2021,commander,2021-04-23,mythic,5.0,Planeswalker,Legendary Planeswalker — Garruk,G,1,0,0,G,,0,186,0.0,0.0,0,1,0,0,0,1898.0,1963.0,1,1,1,0,0,7,1.53,,0,D. Alexander Gregory,2015
f77ac7fa-718d-425f-a0aa-2f8e2bfc0950,"Kiora, the Crashing Wave",bng,Born of the Gods,expansion,2014-02-07,mythic,4.0,Planeswalker,Legendary Planeswalker — Kiora,"G,U",2,1,0,"G,U",,0,284,0.0,0.0,0,0,0,0,1,7356.0,3181.0,1,1,1,0,1,12,1.52,14.5,0,Scott M. Fischer,2003
8e4a0ced-c1c9-4a35-b1ce-476506afc030,"Nissa, Ascended Animist",one,Phyrexia: All Will Be One,expansion,2023-02-10,mythic,7.0,Planeswalker,Legendary Planeswalker — Nissa,G,1,0,0,G,Compleated,1,369,0.0,0.0,0,0,0,0,0,3395.0,4184.0,1,1,1,0,1,11,1.52,2.35,0,Chase Stone,2015
89e3cc09-5057-4c05-88fc-d6cda809fc74,Felidar Retreat,fdn,Foundations,core,2024-11-15,rare,4.0,Enchantment,Enchantment,W,1,0,0,W,Landfall,1,208,0.0,0.0,0,1,0,0,0,471.0,2976.0,1,1,1,1,1,16,1.52,,0,Ralph Horsley,2015
6402133e-eed1-4a46-9667-8b7a310362c1,Dour Port-Mage,blb,Bloomburrow,expansion,2024-08-02,rare,2.0,Creature,Creature — Frog Wizard,U,1,0,0,U,,0,175,1.0,3.0,0,0,0,0,1,1565.0,1090.0,1,1,1,1,1,16,1.51,2.85,0,Ryan Pancoast,2015
a0931eb3-b403-4b1a-ad46-a7b0a51bb9a4,Treasure Vault,afr,Adventures in the Forgotten Realms,expansion,2021-07-23,rare,0.0,Artifact,Artifact Land,C,0,0,1,,Treasure,1,73,0.0,0.0,0,0,0,0,1,500.0,,1,1,1,0,1,11,1.5,2.32,0,Johannes Voss,2015
2c16eaec-924c-42f6-9fea-07edd7ed93b9,"Camellia, the Seedmiser",blb,Bloomburrow,expansion,2024-08-02,rare,3.0,Creature,Legendary Creature — Squirrel Warlock,"B,G",2,1,0,"B,G","Forage,Menace",2,274,3.0,3.0,0,0,0,0,1,2633.0,6289.0,1,1,1,1,1,16,1.49,1.18,0,Steve Prescott,2015
599c3c9f-dfb7-4357-9d9c-9a1a4616b103,"Ashiok, Nightmare Weaver",ths,Theros,expansion,2013-09-27,mythic,3.0,Planeswalker,Legendary Planeswalker — Ashiok,"B,U",2,1,0,"B,U",,0,285,0.0,0.0,0,0,0,0,1,11173.0,1863.0,1,1,1,0,1,11,1.49,8.65,0,Karla Ortiz,2003
dd582037-8682-4738-b459-177a9d6e03b6,Darksteel Citadel,2xm,Double Masters,masters,2020-08-07,uncommon,0.0,Artifact,Artifact Land,C,0,0,1,,Indestructible,1,28,0.0,0.0,0,1,0,0,1,288.0,352.0,1,1,1,0,1,14,1.46,2.73,0,John Avon,2015
f5931746-a55c-4528-9e4a-ee15edab3489,Archpriest of Shadows,mom,March of the Machine,expansion,2023-04-21,rare,5.0,Creature,Creature — Human Warlock,B,1,0,0,B,"Backup,Deathtouch",2,302,4.0,4.0,0,0,0,0,1,2922.0,11188.0,1,1,1,0,1,12,1.44,1.83,0,Fariba Khamseh,2015
abaad8c5-763d-4276-9b19-623cd19f59b9,Culling Ritual,soc,Secrets of Strixhaven Commander,commander,2026-04-24,rare,4.0,Sorcery,Sorcery,"B,G",2,1,0,"B,G",,0,111,0.0,0.0,0,1,0,0,0,592.0,1211.0,1,1,1,0,1,11,1.43,,0,Lorenzo Mastroianni,2015
fc70e127-ffc8-45ed-9ca3-7f9f926ac4d5,Generous Gift,lcc,The Lost Caverns of Ixalan Commander,commander,2023-11-17,uncommon,3.0,Instant,Instant,W,1,0,0,W,,0,85,0.0,0.0,0,1,0,0,0,55.0,2475.0,1,1,1,0,0,8,1.42,,0,Kev Walker,2015
b3d8c95e-09b9-46d6-80e9-95adb2c2ea9d,Incubation Druid,moc,March of the Machine Commander,commander,2023-04-21,rare,2.0,Creature,Creature — Elf Druid,G,1,0,0,G,Adapt,1,249,0.0,2.0,0,1,0,0,0,655.0,4343.0,1,1,1,0,1,12,1.41,,0,Daniel Ljunggren,2015
eedb9df2-20d3-4cfd-8aed-336edc37d5a9,Sulfurous Springs,eoc,Edge of Eternities Commander,commander,2025-08-01,rare,0.0,Land,Land,"B,R",2,1,0,"B,R",,0,67,0.0,0.0,0,1,0,0,0,159.0,182.0,1,1,1,0,1,14,1.4,,0,Bruce Brenneise,2015
dabac59d-8319-417e-9cd5-e4ee59b2e5f2,Nissa of Shadowed Boughs,znr,Zendikar Rising,expansion,2020-09-25,mythic,4.0,Planeswalker,Legendary Planeswalker — Nissa,"B,G",2,1,0,"B,G",Landfall,1,403,0.0,0.0,0,0,0,1,0,4919.0,4884.0,1,1,1,0,1,12,1.4,2.78,0,David Rapoza,2015
5e50c8d5-6b22-4fc6-87ea-3d7d77ced17f,Underground River,dsc,Duskmourn: House of Horror Commander,commander,2024-09-27,rare,0.0,Land,Land,"B,U",2,1,0,"B,U",,0,67,0.0,0.0,0,1,0,0,0,152.0,226.0,1,1,1,0,1,13,1.39,,0,Volkan Baǵa,2015
578a1846-8c1a-4013-b669-1d3f4ddbbaa3,Reflections of Littjara,tdc,Tarkir: Dragonstorm Commander,commander,2025-04-11,rare,5.0,Enchantment,Enchantment,U,1,0,0,U,,0,161,0.0,0.0,0,1,0,0,0,627.0,10222.0,1,1,1,0,1,12,1.38,,0,Aaron Miller,2015
967a4f27-8cd6-437d-8c05-8aedbc7ddc4b,Collector's Vault,woe,Wilds of Eldraine,expansion,2023-09-08,uncommon,2.0,Artifact,Artifact,C,0,0,1,,Treasure,1,148,0.0,0.0,0,0,0,0,1,1703.0,629.0,1,1,1,1,1,14,1.38,1.77,0,Artur Nakhodkin,2015
967b7272-33a6-46e9-b0aa-4757aee54b3a,"Vraska, Relic Seeker",xln,Ixalan,expansion,2017-09-29,mythic,6.0,Planeswalker,Legendary Planeswalker — Vraska,"B,G",2,1,0,"B,G",Treasure,1,260,0.0,0.0,0,0,0,0,1,8065.0,1345.0,1,1,1,0,1,12,1.37,5.37,0,Chris Rahn,2015
1b83af86-e1a9-4be1-83dc-0c1ab81b129e,Invasion of New Phyrexia // Teferi Akosa of Zhalfir,mom,March of the Machine,expansion,2023-04-21,mythic,2.0,Planeswalker,Battle — Siege // Legendary Planeswalker — Teferi,"U,W",2,1,0,"U,W",Transform,1,0,0.0,0.0,0,0,0,0,1,9493.0,4914.0,1,1,1,0,1,12,1.36,1.63,0,Chris Rallis,2015
06e1cc7b-9319-4f6f-88ee-2e6b6d2efbc6,Unbreakable Formation,rvr,Ravnica Remastered,masters,2024-01-12,rare,3.0,Instant,Instant,W,1,0,0,W,Addendum,1,208,0.0,0.0,0,1,0,0,1,519.0,5579.0,1,1,1,0,1,12,1.35,1.32,0,Matt Stewart,2015
c43609fb-3cee-44e0-98d0-3ecaba1d5767,Zulaport Cutthroat,soc,Secrets of Strixhaven Commander,commander,2026-04-24,uncommon,2.0,Creature,Creature — Human Rogue Ally,B,1,0,0,B,,0,108,1.0,1.0,0,1,0,0,0,241.0,898.0,1,1,1,0,1,11,1.35,,0,Jason Rainville,2015
7b003521-3da3-41bf-9765-36630653f902,"Ugin, the Ineffable",war,War of the Spark,expansion,2019-05-03,rare,6.0,Planeswalker,Legendary Planeswalker — Ugin,C,0,0,1,,,0,291,0.0,0.0,0,0,0,0,1,988.0,907.0,1,1,1,0,1,12,1.35,3.6,0,Daarken,2015
20d5521d-e9f1-49e0-aa13-8e6de794cb12,"Jace, Unraveler of Secrets",soi,Shadows over Innistrad,expansion,2016-04-08,mythic,5.0,Planeswalker,Legendary Planeswalker — Jace,U,1,0,0,U,Scry,1,182,0.0,0.0,0,0,0,0,1,6501.0,1973.0,1,1,1,0,1,12,1.35,9.03,0,Tyler Jacobson,2015
bc9bdf96-3e3b-4dca-aae2-e81d4cbeafe8,Elusive Otter // Grove's Bounty,woe,Wilds of Eldraine,expansion,2023-09-08,rare,1.0,Creature,Creature — Otter // Sorcery — Adventure,U,1,0,0,"G,U",Prowess,1,0,1.0,1.0,0,0,0,0,1,7490.0,4404.0,1,1,1,1,1,14,1.35,0.8,0,Christina Kraus,2015
1dab370a-1067-4d94-be1f-10362d4abf5a,"Oko, Lorwyn Liege // Oko, Shadowmoor Scion",ecl,Lorwyn Eclipsed,expansion,2026-01-23,mythic,3.0,Planeswalker,Legendary Planeswalker — Oko // Legendary Planeswalker — Oko,"G,U",2,1,0,"G,U","Transform,Mill",2,0,0.0,0.0,0,0,0,0,1,14882.0,,1,1,1,1,1,15,1.33,2.6,0,Kai Carpenter,2015
cc18d5f4-a56a-4f7d-9f56-ccc92cbfb7f7,Botanical Sanctum,otj,Outlaws of Thunder Junction,expansion,2024-04-19,rare,0.0,Land,Land,"G,U",2,1,0,"G,U",,0,89,0.0,0.0,0,1,0,0,1,1659.0,60.0,1,1,1,1,1,15,1.32,1.47,0,Jorge Jacinto,2015
39704000-65d3-4d39-849e-a3b617376bbc,Eternal Witness,cmm,Commander Masters,masters,2023-08-04,uncommon,3.0,Creature,Creature — Human Shaman,G,1,0,0,G,,0,87,2.0,1.0,0,1,0,0,1,100.0,549.0,1,1,1,0,0,12,1.31,1.72,0,Chris Rahn,2015
3aecfe99-9c4b-4087-84ee-fb208fd22820,"Xenagos, the Reveler",ths,Theros,expansion,2013-09-27,mythic,4.0,Planeswalker,Legendary Planeswalker — Xenagos,"G,R",2,1,0,"G,R",,0,301,0.0,0.0,0,0,0,0,1,4541.0,2195.0,1,1,1,0,1,12,1.3,17.24,0,Jason Chan,2003
315cbbf7-a2ad-4565-9877-1e903d7fd797,Decadent Dragon // Expensive Taste,woe,Wilds of Eldraine,expansion,2023-09-08,rare,4.0,Creature,Creature — Dragon // Instant — Adventure,R,1,0,0,"B,R","Flying,Treasure,Trample",3,0,4.0,4.0,0,0,0,0,1,2946.0,1999.0,1,1,1,1,1,15,1.29,1.31,0,Wylie Beckert,2015
101e47ed-4afe-4d15-b6c3-4ab495965fde,Talisman of Creativity,soc,Secrets of Strixhaven Commander,commander,2026-04-24,uncommon,2.0,Artifact,Artifact,"R,U",2,1,0,"R,U",,0,71,0.0,0.0,0,1,0,0,0,126.0,749.0,1,1,1,0,0,10,1.29,,0,Lindsey Look,2015
42ed35e9-51cd-468a-86a9-9412553cf50d,Village Rites,inr,Innistrad Remastered,masters,2025-01-24,common,1.0,Instant,Instant,B,1,0,0,B,,0,79,0.0,0.0,0,1,0,0,1,197.0,1254.0,1,1,1,0,1,13,1.29,0.97,0,Bud Cook,2015
681f7c73-92c6-47ba-af56-3ff032ac12da,"Chandra, Dressed to Kill",vow,Innistrad: Crimson Vow,expansion,2021-11-19,mythic,3.0,Planeswalker,Legendary Planeswalker — Chandra,R,1,0,0,R,,0,410,0.0,0.0,0,0,0,0,1,6316.0,2534.0,1,1,1,0,1,11,1.28,1.54,0,Viktor Titov,2015
b3784eff-ab7b-4fd4-9a07-fbc852d116bf,Shamanic Revelation,ncc,New Capenna Commander,commander,2022-04-29,rare,5.0,Sorcery,Sorcery,G,1,0,0,G,Ferocious,1,125,0.0,0.0,0,1,0,0,0,373.0,5862.0,1,1,1,0,1,12,1.27,,0,Cynthia Sheppard,2015
94b38464-39cd-4ee6-b9bf-a0bc1e128d9a,Saheeli Rai,kld,Kaladesh,expansion,2016-09-30,mythic,3.0,Planeswalker,Legendary Planeswalker — Saheeli,"R,U",2,1,0,"R,U",Scry,1,383,0.0,0.0,0,0,0,0,1,7065.0,5052.0,1,1,1,0,1,12,1.27,17.21,0,Willian Murai,2015
89b1acf9-9d25-4d80-a364-34eecaa474b0,"Jace, the Perfected Mind",one,Phyrexia: All Will Be One,expansion,2023-02-10,mythic,4.0,Planeswalker,Legendary Planeswalker — Jace,U,1,0,0,U,"Mill,Compleated",2,374,0.0,0.0,0,0,0,0,0,5357.0,,1,1,1,0,1,11,1.27,2.44,0,Chase Stone,2015
ca854101-5a9b-455d-bf47-ad8f3d57afa7,Basri Ket,m21,Core Set 2021,core,2020-07-03,mythic,3.0,Planeswalker,Legendary Planeswalker — Basri,W,1,0,0,W,,0,408,0.0,0.0,0,0,0,0,0,6440.0,3608.0,1,1,1,0,1,12,1.26,1.64,0,Kieran Yanner,2015
3ec72a27-b622-47d7-bdf3-970ccaef0d2a,For the Common Good,blb,Bloomburrow,expansion,2024-08-02,rare,1.0,Sorcery,Sorcery,G,1,0,0,G,,0,170,0.0,0.0,0,0,0,0,1,2270.0,16472.0,1,1,1,1,1,16,1.25,1.45,0,Serena Malyon,2015
90c423cc-1264-4067-9c50-e7c88c68ef2d,Kodama's Reach,ecc,Lorwyn Eclipsed Commander,commander,2026-01-23,common,3.0,Sorcery,Sorcery — Arcane,G,1,0,0,G,,0,151,0.0,0.0,0,1,0,0,0,35.0,6227.0,1,1,1,0,0,9,1.25,,0,John Avon,2015
58c39df6-b237-40d1-bdcb-2fe5d05392a9,"Kytheon, Hero of Akros // Gideon, Battle-Forged",ori,Magic Origins,core,2015-07-17,mythic,1.0,Creature,Legendary Creature — Human Soldier // Legendary Planeswalker — Gideon,W,1,0,0,W,Transform,1,0,0.0,0.0,0,0,0,0,1,10910.0,124.0,1,1,1,0,1,12,1.24,6.77,0,Willian Murai,2015
7a5be94c-08b8-4964-a79d-e22ea6e94be8,Laboratory Maniac,inr,Innistrad Remastered,masters,2025-01-24,uncommon,3.0,Creature,Creature — Human Wizard,U,1,0,0,U,,0,89,2.0,2.0,0,1,0,0,1,579.0,765.0,1,1,1,0,0,11,1.24,2.22,0,Jason Felix,2015
24d4f26e-7f96-4b38-867e-4fac819b2679,Pinnacle Monk // Mystic Peak,mh3,Modern Horizons 3,draft_innovation,2024-06-14,uncommon,5.0,Creature,Creature — Djinn Monk // Land,R,1,0,0,R,Prowess,1,0,0.0,0.0,0,0,0,0,1,577.0,,1,1,1,0,0,10,1.24,1.93,0,Jason A. Engle,2015
ab499df5-ed76-43ad-81b3-70afd0487ccd,Changeling Outcast,otc,Outlaws of Thunder Junction Commander,commander,2024-04-19,common,1.0,Creature,Creature — Shapeshifter,B,1,0,0,B,Changeling,1,94,1.0,1.0,0,1,0,0,0,617.0,1638.0,1,1,1,0,0,12,1.24,,0,Micah Epstein,2015
926916ed-2f22-4ba9-9427-194886ad6c1e,Urza's Cave,mh3,Modern Horizons 3,draft_innovation,2024-06-14,uncommon,0.0,Land,Land — Urza's Cave,C,0,0,1,,,0,131,0.0,0.0,0,0,0,0,1,465.0,,1,1,1,0,0,10,1.23,2.2,0,Mark Poole,2015
475d7e9a-759d-4523-a5cd-2a6e0d1b14ea,Bramble Familiar // Fetch Quest,woe,Wilds of Eldraine,expansion,2023-09-08,rare,2.0,Creature,Creature — Elemental Raccoon // Sorcery — Adventure,G,1,0,0,G,Mill,1,0,2.0,2.0,0,0,0,0,1,3144.0,2840.0,1,1,1,1,1,15,1.22,0.79,0,Simon Dominic,2015
4eac2b49-6cb6-4ff4-8fac-2ba669326640,Elminster,clb,Commander Legends: Battle for Baldur's Gate,draft_innovation,2022-06-10,mythic,5.0,Planeswalker,Legendary Planeswalker — Elminster,"U,W",2,1,0,"U,W",Scry,1,366,0.0,0.0,0,0,0,0,1,9980.0,,0,1,1,0,0,5,1.21,1.91,0,Viktor Titov,2015
90b690f4-9647-4e67-b7cb-b2692ea149b1,Path to Exile,soc,Secrets of Strixhaven Commander,commander,2026-04-24,uncommon,1.0,Instant,Instant,W,1,0,0,W,,0,142,0.0,0.0,0,1,0,0,0,15.0,5.0,1,1,1,0,0,11,1.21,,0,Todd Lockwood,2015
c3af24ce-b1ab-4137-9222-a4080acae928,Dimir Signet,clu,Ravnica: Clue Edition,draft_innovation,2024-02-23,common,2.0,Artifact,Artifact,"B,U",2,1,0,"B,U",,0,21,0.0,0.0,0,1,0,0,0,137.0,1273.0,1,1,1,0,0,13,1.2,,0,Raoul Vitale,2015
68625010-3e4e-4400-b503-bf381a7fd81b,Chromatic Lantern,tmc,Teenage Mutant Ninja Turtles Eternal,eternal,2026-03-06,rare,3.0,Artifact,Artifact,C,0,0,1,,,0,88,0.0,0.0,0,1,0,0,0,80.0,3819.0,1,1,1,0,1,12,1.19,,0,Leanna Crossan,2015
1d6bfa8a-27e6-4029-af44-8e856f401d51,"Gideon, Ally of Zendikar",plst,The List,masters,2020-09-01,mythic,4.0,Planeswalker,Legendary Planeswalker — Gideon,W,1,0,0,W,,0,289,0.0,0.0,0,1,0,0,1,8764.0,654.0,1,1,1,0,1,12,1.18,,0,Eric Deschamps,2015
462f8951-7305-4607-92af-92f2b866558d,"Liliana, Untouched by Death",scd,Starter Commander Decks,commander,2022-12-02,mythic,4.0,Planeswalker,Legendary Planeswalker — Liliana,B,1,0,0,B,Mill,1,275,0.0,0.0,0,1,0,0,0,6952.0,8356.0,1,1,1,0,1,12,1.18,,0,Bastien L. Deharme,2015
a3f91fbf-6584-4a95-a193-01e81c69262d,Quintorius Kand,plci,The Lost Caverns of Ixalan Promos,promo,2023-11-17,mythic,5.0,Planeswalker,Legendary Planeswalker — Quintorius,"R,W",2,1,0,"R,W",Discover,1,309,0.0,0.0,0,1,1,0,0,5388.0,1081.0,1,1,1,1,1,15,1.16,4.29,0,Zoltan Boros,2015
f8e5de58-cc4c-40b2-94c8-4e4d7cebfaf8,Faerie Slumber Party,woe,Wilds of Eldraine,expansion,2023-09-08,rare,6.0,Sorcery,Sorcery,U,1,0,0,U,,0,221,0.0,0.0,0,0,0,0,0,7920.0,,1,1,1,1,1,14,1.15,1.03,0,Lie Setiawan,2015
542c89b6-48c6-4fcb-8a4c-b5ed2fa1d384,Doomsday Excruciator,dsk,Duskmourn: House of Horror,expansion,2024-09-27,rare,6.0,Creature,Creature — Demon,B,1,0,0,B,Flying,1,171,6.0,6.0,0,0,0,0,1,6121.0,659.0,1,1,1,1,1,16,1.15,1.97,0,Denys Tsiperko,2015
39d51c5e-26cb-4276-a676-fabfef866248,Gideon Blackblade,war,War of the Spark,expansion,2019-05-03,mythic,3.0,Planeswalker,Legendary Planeswalker — Gideon,W,1,0,0,W,,0,357,0.0,0.0,0,0,0,0,1,8340.0,2851.0,1,1,1,0,1,11,1.15,2.06,0,Viktor Titov,2015
3874f322-9847-4a63-b7e1-718abbe1e0bd,"Garruk, Cursed Huntsman",blc,Bloomburrow Commander,commander,2024-08-02,mythic,6.0,Planeswalker,Legendary Planeswalker — Garruk,"B,G",2,1,0,"B,G",,0,254,0.0,0.0,0,1,0,1,0,3697.0,3772.0,1,1,1,0,1,12,1.14,0.44,0,Michele Giorgi,2015
11529e37-0558-4ba9-ad04-3ddda05d25f5,"Calix, Destiny's Hand",thb,Theros Beyond Death,expansion,2020-01-24,mythic,4.0,Planeswalker,Legendary Planeswalker — Calix,"G,W",2,1,0,"G,W",,0,387,0.0,0.0,0,0,0,1,0,4569.0,6573.0,1,1,1,0,1,12,1.14,1.08,0,Chuck Lukacs,2015
493341c3-1f59-4d7e-b852-1449a2333be9,"Karn, Living Legacy",dmu,Dominaria United,expansion,2022-09-09,mythic,4.0,Planeswalker,Legendary Planeswalker — Karn,C,0,0,1,,,0,427,0.0,0.0,0,0,0,1,0,5159.0,8853.0,1,1,1,0,1,9,1.12,1.26,0,rk post,2015
d16f8670-f038-400a-83e7-a53a7f8c47ac,Marionette Apprentice,mh3,Modern Horizons 3,draft_innovation,2024-06-14,uncommon,2.0,Creature,Creature — Human Artificer,B,1,0,0,B,Fabricate,1,247,1.0,2.0,0,0,0,0,1,572.0,,1,1,1,0,0,10,1.12,1.33,0,Steve Ellis,2015
7fba2a97-8e35-4c12-b902-6a058b449116,"Liliana, Death Mage",plst,The List,masters,2024-08-02,mythic,6.0,Planeswalker,Legendary Planeswalker — Liliana,B,1,0,0,B,,0,209,0.0,0.0,0,1,0,0,0,13165.0,9379.0,1,1,1,0,1,12,1.12,,0,Kieran Yanner,2015
ce133ad5-8748-4a3d-ae8c-7b2a5938927d,Corrupted Conviction,mom,March of the Machine,expansion,2023-04-21,common,1.0,Instant,Instant,B,1,0,0,B,,0,79,0.0,0.0,0,0,0,0,1,581.0,2324.0,1,1,1,1,1,16,1.12,1.2,0,Joseph Weston,2015
178bf300-38cf-4ab2-9e66-6fcaa112b649,"Kasmina, Enigma Sage",stx,Strixhaven: School of Mages,expansion,2021-04-23,mythic,3.0,Planeswalker,Legendary Planeswalker — Kasmina,"G,U",2,1,0,"G,U",Scry,1,352,0.0,0.0,0,0,0,0,1,11976.0,8350.0,1,1,1,0,1,12,1.12,0.95,0,Tyler Jacobson,2015
cef28526-837e-423b-a6b4-b55f7ac1a950,Kaito Shizuki,pneo,Kamigawa: Neon Dynasty Promos,promo,2022-02-18,mythic,3.0,Planeswalker,Legendary Planeswalker — Kaito,"B,U",2,1,0,"B,U",,0,416,0.0,0.0,0,1,1,0,0,5613.0,,1,1,1,0,1,11,1.12,3.12,0,Yongjae Choi,2015
4383ae7c-58ea-4354-93e4-677ad185c3bb,"Bonny Pall, Clearcutter",otj,Outlaws of Thunder Junction,expansion,2024-04-19,rare,6.0,Creature,Legendary Creature — Giant Scout,"G,U",2,1,0,"G,U",Reach,1,275,6.0,5.0,0,0,0,0,1,3112.0,5219.0,1,1,1,1,1,15,1.11,0.58,0,Bryan Sola,2015
3cc0fd27-9f54-48f5-aebe-c437a848671d,"Narset, Parter of Veils",mb2,Mystery Booster 2,masters,2024-08-02,uncommon,3.0,Planeswalker,Legendary Planeswalker — Narset,U,1,0,0,U,,0,250,0.0,0.0,0,1,0,0,0,861.0,,1,1,1,0,1,10,1.11,,1,Magali Villeneuve,2015
633a3423-501d-4b22-95a6-743233be521e,Goblin Anarchomancer,mh2,Modern Horizons 2,draft_innovation,2021-06-18,common,2.0,Creature,Creature — Goblin Shaman,"G,R",2,1,0,"G,R",,0,63,2.0,2.0,0,0,0,0,1,508.0,1760.0,1,1,1,0,0,12,1.09,1.17,0,Joe Slucher,2015
678ce3bf-152d-45ca-87ae-ad46c921328b,"Ral, Storm Conduit",war,War of the Spark,expansion,2019-05-03,rare,4.0,Planeswalker,Legendary Planeswalker — Ral,"R,U",2,1,0,"R,U",Scry,1,241,0.0,0.0,0,0,0,0,1,3218.0,2280.0,1,1,1,0,1,12,1.09,2.48,0,Wesley Burt,2015
85df6b6a-2dcf-4828-a4a8-e07d52e1fddd,Inspiring Vantage,otj,Outlaws of Thunder Junction,expansion,2024-04-19,rare,0.0,Land,Land,"R,W",2,1,0,"R,W",,0,89,0.0,0.0,0,1,0,0,1,1475.0,,1,1,1,1,1,14,1.08,1.34,0,Volkan Baǵa,2015
b75df1f0-0513-40e4-a449-454f75de6434,Concealed Courtyard,otj,Outlaws of Thunder Junction,expansion,2024-04-19,rare,0.0,Land,Land,"B,W",2,1,0,"B,W",,0,89,0.0,0.0,0,1,0,0,1,1153.0,154.0,1,1,1,1,1,15,1.07,0.97,0,Rockey Chen,2015
75918859-c93f-41b4-9ad0-a4a96c389f0d,Elvish Mystic,cmm,Commander Masters,masters,2023-08-04,common,1.0,Creature,Creature — Elf Druid,G,1,0,0,G,,0,13,1.0,1.0,0,1,0,0,1,109.0,315.0,1,1,1,0,1,13,1.07,3.49,0,Wesley Burt,2015
b851ab76-e40e-4232-b120-0bc1905ef0b4,Cloud Key,eoc,Edge of Eternities Commander,commander,2025-08-01,rare,3.0,Artifact,Artifact,C,0,0,1,,,0,143,0.0,0.0,0,1,0,0,0,657.0,4774.0,1,1,1,0,0,12,1.06,,0,Matt Stewart,2015
dbe1bfe0-0be7-496d-94db-e8028d4d9493,Warstorm Surge,clb,Commander Legends: Battle for Baldur's Gate,draft_innovation,2022-06-10,rare,6.0,Enchantment,Enchantment,R,1,0,0,R,,0,89,0.0,0.0,0,1,0,0,0,666.0,2812.0,1,1,1,0,0,10,1.03,,0,Raymond Swanland,2015
1a860925-d912-49e5-9ddc-41ab26916bb3,Candy Trail,woe,Wilds of Eldraine,expansion,2023-09-08,common,1.0,Artifact,Artifact — Food Clue,C,0,0,1,,Scry,1,102,0.0,0.0,0,0,0,0,1,6504.0,76.0,1,1,1,1,1,16,1.01,1.34,0,Alix Branwyn,2015
b074e60a-6f9b-4679-9617-261e2e15e1e8,"Nahiri, the Lithomancer",cmm,Commander Masters,masters,2023-08-04,rare,5.0,Planeswalker,Legendary Planeswalker — Nahiri,W,1,0,0,W,,0,394,0.0,0.0,0,1,0,0,1,8702.0,,0,1,1,0,0,5,1.01,1.15,0,Eric Deschamps,2015
7a8b1c49-8594-426d-b585-41140235bb0e,Sakura-Tribe Elder,soc,Secrets of Strixhaven Commander,commander,2026-04-24,common,2.0,Creature,Creature — Snake Shaman,G,1,0,0,G,,0,124,1.0,1.0,0,1,0,0,0,107.0,,1,1,1,0,0,9,1.0,,0,Anastasia Ovchinnikova,2015
0380a4c9-a5d3-465f-8584-e546b54f91e0,Hazardous Blast,one,Phyrexia: All Will Be One,expansion,2023-02-10,common,4.0,Sorcery,Sorcery,R,1,0,0,R,,0,127,0.0,0.0,0,0,0,0,1,9600.0,,1,1,1,0,1,13,0.99,0.13,0,Zoltan Boros,2015
29fae212-b757-4e5f-ad9b-06cd09782f9f,Solemn Simulacrum,soc,Secrets of Strixhaven Commander,commander,2026-04-24,rare,4.0,Creature,Artifact Creature — Golem,C,0,0,1,,,0,180,2.0,2.0,0,1,0,0,0,36.0,949.0,1,1,1,1,1,17,0.99,,0,Donato Giancola,2015
9cd16dac-3bf9-4a71-a906-0cfbf98cdca5,Selfless Spirit,soc,Secrets of Strixhaven Commander,commander,2026-04-24,rare,2.0,Creature,Creature — Spirit Cleric,W,1,0,0,W,Flying,1,92,2.0,1.0,0,1,0,0,0,622.0,,1,1,1,0,1,11,0.99,,0,Seb McKinnon,2015
92bef577-f055-4d54-9a75-e9d4a125001c,Caves of Koilos,tdc,Tarkir: Dragonstorm Commander,commander,2025-04-11,rare,0.0,Land,Land,"B,W",2,1,0,"B,W",,0,67,0.0,0.0,0,1,0,0,0,124.0,55.0,1,1,1,0,1,14,0.99,,0,Julian Kok Joon Wen,2015
18d236ce-3b78-403a-b5f9-4fb44123d85b,Brushland,bro,The Brothers' War,expansion,2022-11-18,rare,0.0,Land,Land,"G,W",2,1,0,"G,W",,0,67,0.0,0.0,0,1,0,0,1,250.0,109.0,1,1,1,0,1,13,0.98,1.22,0,Thomas Stoop,2015
335444f0-0848-4c17-b056-56d4fc876a58,Rogue's Passage,soc,Secrets of Strixhaven Commander,commander,2026-04-24,uncommon,0.0,Land,Land,C,0,0,1,,,0,67,0.0,0.0,0,1,0,0,0,19.0,3618.0,1,1,1,1,1,15,0.98,,0,Christine Choi,2015
b0c6fb5e-07e2-4d22-be19-60592f00584a,Bojuka Bog,eoc,Edge of Eternities Commander,commander,2025-08-01,common,0.0,Land,Land,B,1,0,0,B,,0,94,0.0,0.0,0,1,0,0,0,27.0,,1,1,1,0,0,13,0.98,,0,Howard Lyon,2015
78814c92-b52c-462a-866f-3e7da9db9f70,Isolated Chapel,soc,Secrets of Strixhaven Commander,commander,2026-04-24,rare,0.0,Land,Land,"B,W",2,1,0,"B,W",,0,84,0.0,0.0,0,1,0,0,0,97.0,61.0,1,1,1,0,1,13,0.97,,0,Richard Wright,2015
afe3b678-b340-4c53-bbf6-19252a809d73,"Geralf, the Fleshwright",otj,Outlaws of Thunder Junction,expansion,2024-04-19,mythic,3.0,Creature,Legendary Creature — Human Warlock,U,1,0,0,U,,0,283,2.0,3.0,0,0,0,0,1,6103.0,,1,1,1,1,1,14,0.97,1.37,0,Chris Rahn,2015
08838865-a9b6-4323-96a2-0d3a7aba9d3d,Morbid Opportunist,soc,Secrets of Strixhaven Commander,commander,2026-04-24,uncommon,3.0,Creature,Creature — Human Rogue,B,1,0,0,B,,0,97,1.0,3.0,0,1,0,0,0,265.0,9863.0,1,1,1,0,1,11,0.97,,0,Tyler Walpole,2015
d24b6640-ef2f-4c92-beb3-afdf78f9c2d5,Nature's Claim,ima,Iconic Masters,masters,2017-11-17,common,1.0,Instant,Instant,G,1,0,0,G,,0,68,0.0,0.0,0,1,0,0,1,363.0,,1,1,1,0,0,13,0.95,3.3,0,Raoul Vitale,2015
f1cc00f9-ae7b-4f7b-95f2-bc5c00e4bd72,Cultivate,soc,Secrets of Strixhaven Commander,commander,2026-04-24,common,3.0,Sorcery,Sorcery,G,1,0,0,G,,0,151,0.0,0.0,0,1,0,0,0,20.0,1403.0,1,1,1,0,1,15,0.94,,0,Justyna Dura,2015
49d0d7ec-4bee-47d3-91a6-43510be65402,"Mangara, the Diplomat",soc,Secrets of Strixhaven Commander,commander,2026-04-24,rare,4.0,Creature,Legendary Creature — Human Cleric,W,1,0,0,W,Lifelink,1,222,2.0,4.0,0,1,0,0,0,654.0,11620.0,1,1,1,0,1,12,0.92,,0,Howard Lyon,2015
44d60a41-3f5e-4559-b18c-22c0fe15235e,Kenrith's Transformation,afc,Forgotten Realms Commander,commander,2021-07-23,uncommon,2.0,Enchantment,Enchantment — Aura,G,1,0,0,G,Enchant,1,206,0.0,0.0,0,1,0,0,0,659.0,5466.0,1,1,1,0,1,11,0.92,,0,Kimonas Theodossiou,2015
8689ecd7-e9a6-458b-99d2-6dbaca527f00,Hydroelectric Specimen // Hydroelectric Laboratory,mh3,Modern Horizons 3,draft_innovation,2024-06-14,uncommon,3.0,Creature,Creature — Weird // Land,U,1,0,0,U,Flash,1,0,0.0,0.0,0,0,0,0,1,658.0,,1,1,1,0,0,10,0.91,1.96,0,Raoul Vitale,2015
c5a0be10-c20f-4ac0-89a5-1770ecf48aad,Curiosity,jmp,Jumpstart,draft_innovation,2020-07-17,uncommon,1.0,Enchantment,Enchantment — Aura,U,1,0,0,U,Enchant,1,94,0.0,0.0,0,1,0,0,1,597.0,1402.0,1,1,1,0,0,13,0.9,,0,Igor Kieryluk,2015
1ca36218-db87-4e44-8606-2a516504ed20,Temple of Malady,soc,Secrets of Strixhaven Commander,commander,2026-04-24,rare,0.0,Land,Land,"B,G",2,1,0,"B,G",Scry,1,153,0.0,0.0,0,1,0,0,0,345.0,609.0,1,1,1,1,1,16,0.9,,0,Titus Lunter,2015
920bb44e-aa7f-4ee9-ab19-30114f55ec9b,Reality Shift,soc,Secrets of Strixhaven Commander,commander,2026-04-24,uncommon,2.0,Instant,Instant,U,1,0,0,U,Manifest,1,255,0.0,0.0,0,1,0,0,0,270.0,4851.0,1,1,1,0,1,7,0.9,,0,Howard Lyon,2015
266316d3-3bbc-4283-aab8-69629855909f,Llanowar Wastes,soc,Secrets of Strixhaven Commander,commander,2026-04-24,rare,0.0,Land,Land,"B,G",2,1,0,"B,G",,0,67,0.0,0.0,0,1,0,0,0,145.0,120.0,1,1,1,0,1,14,0.9,,0,Lucas Graciano,2015
e802cfe1-45e0-47cd-8745-363ccc0f2af8,Ignoble Hierarch,ecc,Lorwyn Eclipsed Commander,commander,2026-01-23,rare,1.0,Creature,Creature — Goblin Shaman,G,1,0,0,"B,G,R",Exalted,1,127,0.0,1.0,0,1,0,0,0,533.0,,1,1,1,0,0,10,0.87,,0,Victor Adame Minguez,2015
09d0e0dd-28e6-4d78-b768-b08188681d92,Clifftop Retreat,soc,Secrets of Strixhaven Commander,commander,2026-04-24,rare,0.0,Land,Land,"R,W",2,1,0,"R,W",,0,87,0.0,0.0,0,1,0,0,0,86.0,288.0,1,1,1,0,1,13,0.87,,0,Christine Choi,2015
52733829-27b7-40ec-a897-cabab35b3729,Realmwalker,ecc,Lorwyn Eclipsed Commander,commander,2026-01-23,rare,3.0,Creature,Creature — Shapeshifter,G,1,0,0,G,Changeling,1,228,2.0,3.0,0,1,0,0,0,599.0,6700.0,1,1,1,0,1,12,0.87,,0,Zack Stella,2015
ccda5bda-5afd-4548-bd48-12c780bfa68b,Rapid Hybridization,soc,Secrets of Strixhaven Commander,commander,2026-04-24,uncommon,1.0,Instant,Instant,U,1,0,0,U,,0,124,0.0,0.0,0,1,0,0,0,213.0,4993.0,1,1,1,0,1,11,0.86,,0,Jack Wang,2015
aaf258fc-3ba4-4b83-bdbf-10a07e0b6c03,Assassin's Trophy,soc,Secrets of Strixhaven Commander,commander,2026-04-24,rare,2.0,Instant,Instant,"B,G",2,1,0,"B,G",,0,152,0.0,0.0,0,1,0,0,0,125.0,552.0,1,1,1,1,1,15,0.85,,0,Dmitry Burmak,2015
654ade6b-0369-4b90-a744-2f57a45b04f4,Claim Jumper,otj,Outlaws of Thunder Junction,expansion,2024-04-19,rare,3.0,Creature,Creature — Rabbit Mercenary,W,1,0,0,W,Vigilance,1,289,3.0,3.0,0,0,0,0,1,1823.0,7506.0,1,1,1,1,1,15,0.84,0.87,0,Gaboleps,2015
18bbdc6c-b6c9-4f89-8f0a-6266e53c1fb9,Ornithopter of Paradise,cmm,Commander Masters,masters,2023-08-04,common,2.0,Creature,Artifact Creature — Thopter,C,0,0,1,,Flying,1,38,0.0,2.0,0,1,0,0,0,224.0,7076.0,1,1,1,0,0,12,0.83,,0,Raoul Vitale,2015
50b96a97-0d7d-4e05-9e2f-0b99a039b655,Asinine Antics,woe,Wilds of Eldraine,expansion,2023-09-08,mythic,4.0,Sorcery,Sorcery,U,1,0,0,U,Role token,1,271,0.0,0.0,0,0,0,0,1,7260.0,,1,1,1,1,1,15,0.82,1.21,0,Brent Hollowell,2015
c8090bcf-e17a-4110-a518-77ccd045b18f,Charming Scoundrel,woe,Wilds of Eldraine,expansion,2023-09-08,rare,2.0,Creature,Creature — Human Rogue,R,1,0,0,R,"Role token,Treasure,Haste",3,178,1.0,1.0,0,0,0,0,1,3438.0,602.0,1,1,1,1,1,15,0.82,1.31,0,Caroline Gariba,2015
0c959368-2f58-48de-b7a5-2bab408652b5,Talisman of Hierarchy,soc,Secrets of Strixhaven Commander,commander,2026-04-24,uncommon,2.0,Artifact,Artifact,"B,W",2,1,0,"B,W",,0,71,0.0,0.0,0,1,0,0,0,136.0,1534.0,1,1,1,0,0,10,0.82,,0,Lindsey Look,2015
c46a217c-0ed2-4b3c-9a01-ee38d12d76f3,Command Tower,soc,Secrets of Strixhaven Commander,commander,2026-04-24,common,0.0,Land,Land,C,0,0,1,,,0,66,0.0,0.0,0,1,0,0,0,2.0,,1,1,1,0,1,15,0.82,,0,Constantin Marin,2015
54e0c2cd-fa5f-427d-8e15-6066f002a8e3,Chainsaw,dsk,Duskmourn: House of Horror,expansion,2024-09-27,rare,2.0,Artifact,Artifact — Equipment,R,1,0,0,R,Equip,1,245,0.0,0.0,0,0,0,0,1,4124.0,608.0,1,1,1,1,1,16,0.82,1.05,0,J.P. Targete,2015
76878b19-2916-4f3f-bee5-20846bc9e2db,Buried Alive,mh3,Modern Horizons 3,draft_innovation,2024-06-14,uncommon,3.0,Sorcery,Sorcery,B,1,0,0,B,,0,95,0.0,0.0,0,1,0,0,1,379.0,820.0,1,1,1,0,0,13,0.81,1.22,0,Greg Staples,2015
dc2c1de0-6233-469a-be72-a050b97d2c8f,Coruscation Mage,blb,Bloomburrow,expansion,2024-08-02,uncommon,2.0,Creature,Creature — Otter Wizard,R,1,0,0,R,Offspring,1,224,2.0,2.0,0,0,0,0,1,871.0,3367.0,1,1,1,1,1,15,0.8,3.42,0,Gaboleps,2015
4d6f6c96-f813-4864-b4e1-b2a0aa8be1e8,Woodland Cemetery,soc,Secrets of Strixhaven Commander,commander,2026-04-24,rare,0.0,Land,Land,"B,G",2,1,0,"B,G",,0,84,0.0,0.0,0,1,0,0,0,120.0,178.0,1,1,1,0,1,13,0.8,,0,Christine Choi,2015
1679f74d-00f8-436c-9f8c-aa3f843a546c,Forsaken Miner,otj,Outlaws of Thunder Junction,expansion,2024-04-19,uncommon,1.0,Creature,Creature — Skeleton Rogue,B,1,0,0,B,,0,231,2.0,2.0,0,0,0,0,1,2503.0,228.0,1,1,1,1,1,14,0.78,3.48,0,Andrey Kuzinskiy,2015
bf148ef4-0ed7-4fbe-8ab6-01dd3981c8d3,Drown in Ichor,one,Phyrexia: All Will Be One,expansion,2023-02-10,uncommon,2.0,Sorcery,Sorcery,B,1,0,0,B,Proliferate,1,167,0.0,0.0,0,0,0,0,1,1970.0,3542.0,1,1,1,0,1,11,0.78,1.17,0,Tiffany Turrill,2015
ee008d81-df28-49a8-917d-44f66527e469,Victimize,tdc,Tarkir: Dragonstorm Commander,commander,2025-04-11,uncommon,3.0,Sorcery,Sorcery,B,1,0,0,B,,0,135,0.0,0.0,0,1,0,0,0,128.0,1482.0,1,1,1,0,0,12,0.78,,0,Craig J Spearing,2015
f465ded8-0d38-42ac-bafc-a12185013c5d,Fetid Heath,soc,Secrets of Strixhaven Commander,commander,2026-04-24,rare,0.0,Land,Land,"B,W",2,1,0,"B,W",,0,56,0.0,0.0,0,1,0,0,0,376.0,103.0,1,1,1,0,0,8,0.74,,0,Daarken,2015
b0556f20-1ea8-4ab5-9a09-dec9959f017b,Etherium Sculptor,eoc,Edge of Eternities Commander,commander,2025-08-01,common,2.0,Creature,Artifact Creature — Vedalken Artificer,U,1,0,0,U,,0,47,1.0,2.0,0,1,0,0,0,430.0,2204.0,1,1,1,0,0,9,0.74,,0,Steven Belledin,2015
1ae41080-0d67-4719-adb2-49bf2a268b6c,Hired Claw,blb,Bloomburrow,expansion,2024-08-02,rare,1.0,Creature,Creature — Lizard Mercenary,R,1,0,0,R,,0,214,1.0,2.0,0,0,0,0,1,10617.0,,1,1,1,1,1,15,0.73,2.23,0,Quintin Gleim,2015
39b11ff0-9946-4337-86fb-42e967f3d2e4,Cruel Somnophage // Can't Wake Up,woe,Wilds of Eldraine,expansion,2023-09-08,rare,2.0,Creature,Creature — Nightmare // Sorcery — Adventure,B,1,0,0,"B,U",Mill,1,0,,,0,0,0,0,1,4638.0,2152.0,1,1,1,1,1,15,0.73,0.82,0,Jason A. Engle,2015
6bd21c9e-de16-4ee9-ae16-6e82b490109d,Rugged Prairie,soc,Secrets of Strixhaven Commander,commander,2026-04-24,rare,0.0,Land,Land,"R,W",2,1,0,"R,W",,0,56,0.0,0.0,0,1,0,0,0,317.0,192.0,1,1,1,0,0,8,0.73,,0,Fred Fields,2015
744ef0bc-9973-450e-a0c4-056d8244f357,Hauntwoods Shrieker,dsk,Duskmourn: House of Horror,expansion,2024-09-27,mythic,3.0,Creature,Creature — Beast Mutant,G,1,0,0,G,"Manifest,Manifest dread",2,345,3.0,3.0,0,0,0,0,1,5841.0,6297.0,1,1,1,1,1,16,0.73,1.3,0,John Tedrick,2015
ad881aa0-decc-447b-8c8a-983546a9a55a,Mind Stone,soc,Secrets of Strixhaven Commander,commander,2026-04-24,uncommon,2.0,Artifact,Artifact,C,0,0,1,,,0,61,0.0,0.0,0,1,0,0,0,31.0,,1,1,1,0,0,14,0.73,,0,Camille Alquier,2015
7db2934a-43a0-46ad-8380-ff6703f8fd6d,Exotic Orchard,soc,Secrets of Strixhaven Commander,commander,2026-04-24,rare,0.0,Land,Land,C,0,0,1,,,0,78,0.0,0.0,0,1,0,0,0,9.0,7444.0,1,1,1,0,0,8,0.73,,0,Ron Spears,2015
15f035df-784a-4dc8-b7f5-77139a4e6e99,Mirkwood Bats,ltr,The Lord of the Rings: Tales of Middle-earth,draft_innovation,2023-06-23,common,4.0,Creature,Creature — Bat,B,1,0,0,B,Flying,1,76,2.0,3.0,0,0,0,0,1,222.0,,1,1,1,0,0,12,0.72,1.76,0,John Tedrick,2015
3cc8186b-b46f-46c0-8dfb-9e423e430048,Twilight Mire,soc,Secrets of Strixhaven Commander,commander,2026-04-24,rare,0.0,Land,Land,"B,G",2,1,0,"B,G",,0,56,0.0,0.0,0,1,0,0,0,420.0,209.0,1,1,1,0,0,8,0.71,,0,Rob Alexander,2015
d4fbcac6-8ac9-44a8-9d1a-03d0799ac253,Rising of the Day,ltr,The Lord of the Rings: Tales of Middle-earth,draft_innovation,2023-06-23,uncommon,3.0,Enchantment,Enchantment,R,1,0,0,R,,0,76,0.0,0.0,0,0,0,0,1,653.0,,1,1,1,0,0,10,0.71,0.9,0,Wei Guan,2015
6a9c39e4-a8cf-42dd-8d0e-45634b335546,"Ghalta, Primal Hunger",fdn,Foundations,core,2024-11-15,rare,12.0,Creature,Legendary Creature — Elder Dinosaur,G,1,0,0,G,Trample,1,187,12.0,12.0,0,1,0,0,1,476.0,2138.0,1,1,1,1,1,16,0.7,0.82,0,Chase Stone,2015
9d6a5ed4-54b3-4660-8d41-953336f2fe74,Talisman of Progress,tdc,Tarkir: Dragonstorm Commander,commander,2025-04-11,uncommon,2.0,Artifact,Artifact,"U,W",2,1,0,"U,W",,0,71,0.0,0.0,0,1,0,0,0,147.0,1907.0,1,1,1,0,0,11,0.69,,0,Mike Dringenberg,2015
a390a7df-b8da-41aa-93e5-2c0db938a27e,Avacyn's Pilgrim,mic,Midnight Hunt Commander,commander,2021-09-24,common,1.0,Creature,Creature — Human Monk,G,1,0,0,"G,W",,0,13,1.0,1.0,0,1,0,0,0,507.0,586.0,1,1,1,0,0,13,0.67,,0,Jana Schirmer & Johannes Voss,2015
565b4aaa-1990-4cb2-b519-2c0b1c9d5d18,Sunpetal Grove,tdc,Tarkir: Dragonstorm Commander,commander,2025-04-11,rare,0.0,Land,Land,"G,W",2,1,0,"G,W",,0,85,0.0,0.0,0,1,0,0,0,135.0,253.0,1,1,1,0,1,14,0.67,,0,Dimitar Marinski,2015
45f13a94-c693-4a3b-a0bb-f18ae9fb1ca0,Cinder Glade,tmc,Teenage Mutant Ninja Turtles Eternal,eternal,2026-03-06,rare,0.0,Land,Land — Mountain Forest,"G,R",2,1,0,"G,R",,0,90,0.0,0.0,0,1,0,0,0,84.0,972.0,1,1,1,0,1,12,0.67,,0,Matteo Bassini,2015
8e2fae80-60af-44cf-95b4-177837435d1a,Dazzling Theater // Prop Room,dsk,Duskmourn: House of Horror,expansion,2024-09-27,rare,7.0,Enchantment,Enchantment — Room // Enchantment — Room,W,1,0,0,W,,0,0,0.0,0.0,0,0,0,0,1,1845.0,,1,1,1,1,1,16,0.67,0.82,0,Henry Peters,2015
0035082e-bb86-4f95-be48-ffc87fe5286d,Emberheart Challenger,blb,Bloomburrow,expansion,2024-08-02,rare,2.0,Creature,Creature — Mouse Warrior,R,1,0,0,R,"Prowess,Valiant,Haste",3,293,2.0,2.0,0,0,0,0,1,8822.0,,1,1,1,1,1,15,0.66,1.21,0,Chris Rahn,2015
d38961ce-0257-412f-acec-c5c9886061f8,"Ezuri, Stalker of Spheres",one,Phyrexia: All Will Be One,expansion,2023-02-10,rare,4.0,Creature,Legendary Creature — Phyrexian Elf Warrior,"G,U",2,1,0,"G,U",Proliferate,1,104,3.0,3.0,0,0,0,0,1,3035.0,11862.0,1,1,1,0,1,12,0.65,0.95,0,Fariba Khamseh,2015
9dbb8991-1b2c-4045-be1f-54286027d4a1,Mortify,moc,March of the Machine Commander,commander,2023-04-21,uncommon,3.0,Instant,Instant,"B,W",2,1,0,"B,W",,0,39,0.0,0.0,0,1,0,0,0,543.0,3130.0,1,1,1,1,1,16,0.65,,0,Anthony Palumbo,2015
2fa1dac5-51ba-403e-b48b-d2c0d23a8146,Return of the Wildspeaker,ecc,Lorwyn Eclipsed Commander,commander,2026-01-23,rare,5.0,Instant,Instant,G,1,0,0,G,,0,155,0.0,0.0,0,1,0,0,0,174.0,7401.0,1,1,1,0,1,12,0.65,,0,Chris Rallis,2015
5aaf7e4c-4d5d-4acc-a834-e6c4a7629408,Essence Channeler,blb,Bloomburrow,expansion,2024-08-02,rare,2.0,Creature,Creature — Bat Cleric,W,1,0,0,W,,0,214,2.0,1.0,0,0,0,0,1,4063.0,3749.0,1,1,1,1,1,16,0.65,1.4,0,Wylie Beckert,2015
d174f42c-dcf2-4da9-812b-7e1d0991d466,Bonders' Enclave,otc,Outlaws of Thunder Junction Commander,commander,2024-04-19,rare,0.0,Land,Land,C,0,0,1,,,0,101,0.0,0.0,0,1,0,0,0,544.0,4773.0,1,1,1,0,1,12,0.64,,0,Cliff Childs,2015
d0e763f7-25b8-444f-8722-614297d0663f,Temple of Triumph,soc,Secrets of Strixhaven Commander,commander,2026-04-24,rare,0.0,Land,Land,"R,W",2,1,0,"R,W",Scry,1,153,0.0,0.0,0,1,0,0,0,287.0,1236.0,1,1,1,1,1,16,0.62,,0,Piotr Dura,2015
f09d7f4a-c947-4389-befa-1d547d0d1237,"Hugs, Grisly Guardian",blb,Bloomburrow,expansion,2024-08-02,mythic,4.0,Creature,Legendary Creature — Badger Warrior,"G,R",2,1,0,"G,R",Trample,1,178,5.0,5.0,0,0,0,0,1,4796.0,7308.0,1,1,1,1,1,16,0.62,1.38,0,Steve Prescott,2015
527cf39d-29d1-4c19-9c49-ebf611ca15d5,Wood Elves,moc,March of the Machine Commander,commander,2023-04-21,common,3.0,Creature,Creature — Elf Scout,G,1,0,0,G,,0,115,1.0,1.0,0,1,0,0,0,636.0,4472.0,1,1,1,0,0,10,0.62,,0,Josh Hass,2015
20c799a9-ab94-46e6-9111-00505e071c41,Rakdos Carnarium,ecc,Lorwyn Eclipsed Commander,commander,2026-01-23,uncommon,0.0,Land,Land,"B,R",2,1,0,"B,R",,0,111,0.0,0.0,0,1,0,0,0,457.0,1748.0,1,1,1,0,0,9,0.61,,0,John Avon,2015
5446e1ba-c745-45b2-ad05-b22abf04daec,Go for the Throat,moc,March of the Machine Commander,commander,2023-04-21,uncommon,2.0,Instant,Instant,B,1,0,0,B,,0,36,0.0,0.0,0,1,0,0,0,354.0,351.0,1,1,1,0,1,14,0.61,,0,Kristina Carroll,2015
dd29a0e5-c1de-4e8a-8866-715e9f9cde1f,Preordain,tdc,Tarkir: Dragonstorm Commander,commander,2025-04-11,common,1.0,Sorcery,Sorcery,U,1,0,0,U,Scry,1,157,0.0,0.0,0,1,0,0,0,218.0,,1,1,1,0,0,12,0.6,,0,Svetlin Velinov,2015
8ecccdf3-98c6-4aed-8757-913623efb677,Double Down,otj,Outlaws of Thunder Junction,expansion,2024-04-19,mythic,4.0,Enchantment,Enchantment,U,1,0,0,U,,0,162,0.0,0.0,0,0,0,0,1,5401.0,,1,1,1,1,1,14,0.59,0.74,0,Javier Charro,2015
8f203f04-bd73-4d88-bb5e-aab63507dbd1,Vault of the Archangel,tdc,Tarkir: Dragonstorm Commander,commander,2025-04-11,rare,0.0,Land,Land,"B,W",2,1,0,"B,W",,0,99,0.0,0.0,0,1,0,0,0,453.0,2057.0,1,1,1,0,0,7,0.59,,0,John Avon,2015
b3af679b-6ee6-4a1d-8ec3-b659bdd90b4a,"Invasion of Fiora // Marchesa, Resolute Monarch",mom,March of the Machine,expansion,2023-04-21,rare,6.0,Creature,Battle — Siege // Legendary Creature — Human Noble,B,1,0,0,B,"Transform,Menace,Deathtouch",3,0,0.0,0.0,0,0,0,0,1,5832.0,8437.0,1,1,1,0,1,12,0.58,0.86,0,Joshua Raphael,2015
6c4d0db1-74a5-42c0-ac95-e696585d8022,"Ashiok, Wicked Manipulator",woe,Wilds of Eldraine,expansion,2023-09-08,mythic,5.0,Planeswalker,Legendary Planeswalker — Ashiok,B,1,0,0,B,,0,527,0.0,0.0,0,0,0,0,1,13324.0,3032.0,1,1,1,1,1,15,0.58,0.79,0,Raymond Swanland,2015
a6a62aa3-8edb-4000-8ebd-15ec4b00eed7,Floodpits Drowner,dsk,Duskmourn: House of Horror,expansion,2024-09-27,uncommon,2.0,Creature,Creature — Merfolk,U,1,0,0,U,"Vigilance,Flash",2,224,2.0,1.0,0,0,0,0,1,8525.0,1573.0,1,1,1,1,1,15,0.57,1.12,0,John Tedrick,2015
ae54d697-6d06-4af1-a617-8a47a6ab9c01,Entity Tracker,dsk,Duskmourn: House of Horror,expansion,2024-09-27,rare,3.0,Creature,Creature — Human Scout,U,1,0,0,U,"Flash,Eerie",2,107,2.0,3.0,0,0,0,0,1,2269.0,5778.0,1,1,1,1,1,16,0.56,0.68,0,Cristi Balanescu,2015
3a836e6b-6854-4f6f-bc78-2da1fd4dd224,Blue Sun's Twilight,one,Phyrexia: All Will Be One,expansion,2023-02-10,rare,2.0,Sorcery,Sorcery,U,1,0,0,U,,0,124,0.0,0.0,0,0,0,0,1,3945.0,7183.0,1,1,1,0,1,12,0.56,0.49,0,Piotr Dura,2015
0f055754-58cf-474a-a3a9-59490dbf9dce,Sevinne's Reclamation,mh3,Modern Horizons 3,draft_innovation,2024-06-14,rare,3.0,Sorcery,Sorcery,W,1,0,0,W,Flashback,1,302,0.0,0.0,0,1,0,0,1,344.0,1847.0,1,1,1,0,0,11,0.56,1.11,0,Zoltan Boros,2015
0b3c33b7-5b15-4b61-bfd6-1ffa823eb28a,Midnight Clock,otc,Outlaws of Thunder Junction Commander,commander,2024-04-19,rare,3.0,Artifact,Artifact,U,1,0,0,U,,0,280,0.0,0.0,0,1,0,0,0,591.0,909.0,1,1,1,0,1,12,0.56,,0,Alexander Forssberg,2015
89b39293-6f57-4294-85fc-c718bdbb4d40,Cankerbloom,one,Phyrexia: All Will Be One,expansion,2023-02-10,uncommon,2.0,Creature,Creature — Phyrexian Fungus,G,1,0,0,G,Proliferate,1,223,3.0,2.0,0,0,0,0,1,690.0,1323.0,1,1,1,0,1,11,0.55,0.51,0,Nicholas Gregory,2015
cf224968-b676-40dd-83c1-a9ee2ceba574,Ingenious Prodigy,woe,Wilds of Eldraine,expansion,2023-09-08,rare,1.0,Creature,Creature — Human Wizard,U,1,0,0,U,Skulk,1,273,0.0,1.0,0,0,0,0,1,3524.0,5930.0,1,1,1,1,1,15,0.54,0.76,0,Brian Valeza,2015
443a4eac-f972-4027-aed4-552d4edc2ce1,"Syr Konrad, the Grim",dsc,Duskmourn: House of Horror Commander,commander,2024-09-27,uncommon,5.0,Creature,Legendary Creature — Human Knight,B,1,0,0,B,Mill,1,304,5.0,4.0,0,1,0,0,0,247.0,3885.0,1,1,1,0,1,11,0.54,,0,Anna Steinbauer,2015
b6af9894-95b5-4c8e-902f-a9ba70f02e4a,"Etali, Primal Storm",fdn,Foundations,core,2024-11-15,rare,6.0,Creature,Legendary Creature — Elder Dinosaur,R,1,0,0,R,,0,163,6.0,6.0,0,1,0,0,1,257.0,4732.0,1,1,1,1,1,16,0.52,0.6,0,Raymond Swanland,2015
2443cb94-b27e-4a96-93cb-ac7880149bcc,Beamtown Beatstick,mom,March of the Machine,expansion,2023-04-21,common,1.0,Artifact,Artifact — Equipment,R,1,0,0,R,"Treasure,Equip",2,275,0.0,0.0,0,0,0,0,1,2525.0,9061.0,1,1,1,0,1,13,0.5,0.51,0,Konstantin Porubov,2015
5fc0b82a-f943-4330-b9e7-bb4527354bfd,All That Glitters,cmm,Commander Masters,masters,2023-08-04,common,2.0,Enchantment,Enchantment — Aura,W,1,0,0,W,Enchant,1,96,0.0,0.0,0,1,0,0,1,601.0,1127.0,1,1,1,0,1,12,0.49,0.58,0,Iain McCaig,2015
84e1cc7d-e645-4b0e-b117-63f93528ed12,Boon-Bringer Valkyrie,mom,March of the Machine,expansion,2023-04-21,rare,5.0,Creature,Creature — Angel Warrior,W,1,0,0,W,"Flying,Lifelink,Backup,First strike",4,188,4.0,4.0,0,0,0,0,1,8450.0,1196.0,1,1,1,0,1,12,0.48,0.44,0,Heonhwa,2015
7dea7997-546d-474a-b362-31714abe2bb5,Bedevil,dsc,Duskmourn: House of Horror Commander,commander,2024-09-27,rare,3.0,Instant,Instant,"B,R",2,1,0,"B,R",,0,51,0.0,0.0,0,1,0,0,0,461.0,2121.0,1,1,1,0,1,12,0.48,,0,Nicholas Gregory,2015
83dfb2a5-cd5c-46c6-9bb8-7c5d00f3e003,Infectious Bite,one,Phyrexia: All Will Be One,expansion,2023-02-10,uncommon,2.0,Instant,Instant,G,1,0,0,G,,0,134,0.0,0.0,0,0,0,0,1,2648.0,8435.0,1,1,1,0,1,11,0.47,0.57,0,Campbell White,2015
95e0760a-d285-493b-88cd-7556d9b10007,Farseek,eoc,Edge of Eternities Commander,commander,2025-08-01,common,2.0,Sorcery,Sorcery,G,1,0,0,G,,0,116,0.0,0.0,0,1,0,0,0,22.0,1205.0,1,1,1,0,0,13,0.47,,0,Julian Kok Joon Wen,2015
c2cad902-ffd2-4bab-b114-b4b6df2ac6b3,Colossification,blb,Bloomburrow,expansion,2024-08-02,rare,7.0,Enchantment,Enchantment — Aura,G,1,0,0,G,Enchant,1,96,0.0,0.0,0,1,0,0,0,3800.0,3944.0,1,1,1,1,1,16,0.47,,0,Johan Grenier,2015
49c37c0e-d363-4033-a069-710241cd9923,Boros Signet,tdc,Tarkir: Dragonstorm Commander,commander,2025-04-11,uncommon,2.0,Artifact,Artifact,"R,W",2,1,0,"R,W",,0,21,0.0,0.0,0,1,0,0,0,232.0,2468.0,1,1,1,0,0,13,0.47,,0,Ron Spears,2015
a31ffc9e-d21b-4a8f-ac67-695e38e09e3b,Austere Command,mkc,Murders at Karlov Manor Commander,commander,2024-02-09,rare,6.0,Sorcery,Sorcery,W,1,0,0,W,,0,170,0.0,0.0,0,1,0,0,0,164.0,4795.0,1,1,1,0,0,8,0.46,,0,Anna Steinbauer,2015
707d733d-2928-4215-91d2-1340fc9ee903,Scavenger Grounds,otc,Outlaws of Thunder Junction Commander,commander,2024-04-19,rare,0.0,Land,Land — Desert,C,0,0,1,,,0,65,0.0,0.0,0,1,0,0,0,316.0,927.0,1,1,1,0,1,12,0.46,,0,Steven Belledin,2015
269a926d-7788-4668-8bd8-7572dbf5f5eb,Thespian's Stage,2xm,Double Masters,masters,2020-08-07,rare,0.0,Land,Land,C,0,0,1,,,0,92,0.0,0.0,0,1,0,0,1,541.0,423.0,1,1,1,0,1,11,0.45,2.02,0,John Avon,2015
c977d89a-bfd1-4e98-9d95-3e41c53dd188,"Emry, Lurker of the Loch",eoc,Edge of Eternities Commander,commander,2025-08-01,rare,3.0,Creature,Legendary Creature — Merfolk Wizard,U,1,0,0,U,"Affinity,Mill",2,263,1.0,2.0,0,1,0,0,0,616.0,,1,1,1,0,1,10,0.45,,0,Livia Prima,2015
3f8c8fa2-12ab-4f6a-9f7a-2bc69e9ba024,Arid Archway,otj,Outlaws of Thunder Junction,expansion,2024-04-19,uncommon,0.0,Land,Land — Desert,C,0,0,1,,Surveil,1,239,0.0,0.0,0,0,0,0,1,1427.0,3084.0,1,1,1,1,1,14,0.45,0.87,0,Raymond Bonilla,2015
3aa15173-06c7-4d25-97c8-523d23eaf973,Cascade Bluffs,eoc,Edge of Eternities Commander,commander,2025-08-01,rare,0.0,Land,Land,"R,U",2,1,0,"R,U",,0,56,0.0,0.0,0,1,0,0,0,324.0,94.0,1,1,1,0,0,8,0.44,,0,Brandon Kitkouski,2015
897976cb-a242-493e-b215-843bcdb6b44d,Dragonskull Summit,tmc,Teenage Mutant Ninja Turtles Eternal,eternal,2026-03-06,rare,0.0,Land,Land,"B,R",2,1,0,"B,R",,0,86,0.0,0.0,0,1,0,0,0,88.0,145.0,1,1,1,0,1,14,0.44,,0,Svetlin Velinov,2015
b58c4033-f764-42f6-966f-b7202a2babbf,Garruk's Uprising,ecc,Lorwyn Eclipsed Commander,commander,2026-01-23,uncommon,3.0,Enchantment,Enchantment,G,1,0,0,G,,0,308,0.0,0.0,0,1,0,0,0,92.0,3208.0,1,1,1,1,1,15,0.44,,0,Wisnu Tan,2015
72ee3b45-aa4e-4c5b-a9e6-608bfbd93f8b,Come Back Wrong,dsk,Duskmourn: House of Horror,expansion,2024-09-27,rare,3.0,Sorcery,Sorcery,B,1,0,0,B,,0,179,0.0,0.0,0,0,0,0,1,3766.0,8934.0,1,1,1,1,1,16,0.43,0.46,0,David Auden Nash,2015
b0d4a6c0-f00e-45a7-9c88-899460007020,Hylda's Crown of Winter,woe,Wilds of Eldraine,expansion,2023-09-08,rare,3.0,Artifact,Legendary Artifact,C,0,0,1,,,0,189,0.0,0.0,0,0,0,0,1,5139.0,10804.0,1,1,1,1,1,15,0.43,0.51,0,Volkan Baǵa,2015
211af1bf-910b-41a5-b928-f378188d1871,Azure Beastbinder,blb,Bloomburrow,expansion,2024-08-02,rare,2.0,Creature,Creature — Rat Rogue,U,1,0,0,U,Vigilance,1,309,1.0,3.0,0,0,0,0,1,3973.0,5560.0,1,1,1,1,1,16,0.42,0.94,0,Adam Paquette,2015
6ed3dd5e-cd27-4b18-ad60-f5c4d9a811b9,Grievous Wound,dsk,Duskmourn: House of Horror,expansion,2024-09-27,rare,5.0,Enchantment,Enchantment — Aura,B,1,0,0,B,Enchant,1,130,0.0,0.0,0,0,0,0,1,3481.0,,1,1,1,1,1,16,0.42,0.45,0,Martina Fačková,2015
b7c47024-5e08-4b17-b41a-7647f8b814b9,Rampant Growth,tdc,Tarkir: Dragonstorm Commander,commander,2025-04-11,common,2.0,Sorcery,Sorcery,G,1,0,0,G,,0,99,0.0,0.0,0,1,0,0,0,26.0,650.0,1,1,1,0,0,15,0.42,,0,Steven Belledin,2015
c6627166-bf0e-49f2-9077-252cfb0fab4d,Night's Whisper,ecc,Lorwyn Eclipsed Commander,commander,2026-01-23,common,2.0,Sorcery,Sorcery,B,1,0,0,B,,0,35,0.0,0.0,0,1,0,0,0,191.0,,1,1,1,0,0,13,0.42,,0,John Severin Brassell,2015
e43e3d71-4fb8-4ab1-8c8f-b65ae3ad4cc4,"Ghired, Mirror of the Wilds",otj,Outlaws of Thunder Junction,expansion,2024-04-19,mythic,3.0,Creature,Legendary Creature — Human Shaman,"G,R,W",3,1,0,"G,R,W",Haste,1,129,3.0,3.0,0,0,0,0,1,8674.0,,1,1,1,1,1,15,0.42,0.51,0,Diego Gisbert,2015
ddf6ece8-d7c8-43a7-a318-f6eac2932b15,Necroblossom Snarl,dsc,Duskmourn: House of Horror Commander,commander,2024-09-27,rare,0.0,Land,Land,"B,G",2,1,0,"B,G",,0,134,0.0,0.0,0,1,0,0,0,557.0,871.0,1,1,1,0,1,12,0.41,,0,Sam Burley,2015
94751d5e-7693-44af-b1b5-e440677dc7a2,Bident of Thassa,lcc,The Lost Caverns of Ixalan Commander,commander,2023-11-17,rare,4.0,Enchantment,Legendary Enchantment Artifact,U,1,0,0,U,,0,157,0.0,0.0,0,1,0,0,0,405.0,5037.0,1,1,1,0,1,12,0.41,,0,Yeong-Hao Han,2015
8388c4e8-bda1-47e5-8df2-ddec5babcaf9,Talisman of Curiosity,mkc,Murders at Karlov Manor Commander,commander,2024-02-09,uncommon,2.0,Artifact,Artifact,"G,U",2,1,0,"G,U",,0,71,0.0,0.0,0,1,0,0,0,446.0,2344.0,1,1,1,0,0,10,0.41,,0,Lindsey Look,2015
c6f1e60f-a195-4590-80b0-86767de6c423,Avenger of Zendikar,ecc,Lorwyn Eclipsed Commander,commander,2026-01-23,mythic,7.0,Creature,Creature — Elemental,G,1,0,0,G,Landfall,1,204,5.0,5.0,0,1,0,0,0,264.0,6623.0,1,1,1,0,0,8,0.41,,0,Zoltan Boros & Gabor Szikszai,2015
1db1ae7b-ed48-409f-8d50-07c7e8c6c128,Djeru and Hazoret,mom,March of the Machine,expansion,2023-04-21,rare,5.0,Creature,Legendary Creature — Human God,"R,W",2,1,0,"R,W",,0,366,5.0,4.0,0,0,0,0,1,4968.0,4800.0,1,1,1,0,1,12,0.41,0.46,0,Matt Stewart,2015
50895202-f1a1-4840-a11a-55b78b8b5929,Grab the Prize,dsk,Duskmourn: House of Horror,expansion,2024-09-27,common,2.0,Sorcery,Sorcery,R,1,0,0,R,,0,163,0.0,0.0,0,0,0,0,1,1553.0,3185.0,1,1,1,1,1,17,0.41,0.86,0,Halil Ural,2015
11798730-6788-4e0b-a828-b46cab1a4fa7,Invasion of Gobakhan // Lightshield Array,mom,March of the Machine,expansion,2023-04-21,rare,2.0,Enchantment,Battle — Siege // Enchantment,W,1,0,0,W,Transform,1,0,0.0,0.0,0,0,0,0,1,8005.0,224.0,1,1,1,0,1,12,0.4,0.58,0,Andreas Zafiratos,2015
b22ef77b-67a3-45d3-9d18-12b7b124cbf4,Deadly Dispute,tdc,Tarkir: Dragonstorm Commander,commander,2025-04-11,common,2.0,Instant,Instant,B,1,0,0,B,Treasure,1,200,0.0,0.0,0,1,0,0,0,132.0,1103.0,1,1,1,0,1,12,0.4,,0,Irina Nordsol,2015
eca092fc-7c67-4a73-989e-5297bbaaea76,Demand Answers,mkm,Murders at Karlov Manor,expansion,2024-02-09,common,2.0,Instant,Instant,R,1,0,0,R,,0,98,0.0,0.0,0,0,0,0,1,415.0,1353.0,1,1,1,1,1,17,0.4,0.55,0,Justyna Dura,2015
27554761-8d6e-4de4-8ce3-f31b2c03708c,Dispatch,eoc,Edge of Eternities Commander,commander,2025-08-01,uncommon,1.0,Instant,Instant,W,1,0,0,W,Metalcraft,1,94,0.0,0.0,0,1,0,0,0,488.0,1207.0,1,1,1,0,0,7,0.4,,0,Erica Yang,2015
d60d2e62-06da-410a-81ed-6cebb2632fb6,Insidious Fungus,dsk,Duskmourn: House of Horror,expansion,2024-09-27,uncommon,1.0,Creature,Creature — Fungus,G,1,0,0,G,,0,187,1.0,2.0,0,0,0,0,1,2020.0,444.0,1,1,1,1,1,15,0.4,0.49,0,Slawomir Maniak,2015
77720d2e-2b7b-492b-852c-eea5061eb31b,Invasion of Innistrad // Deluge of the Dead,mom,March of the Machine,expansion,2023-04-21,mythic,4.0,Enchantment,Battle — Siege // Enchantment,B,1,0,0,B,"Transform,Flash",2,0,0.0,0.0,0,0,0,0,1,10566.0,,1,1,1,0,1,11,0.4,0.49,0,Alexey Kruglov,2015
ab38adb5-8f16-4a4a-8dbc-f6ec14ca6c9f,Ghostly Dancers,dsk,Duskmourn: House of Horror,expansion,2024-09-27,rare,5.0,Creature,Creature — Spirit,W,1,0,0,W,"Flying,Eerie",2,283,2.0,5.0,0,0,0,0,1,3854.0,9091.0,1,1,1,1,1,16,0.4,0.35,0,Josh Newton,2015
f683d5a1-b8bf-446f-9fe3-88a4398bf3cf,"Arabella, Abandoned Doll",dsk,Duskmourn: House of Horror,expansion,2024-09-27,uncommon,2.0,Creature,Legendary Artifact Creature — Toy,"R,W",2,1,0,"R,W",,0,151,1.0,3.0,0,0,0,0,1,2329.0,4308.0,1,1,1,1,1,15,0.4,1.06,0,J.P. Targete,2015
78b0f36b-7d8c-4e77-adc2-a4dad93a81d5,Copperline Gorge,one,Phyrexia: All Will Be One,expansion,2023-02-10,rare,0.0,Land,Land,"G,R",2,1,0,"G,R",,0,89,0.0,0.0,0,1,0,0,1,1460.0,59.0,1,1,1,0,1,13,0.39,0.8,0,Yeong-Hao Han,2015
1918ea65-ab7f-4d40-97fd-a656c892a2a1,Reclamation Sage,fdn,Foundations,core,2024-11-15,uncommon,3.0,Creature,Creature — Elf Shaman,G,1,0,0,G,,0,74,2.0,1.0,0,1,0,0,1,291.0,1020.0,1,1,1,1,1,15,0.39,0.31,0,Christopher Moeller,2015
febaaeae-5c0d-45fa-8169-b27b4996f18e,Chrome Host Seedshark,mom,March of the Machine,expansion,2023-04-21,rare,3.0,Creature,Creature — Phyrexian Shark,U,1,0,0,U,"Flying,Incubate,Transform",3,236,2.0,4.0,0,0,0,0,1,3386.0,330.0,1,1,1,0,1,12,0.39,0.67,0,Donato Giancola,2015
b000f605-177f-459d-a197-fcf54efec2fb,Stroke of Midnight,tdc,Tarkir: Dragonstorm Commander,commander,2025-04-11,uncommon,3.0,Instant,Instant,W,1,0,0,W,,0,90,0.0,0.0,0,1,0,0,0,189.0,2556.0,1,1,1,1,1,15,0.39,,0,Julia Metzger,2015
014bf3c6-e46f-48f8-902f-82deeba260b2,Assimilation Aegis,otj,Outlaws of Thunder Junction,expansion,2024-04-19,mythic,3.0,Artifact,Artifact — Equipment,"U,W",2,1,0,"U,W",Equip,1,300,0.0,0.0,0,0,0,0,1,9574.0,,1,1,1,1,1,14,0.39,0.6,0,Matt Stewart,2015
fd5be605-c7c3-4c0b-a68e-65452b27d3ce,Guttersnipe,tdc,Tarkir: Dragonstorm Commander,commander,2025-04-11,uncommon,3.0,Creature,Creature — Goblin Shaman,R,1,0,0,R,,0,93,2.0,2.0,0,1,0,0,0,403.0,4629.0,1,1,1,1,1,17,0.38,,0,Andrey Kuzinskiy,2015
145dcac4-2c53-4ae9-9ede-24dc07474b01,Faeburrow Elder,ecc,Lorwyn Eclipsed Commander,commander,2026-01-23,rare,3.0,Creature,Creature — Treefolk Druid,"G,W",2,1,0,"G,W",Vigilance,1,157,0.0,0.0,0,1,0,0,0,523.0,5779.0,1,1,1,0,1,12,0.38,,0,Mark Zug,2015
058f30e5-64a9-4d6b-b7a6-0fd95d460cae,Mortuary Mire,clb,Commander Legends: Battle for Baldur's Gate,draft_innovation,2022-06-10,common,0.0,Land,Land,B,1,0,0,B,,0,138,0.0,0.0,0,1,0,0,0,633.0,2953.0,1,1,1,0,1,9,0.38,,0,James Paick,2015
5135919f-7b10-4a2e-a98a-83ed1347ad36,Talisman of Impulse,tdc,Tarkir: Dragonstorm Commander,commander,2025-04-11,uncommon,2.0,Artifact,Artifact,"G,R",2,1,0,"G,R",,0,71,0.0,0.0,0,1,0,0,0,566.0,1625.0,1,1,1,0,0,11,0.38,,0,Mike Dringenberg,2015
f1d7e8c9-0936-47eb-8996-309e7a7edcad,Distant Melody,ecc,Lorwyn Eclipsed Commander,commander,2026-01-23,common,4.0,Sorcery,Sorcery,U,1,0,0,U,,0,80,0.0,0.0,0,1,0,0,0,620.0,8411.0,1,1,1,0,0,13,0.38,,0,Warren Mahy,2015
32370f05-52a2-405f-b2bb-1b8a9b0b69f8,Freestrider Lookout,otj,Outlaws of Thunder Junction,expansion,2024-04-19,rare,3.0,Creature,Creature — Human Rogue,G,1,0,0,G,Reach,1,343,3.0,3.0,0,0,0,0,1,5371.0,1056.0,1,1,1,1,1,15,0.38,0.4,0,Matt Zeilinger,2015
65a2fcc9-2317-48a1-a5eb-234fb3300364,Encroaching Mycosynth,one,Phyrexia: All Will Be One,expansion,2023-02-10,rare,4.0,Artifact,Artifact,U,1,0,0,U,,0,196,0.0,0.0,0,0,0,0,1,3781.0,14281.0,1,1,1,0,1,12,0.38,0.53,0,Martin de Diego Sádaba,2015
cab4539a-0157-4cbe-b50f-6e2575df74e9,Cruelclaw's Heist,blb,Bloomburrow,expansion,2024-08-02,rare,2.0,Sorcery,Sorcery,B,1,0,0,B,Gift,1,343,0.0,0.0,0,0,0,0,1,5744.0,132.0,1,1,1,1,1,16,0.38,0.47,0,Brian Valeza,2015
64b67170-1602-4050-80c0-ade2a6cac211,Rakdos Charm,eoc,Edge of Eternities Commander,commander,2025-08-01,uncommon,2.0,Instant,Instant,"B,R",2,1,0,"B,R",,0,124,0.0,0.0,0,1,0,0,0,322.0,2713.0,1,1,1,0,1,11,0.38,,0,Zoltan Boros,2015
f19d2b68-1415-4a0c-bb68-cfacb611c4d2,Gruul Turf,ecc,Lorwyn Eclipsed Commander,commander,2026-01-23,uncommon,0.0,Land,Land,"G,R",2,1,0,"G,R",,0,111,0.0,0.0,0,1,0,0,0,398.0,1580.0,1,1,1,0,0,10,0.38,,0,John Avon,2015
21f579c9-4b74-4461-8812-dcfd68fd2b97,Terminate,ecc,Lorwyn Eclipsed Commander,commander,2026-01-23,common,2.0,Instant,Instant,"B,R",2,1,0,"B,R",,0,49,0.0,0.0,0,1,0,0,0,219.0,269.0,1,1,1,0,0,14,0.38,,0,Wayne Reynolds,2015
67198b97-bac2-480f-aea8-12841e8884de,Karplusan Forest,eoc,Edge of Eternities Commander,commander,2025-08-01,rare,0.0,Land,Land,"G,R",2,1,0,"G,R",,0,67,0.0,0.0,0,1,0,0,0,226.0,117.0,1,1,1,0,1,13,0.38,,0,Sam Burley,2015
e9a31863-9649-4a4f-99e4-c93729938bd7,Hunter's Talent,blb,Bloomburrow,expansion,2024-08-02,uncommon,2.0,Enchantment,Enchantment — Class,G,1,0,0,G,,0,402,0.0,0.0,0,0,0,0,1,3664.0,2337.0,1,1,1,1,1,15,0.38,0.39,0,Kisung Koh,2015
3e241642-5172-4437-b694-f6aa159d5cd9,Inspiring Call,fdn,Foundations,core,2024-11-15,uncommon,3.0,Instant,Instant,G,1,0,0,G,,0,184,0.0,0.0,0,1,0,0,1,276.0,7655.0,1,1,1,1,1,15,0.38,0.39,0,Dan Murayama Scott,2015
f11d7311-4066-4a5d-ba28-9857fa707a0b,Exsanguinate,fdn,Foundations,core,2024-11-15,uncommon,2.0,Sorcery,Sorcery,B,1,0,0,B,,0,74,0.0,0.0,0,1,0,0,1,307.0,7192.0,1,1,1,1,1,16,0.38,0.43,0,Marie Magny,2015
c96ac326-de44-470b-a592-a4c2a052c091,Fell,blb,Bloomburrow,expansion,2024-08-02,uncommon,2.0,Sorcery,Sorcery,B,1,0,0,B,,0,24,0.0,0.0,0,0,0,0,1,2737.0,943.0,1,1,1,1,1,15,0.38,0.46,0,A. M. Sartor,2015
d3600e12-5633-42fd-b1cc-e90790a16b20,Crumbling Necropolis,lcc,The Lost Caverns of Ixalan Commander,commander,2023-11-17,uncommon,0.0,Land,Land,"B,R,U",3,1,0,"B,R,U",,0,51,0.0,0.0,0,1,0,0,0,351.0,661.0,1,1,1,0,0,7,0.37,,0,Volkan Baǵa,2015
2c747a97-9070-4c1e-b7b7-52637fbb30e1,Izzet Signet,tdc,Tarkir: Dragonstorm Commander,commander,2025-04-11,common,2.0,Artifact,Artifact,"R,U",2,1,0,"R,U",,0,21,0.0,0.0,0,1,0,0,0,165.0,1946.0,1,1,1,0,0,13,0.37,,0,Raoul Vitale,2015
c75eeb97-3249-4762-84b0-387f27fb255f,Arcane Sanctum,dsc,Duskmourn: House of Horror Commander,commander,2024-09-27,uncommon,0.0,Land,Land,"B,U,W",3,1,0,"B,U,W",,0,51,0.0,0.0,0,1,0,0,0,334.0,475.0,1,1,1,0,0,7,0.37,,0,Anthony Francisco,2015
2430acb7-b371-4a03-88e7-0660a51836dd,Infernal Grasp,ecc,Lorwyn Eclipsed Commander,commander,2026-01-23,uncommon,2.0,Instant,Instant,B,1,0,0,B,,0,41,0.0,0.0,0,1,0,0,0,271.0,499.0,1,1,1,0,1,11,0.37,,0,Naomi Baker,2015
7ab1a074-9d92-4125-9200-84cd035f8f53,Buried Ruin,eoc,Edge of Eternities Commander,commander,2025-08-01,uncommon,0.0,Land,Land,C,0,0,1,,,0,106,0.0,0.0,0,1,0,0,0,195.0,756.0,1,1,1,0,0,11,0.37,,0,Franz Vohwinkel,2015
6f6f9d3d-600d-43f3-a915-612e5d53aaa1,Crystal Grotto,woe,Wilds of Eldraine,expansion,2023-09-08,common,0.0,Land,Land,C,0,0,1,,Scry,1,81,0.0,0.0,0,1,0,0,1,2539.0,1887.0,1,1,1,1,1,16,0.37,0.33,0,Andreas Zafiratos,2015
fd0e8a82-0201-483e-a976-5f29764b35a4,Ethereal Armor,dsk,Duskmourn: House of Horror,expansion,2024-09-27,uncommon,1.0,Enchantment,Enchantment — Aura,W,1,0,0,W,Enchant,1,101,0.0,0.0,0,1,0,0,1,1062.0,868.0,1,1,1,1,1,17,0.37,0.68,0,Tyler Walpole,2015
84ad8ed7-1429-432e-8217-a4db3b97675c,Hell to Pay,otj,Outlaws of Thunder Junction,expansion,2024-04-19,rare,1.0,Sorcery,Sorcery,R,1,0,0,R,Treasure,1,158,0.0,0.0,0,0,0,0,1,2700.0,6901.0,1,1,1,1,1,15,0.37,0.43,0,Liiga Smilshkalne,2015
34bbf1c1-2868-4c9e-b5c4-1aae86faed6c,Borborygmos and Fblthp,mom,March of the Machine,expansion,2023-04-21,mythic,5.0,Creature,Legendary Creature — Cyclops Homunculus,"G,R,U",3,1,0,"G,R,U",,0,307,6.0,5.0,0,0,0,0,1,17040.0,8700.0,1,1,1,0,1,12,0.37,0.44,0,Rudy Siswanto,2015
e5bb4def-c67c-44c2-b3b2-8c53a077432d,Black Sun's Twilight,one,Phyrexia: All Will Be One,expansion,2023-02-10,rare,1.0,Instant,Instant,B,1,0,0,B,,0,170,0.0,0.0,0,0,0,0,1,4441.0,7981.0,1,1,1,0,1,12,0.37,0.45,0,Jonas De Ro,2015
74f9c819-719a-461b-8e7e-a26c88e8099b,Evolving Wilds,woe,Wilds of Eldraine,expansion,2023-09-08,common,0.0,Land,Land,C,0,0,1,,,0,118,0.0,0.0,0,1,0,0,1,17.0,85.0,1,1,1,1,1,19,0.37,0.2,0,Alayna Danner,2015
5148fe39-739f-4e9a-8c98-b7b983759138,Boros Garrison,mkc,Murders at Karlov Manor Commander,commander,2024-02-09,uncommon,0.0,Land,Land,"R,W",2,1,0,"R,W",,0,111,0.0,0.0,0,1,0,0,0,441.0,3313.0,1,1,1,0,0,9,0.37,,0,John Avon,2015
06c0383a-ad82-4a22-8f55-2613048e3275,Temple of Malice,dsc,Duskmourn: House of Horror Commander,commander,2024-09-27,rare,0.0,Land,Land,"B,R",2,1,0,"B,R",Scry,1,153,0.0,0.0,0,1,0,0,0,399.0,822.0,1,1,1,1,1,16,0.37,,0,Jonas De Ro,2015
716d82a1-fb5d-4607-b1fa-e8e9edd4dd77,Intangible Virtue,inr,Innistrad Remastered,masters,2025-01-24,uncommon,2.0,Enchantment,Enchantment,W,1,0,0,W,,0,57,0.0,0.0,0,1,0,0,1,631.0,1869.0,1,1,1,0,0,11,0.37,0.33,0,Clint Cearley,2015
9503a1e6-f0bf-44d0-a28b-56fbfcff1ff2,Guardian of Ghirapur,mom,March of the Machine,expansion,2023-04-21,rare,3.0,Creature,Creature — Angel,W,1,0,0,W,Flying,1,190,3.0,3.0,0,0,0,0,1,7681.0,473.0,1,1,1,0,1,12,0.37,0.34,0,Cynthia Sheppard,2015
96a05063-0556-42e4-8d4c-8e92be160ef5,Horned Loch-Whale // Lagoon Breach,woe,Wilds of Eldraine,expansion,2023-09-08,rare,6.0,Creature,Creature — Whale // Instant — Adventure,U,1,0,0,U,"Ward,Flash",2,0,6.0,6.0,0,0,0,0,1,8290.0,112.0,1,1,1,1,1,15,0.37,0.2,0,Simon Dominic,2015
bfac9395-7ca5-48dd-ab83-7c26ada12f61,Izzet Boilerworks,otc,Outlaws of Thunder Junction Commander,commander,2024-04-19,uncommon,0.0,Land,Land,"R,U",2,1,0,"R,U",,0,111,0.0,0.0,0,1,0,0,0,378.0,533.0,1,1,1,0,0,9,0.37,,0,John Avon,2015
98563d19-fa5d-4395-ba6c-2bd724d9c410,Secluded Courtyard,ecc,Lorwyn Eclipsed Commander,commander,2026-01-23,uncommon,0.0,Land,Land,C,0,0,1,,,0,219,0.0,0.0,0,1,0,0,0,215.0,485.0,1,1,1,1,1,15,0.36,,0,Alayna Danner,2015
a776f96b-01bf-430a-b1ad-9f4651070610,Feed the Swarm,tdc,Tarkir: Dragonstorm Commander,commander,2025-04-11,common,2.0,Sorcery,Sorcery,B,1,0,0,B,,0,112,0.0,0.0,0,1,0,0,0,89.0,305.0,1,1,1,1,1,17,0.36,,0,Andrey Kuzinskiy,2015
e9236b80-fa80-4da3-a357-db7749011499,Foreboding Ruins,dsc,Duskmourn: House of Horror Commander,commander,2024-09-27,rare,0.0,Land,Land,"B,R",2,1,0,"B,R",,0,136,0.0,0.0,0,1,0,0,0,319.0,370.0,1,1,1,0,1,12,0.36,,0,Adam Paquette,2015
f37a4bc1-3702-44d7-8b29-dca99b563c6b,Despark,tdc,Tarkir: Dragonstorm Commander,commander,2025-04-11,uncommon,2.0,Instant,Instant,"B,W",2,1,0,"B,W",,0,52,0.0,0.0,0,1,0,0,0,391.0,4711.0,1,1,1,0,1,12,0.36,,0,Slawomir Maniak,2015
81039daf-0d54-4474-a833-fa287ec10cf9,Hidetsugu and Kairi,mom,March of the Machine,expansion,2023-04-21,rare,5.0,Creature,Legendary Creature — Ogre Demon Dragon,"B,U",2,1,0,"B,U",Flying,1,329,5.0,4.0,0,0,0,0,1,7644.0,3569.0,1,1,1,0,1,12,0.36,0.32,0,Chris Rahn,2015
4f8dc511-e307-4412-bb79-375a6077312d,Another Round,otj,Outlaws of Thunder Junction,expansion,2024-04-19,rare,3.0,Sorcery,Sorcery,W,1,0,0,W,,0,146,0.0,0.0,0,0,0,0,1,3480.0,10089.0,1,1,1,1,1,15,0.36,0.39,0,Darrell Riche,2015
e508ae5d-ffb5-4480-be90-a4394954b559,Experimental Augury,one,Phyrexia: All Will Be One,expansion,2023-02-10,common,2.0,Instant,Instant,U,1,0,0,U,Proliferate,1,254,0.0,0.0,0,0,0,0,1,1307.0,2163.0,1,1,1,0,1,13,0.36,0.4,0,Donato Giancola,2015
5da14d86-0780-4821-a799-96f64b377df4,Accursed Marauder,mh3,Modern Horizons 3,draft_innovation,2024-06-14,common,2.0,Creature,Creature — Zombie Warrior,B,1,0,0,B,,0,86,2.0,1.0,0,0,0,0,1,487.0,,1,1,1,0,0,12,0.36,0.95,0,Paolo Parente,2015
6fc27b30-8c8e-434c-a72c-e1d409efc1ae,"Doc Aurlock, Grizzled Genius",otj,Outlaws of Thunder Junction,expansion,2024-04-19,uncommon,2.0,Creature,Legendary Creature — Bear Druid,"G,U",2,1,0,"G,U",,0,118,2.0,3.0,0,0,0,0,1,2340.0,4370.0,1,1,1,1,1,14,0.36,1.14,0,Jesper Ejsing,2015
485dc8d8-9e44-4a0f-9ff6-fa448e232290,Bandit's Talent,blb,Bloomburrow,expansion,2024-08-02,uncommon,2.0,Enchantment,Enchantment — Class,B,1,0,0,B,,0,399,0.0,0.0,0,0,0,0,1,4410.0,139.0,1,1,1,1,1,15,0.36,0.47,0,Volkan Baǵa,2015
e9ad18b2-1061-4893-9171-07ffe142a762,Choked Estuary,mkc,Murders at Karlov Manor Commander,commander,2024-02-09,rare,0.0,Land,Land,"B,U",2,1,0,"B,U",,0,135,0.0,0.0,0,1,0,0,0,283.0,251.0,1,1,1,0,1,12,0.36,,0,Vincent Proce,2015
6a0b230b-d391-4998-a3f7-7b158a0ec2cd,Llanowar Elves,fdn,Foundations,core,2024-11-15,common,1.0,Creature,Creature — Elf Druid,G,1,0,0,G,,0,13,1.0,1.0,0,1,0,0,1,62.0,275.0,1,1,1,1,1,19,0.36,0.44,0,Kev Walker,2015
86b0edaf-8cfd-4508-9554-6f0fddc2dfc4,Archfiend of the Dross,one,Phyrexia: All Will Be One,expansion,2023-02-10,rare,4.0,Creature,Creature — Phyrexian Demon,B,1,0,0,B,Flying,1,265,6.0,6.0,0,0,0,0,1,6642.0,2374.0,1,1,1,0,1,12,0.36,0.42,0,Lie Setiawan,2015
9f98bf0c-74cf-49da-8b60-b2d3ac294a82,Yavimaya Coast,tdc,Tarkir: Dragonstorm Commander,commander,2025-04-11,rare,0.0,Land,Land,"G,U",2,1,0,"G,U",,0,67,0.0,0.0,0,1,0,0,0,134.0,128.0,1,1,1,0,1,14,0.36,,0,Jesper Ejsing,2015
a4746e54-974a-4743-ab9b-a9e49034b16d,Smoldering Marsh,tmc,Teenage Mutant Ninja Turtles Eternal,eternal,2026-03-06,rare,0.0,Land,Land — Swamp Mountain,"B,R",2,1,0,"B,R",,0,90,0.0,0.0,0,1,0,0,0,93.0,1134.0,1,1,1,0,1,12,0.36,2.75,0,Daniel Romanovsky,2015
72bba14a-c813-49c8-bf73-f41e1bdc1099,Shivan Reef,eoc,Edge of Eternities Commander,commander,2025-08-01,rare,0.0,Land,Land,"R,U",2,1,0,"R,U",,0,67,0.0,0.0,0,1,0,0,0,122.0,84.0,1,1,1,0,1,14,0.35,,0,Andrew Mar,2015
0eecdd9a-6c3f-43ee-8d9c-e3466bd7bf5e,Interdisciplinary Mascot,mom,March of the Machine,expansion,2023-04-21,rare,8.0,Creature,Creature — Elemental Fractal,U,1,0,0,U,"Ward,Convoke",2,321,5.0,5.0,0,0,0,0,0,15193.0,12652.0,1,1,1,0,1,12,0.35,0.35,0,Mathias Kollros,2015
90894726-1940-4291-a05c-b85cefbfa344,Orzhov Signet,tdc,Tarkir: Dragonstorm Commander,commander,2025-04-11,common,2.0,Artifact,Artifact,"B,W",2,1,0,"B,W",,0,21,0.0,0.0,0,1,0,0,0,172.0,1664.0,1,1,1,0,0,13,0.35,,0,Martina Pilcerova,2015
7ab0a5f2-5260-403d-9522-954efc91e96d,Sunken Hollow,tmc,Teenage Mutant Ninja Turtles Eternal,eternal,2026-03-06,rare,0.0,Land,Land — Island Swamp,"B,U",2,1,0,"B,U",,0,90,0.0,0.0,0,1,0,0,0,83.0,240.0,1,1,1,0,1,12,0.35,,0,Samuele Bandini,2015
e0b2dc61-36b7-4491-8e12-288541f24b94,Selesnya Sanctuary,mkc,Murders at Karlov Manor Commander,commander,2024-02-09,uncommon,0.0,Land,Land,"G,W",2,1,0,"G,W",,0,111,0.0,0.0,0,1,0,0,0,525.0,1834.0,1,1,1,0,0,10,0.35,,0,John Avon,2015
e15ab0aa-4059-4923-9816-6f7a9e5b5a18,Springleaf Drum,ecl,Lorwyn Eclipsed,expansion,2026-01-23,uncommon,1.0,Artifact,Artifact,C,0,0,1,,,0,69,0.0,0.0,0,1,0,0,1,596.0,389.0,1,1,1,1,1,19,0.35,0.36,0,Cory Godbey,2015
674f3a8a-4552-4289-b92a-06ce158f115c,Mayhem Devil,eoc,Edge of Eternities Commander,commander,2025-08-01,uncommon,3.0,Creature,Creature — Devil,"B,R",2,1,0,"B,R",,0,85,3.0,3.0,0,1,0,0,0,573.0,1282.0,1,1,1,0,1,11,0.35,,0,Dmitry Burmak,2015
2c2ee817-9ca9-4f09-bc71-7994c19a9470,Hopeless Nightmare,woe,Wilds of Eldraine,expansion,2023-09-08,common,1.0,Enchantment,Enchantment,B,1,0,0,B,Scry,1,189,0.0,0.0,0,0,0,0,1,5799.0,301.0,1,1,1,0,1,14,0.35,0.55,0,Dominik Mayer,2015
16debeb1-fb2b-4172-b6da-726416d4fb38,Foundry Inspector,cmm,Commander Masters,masters,2023-08-04,common,3.0,Creature,Artifact Creature — Construct,C,0,0,1,,,0,47,3.0,2.0,0,1,0,0,1,254.0,2228.0,1,1,1,0,1,13,0.35,1.51,0,Jason A. Engle,2015
184c985d-cb70-41a7-9f66-3506708b7e26,Green Sun's Twilight,one,Phyrexia: All Will Be One,expansion,2023-02-10,rare,1.0,Sorcery,Sorcery,G,1,0,0,G,,0,349,0.0,0.0,0,0,0,0,1,5155.0,6502.0,1,1,1,0,1,12,0.35,0.36,0,Yeong-Hao Han,2015
e6d45abe-4962-47d9-a54e-7e623ea8647c,Eddymurk Crab,blb,Bloomburrow,expansion,2024-08-02,uncommon,7.0,Creature,Creature — Elemental Crab,U,1,0,0,U,Flash,1,202,5.0,5.0,0,0,0,0,1,13241.0,1861.0,1,1,1,1,1,15,0.35,0.37,0,PINDURSKI,2015
09a4578a-7dc6-4da3-93ee-913b10be5740,Gingerbrute,woe,Wilds of Eldraine,expansion,2023-09-08,common,1.0,Creature,Artifact Creature — Food Golem,C,0,0,1,,Haste,1,210,1.0,1.0,0,1,0,0,1,1575.0,451.0,1,1,1,1,1,16,0.35,0.36,0,Carlos Palma Cruchaga,2015
af130b37-d3e0-4839-8193-5c62a91f0218,Axgard Artisan,mom,March of the Machine,expansion,2023-04-21,uncommon,2.0,Creature,Creature — Dwarf Artificer,R,1,0,0,R,Treasure,1,195,2.0,1.0,0,0,0,0,0,13117.0,,1,1,1,0,1,11,0.35,0.57,0,Quintin Gleim,2015
bf222c78-f12e-4857-93da-fade99c740b8,Simic Signet,dsc,Duskmourn: House of Horror Commander,commander,2024-09-27,uncommon,2.0,Artifact,Artifact,"G,U",2,1,0,"G,U",,0,21,0.0,0.0,0,1,0,0,0,553.0,4920.0,1,1,1,0,0,14,0.34,,0,Mike Sass,2015
55187461-2ff3-424b-85d5-2ca09567d44e,Savage Lands,ecc,Lorwyn Eclipsed Commander,commander,2026-01-23,uncommon,0.0,Land,Land,"B,G,R",3,1,0,"B,G,R",,0,51,0.0,0.0,0,1,0,0,0,619.0,812.0,1,1,1,0,0,7,0.34,,0,Vance Kovacs,2015
ace686ad-9e3f-41b3-b8eb-d1b6d45eb4e1,Worn Powerstone,mh3,Modern Horizons 3,draft_innovation,2024-06-14,uncommon,3.0,Artifact,Artifact,C,0,0,1,,,0,45,0.0,0.0,0,1,0,0,1,567.0,3321.0,1,1,1,0,0,12,0.34,0.81,0,Henry G. Higginbotham,2015
eabc978a-0666-472d-bdc6-d4b29d29eca4,"Tatyova, Benthic Druid",fdn,Foundations,core,2024-11-15,uncommon,5.0,Creature,Legendary Creature — Merfolk Druid,"G,U",2,1,0,"G,U",Landfall,1,79,3.0,3.0,0,1,0,0,1,449.0,1914.0,1,1,1,1,1,15,0.34,0.39,0,Mathias Kollros,2015
3d483bcf-438a-499b-86a5-6357d718faf1,Shineshadow Snarl,lcc,The Lost Caverns of Ixalan Commander,commander,2023-11-17,rare,0.0,Land,Land,"B,W",2,1,0,"B,W",,0,134,0.0,0.0,0,1,0,0,0,436.0,1429.0,1,1,1,0,1,12,0.34,,0,Sam Burley,2015
eff598b0-0b32-41d0-b980-584576e58626,Talisman of Resilience,dsc,Duskmourn: House of Horror Commander,commander,2024-09-27,uncommon,2.0,Artifact,Artifact,"B,G",2,1,0,"B,G",,0,71,0.0,0.0,0,1,0,0,0,483.0,2533.0,1,1,1,0,0,10,0.34,,0,Lindsey Look,2015
2b58e47b-c165-4a58-aa2a-033a35645adc,Duelist of the Mind,otj,Outlaws of Thunder Junction,expansion,2024-04-19,rare,2.0,Creature,Creature — Human Advisor,U,1,0,0,U,"Flying,Vigilance",2,221,,3.0,0,0,0,0,1,9764.0,3033.0,1,1,1,1,1,15,0.34,0.33,0,Darren Tan,2015
9255cd01-a611-4fec-b9ec-b271687740ba,Blightbelly Rat,one,Phyrexia: All Will Be One,expansion,2023-02-10,common,2.0,Creature,Creature — Phyrexian Rat,B,1,0,0,B,"Toxic,Proliferate",2,228,2.0,2.0,0,0,0,0,1,2603.0,5009.0,1,1,1,0,1,13,0.34,0.36,0,Yeong-Hao Han,2015
f1f66e3e-9f1f-4601-aa30-30b66805a5a8,Inquisitive Glimmer,dsk,Duskmourn: House of Horror,expansion,2024-09-27,uncommon,2.0,Creature,Enchantment Creature — Fox Glimmer,"U,W",2,1,0,"U,W",,0,86,2.0,3.0,0,0,0,0,1,2697.0,8535.0,1,1,1,1,1,15,0.34,0.35,0,Julie Dillon,2015
edb5f0cc-c826-4e7b-882c-63f6e51fa932,Halo Forager,mom,March of the Machine,expansion,2023-04-21,uncommon,3.0,Creature,Creature — Faerie Rogue,"B,U",2,1,0,"B,U",Flying,1,235,3.0,1.0,0,0,0,0,1,5549.0,1519.0,1,1,1,0,1,11,0.34,0.48,0,Kevin Sidharta,2015
c43aeb5a-8bdc-4aa9-89d1-156f97ac38aa,Faithless Looting,tdc,Tarkir: Dragonstorm Commander,commander,2025-04-11,common,1.0,Sorcery,Sorcery,R,1,0,0,R,Flashback,1,140,0.0,0.0,0,1,0,0,0,94.0,51.0,1,1,1,0,0,12,0.34,,0,Gabor Szikszai,2015
f01bb3fd-14c6-47cb-aba3-e3069da56c9f,Rootbound Crag,tmc,Teenage Mutant Ninja Turtles Eternal,eternal,2026-03-06,rare,0.0,Land,Land,"G,R",2,1,0,"G,R",,0,87,0.0,0.0,0,1,0,0,0,131.0,296.0,1,1,1,0,1,14,0.34,,0,Brian Yuen,2015
1094eef0-6c57-4bfa-a584-f708b87354fb,Expel the Interlopers,woe,Wilds of Eldraine,expansion,2023-09-08,rare,5.0,Sorcery,Sorcery,W,1,0,0,W,,0,110,0.0,0.0,0,0,0,0,1,2710.0,,1,1,1,1,1,15,0.34,0.31,0,Andreas Zafiratos,2015
14b44833-0482-4b47-a594-4050bb87f1a5,"Imodane, the Pyrohammer",woe,Wilds of Eldraine,expansion,2023-09-08,rare,4.0,Creature,Legendary Creature — Human Knight,R,1,0,0,R,,0,164,4.0,4.0,0,0,0,0,1,7382.0,,1,1,1,1,1,15,0.34,0.36,0,Chris Rahn,2015
258b1cc2-ce3c-4219-808c-812548a7dd12,Sulfur Falls,eoc,Edge of Eternities Commander,commander,2025-08-01,rare,0.0,Land,Land,"R,U",2,1,0,"R,U",,0,88,0.0,0.0,0,1,0,0,0,85.0,118.0,1,1,1,0,1,13,0.34,,0,Cliff Childs,2015
131ea976-289e-4f32-896d-27bbfd423ba9,"Gev, Scaled Scorch",blb,Bloomburrow,expansion,2024-08-02,rare,2.0,Creature,Legendary Creature — Lizard Mercenary,"B,R",2,1,0,"B,R",Ward,1,207,3.0,2.0,0,0,0,0,1,6195.0,5951.0,1,1,1,1,1,16,0.34,0.44,0,Mark Zug,2015
42486edd-24b7-4299-84fa-50559917b2a8,Golgari Rot Farm,ecc,Lorwyn Eclipsed Commander,commander,2026-01-23,uncommon,0.0,Land,Land,"B,G",2,1,0,"B,G",,0,111,0.0,0.0,0,1,0,0,0,304.0,2046.0,1,1,1,0,0,9,0.34,,0,John Avon,2015
1c3f661d-b9f7-48e7-afe3-3eaea1022bc1,Invasion of Arcavios // Invocation of the Founders,mom,March of the Machine,expansion,2023-04-21,rare,5.0,Enchantment,Battle — Siege // Enchantment,U,1,0,0,U,Transform,1,0,0.0,0.0,0,0,0,0,1,9869.0,8346.0,1,1,1,0,1,12,0.34,0.49,0,Dmitry Burmak,2015
0b1a84b6-4202-4413-80ed-4142c51e619a,Jungle Shrine,ecc,Lorwyn Eclipsed Commander,commander,2026-01-23,uncommon,0.0,Land,Land,"G,R,W",3,1,0,"G,R,W",,0,51,0.0,0.0,0,1,0,0,0,293.0,1286.0,1,1,1,0,0,7,0.34,,0,Wayne Reynolds,2015
7598a728-796b-4b82-b269-217ecca44c2c,Hinterland Harbor,tmc,Teenage Mutant Ninja Turtles Eternal,eternal,2026-03-06,rare,0.0,Land,Land,"G,U",2,1,0,"G,U",,0,86,0.0,0.0,0,1,0,0,0,104.0,256.0,1,1,1,0,1,13,0.34,,0,Lucas Staniec,2015
c2a85a8e-28bb-4899-a922-13a03dec844c,Canopy Vista,tdc,Tarkir: Dragonstorm Commander,commander,2025-04-11,rare,0.0,Land,Land — Forest Plains,"G,W",2,1,0,"G,W",,0,90,0.0,0.0,0,1,0,0,0,103.0,632.0,1,1,1,0,1,12,0.34,,0,Adam Paquette,2015
a1fc8d86-b118-46e3-92a5-8cbf2ca282f7,Glacial Fortress,eoc,Edge of Eternities Commander,commander,2025-08-01,rare,0.0,Land,Land,"U,W",2,1,0,"U,W",,0,86,0.0,0.0,0,1,0,0,0,102.0,75.0,1,1,1,0,1,14,0.34,,0,James Paick,2015
e22f11a1-0cbd-4b36-8dbd-37ba29ad4608,Grafted Butcher,mom,March of the Machine,expansion,2023-04-21,rare,2.0,Creature,Creature — Phyrexian Samurai,B,1,0,0,B,,0,248,2.0,2.0,0,0,0,0,1,8427.0,7915.0,1,1,1,0,1,12,0.34,0.24,0,Zack Stella,2015
b681599f-aa7a-4b3a-a36a-dc6d70fd6a11,Seaside Citadel,ecc,Lorwyn Eclipsed Commander,commander,2026-01-23,uncommon,0.0,Land,Land,"G,U,W",3,1,0,"G,U,W",,0,51,0.0,0.0,0,1,0,0,0,390.0,904.0,1,1,1,0,0,7,0.34,,0,Volkan Baǵa,2015
a68fbeaa-941f-4d53-becd-f93ed22b9a54,Nomad Outpost,tdm,Tarkir: Dragonstorm,expansion,2025-04-11,uncommon,0.0,Land,Land,"B,R,W",3,1,0,"B,R,W",,0,51,0.0,0.0,0,1,0,0,1,355.0,768.0,1,1,1,1,1,15,0.34,0.4,0,Alayna Danner,2015
efeafc9d-a953-4915-8342-725836d0f645,Talisman of Conviction,tdc,Tarkir: Dragonstorm Commander,commander,2025-04-11,uncommon,2.0,Artifact,Artifact,"R,W",2,1,0,"R,W",,0,71,0.0,0.0,0,1,0,0,0,154.0,2094.0,1,1,1,0,0,10,0.34,,0,Lindsey Look,2015
01d3e6ea-4791-4948-af22-c1bd04c34c1e,"Fblthp, Lost on the Range",otj,Outlaws of Thunder Junction,expansion,2024-04-19,rare,3.0,Creature,Legendary Creature — Homunculus,U,1,0,0,U,"Plot,Ward",2,200,1.0,1.0,0,0,0,0,1,4373.0,5921.0,1,1,1,1,1,15,0.33,0.37,0,Brian Valeza,2015
604233dc-0520-47d0-8d3d-816f45c9f087,Essence of Orthodoxy,mom,March of the Machine,expansion,2023-04-21,rare,5.0,Creature,Creature — Phyrexian,W,1,0,0,W,"Flying,Incubate,Transform",3,227,3.0,3.0,0,0,0,0,0,8141.0,,1,1,1,0,1,12,0.33,1.53,0,Oriana Menendez,2015
259ddf66-76af-4857-83c3-c812327a6e23,Honest Rutstein,otj,Outlaws of Thunder Junction,expansion,2024-04-19,uncommon,3.0,Creature,Legendary Creature — Human Warlock,"B,G",2,1,0,"B,G",,0,138,3.0,2.0,0,0,0,0,1,1561.0,3927.0,1,1,1,1,1,14,0.33,0.51,0,Javier Charro,2015
23afca1a-62a8-497f-994f-ceb479d020ba,Capricious Hellraiser,one,Phyrexia: All Will Be One,expansion,2023-02-10,mythic,6.0,Creature,Creature — Phyrexian Dragon,R,1,0,0,R,Flying,1,282,4.0,4.0,0,0,0,0,1,14111.0,2992.0,1,1,1,0,1,11,0.33,0.48,0,Durion,2015
1c603751-1e2b-4c8e-a8d2-5c0876e7254f,Darkstar Augur,blb,Bloomburrow,expansion,2024-08-02,rare,3.0,Creature,Creature — Bat Warlock,B,1,0,0,B,"Flying,Offspring",2,287,2.0,3.0,0,0,0,0,1,3321.0,3425.0,1,1,1,1,1,16,0.33,0.53,0,Aurore Folny,2015
ac1960a1-9141-468c-b96c-6c8e6905084d,Wayfarer's Bauble,tdc,Tarkir: Dragonstorm Commander,commander,2025-04-11,common,1.0,Artifact,Artifact,C,0,0,1,,,0,134,0.0,0.0,0,1,0,0,0,111.0,2527.0,1,1,1,0,0,14,0.33,,0,Tomas Duchek,2015
6c299066-dfdd-47a3-85e6-225508ba95fe,"Glissa, Herald of Predation",mom,March of the Machine,expansion,2023-04-21,rare,5.0,Creature,Legendary Creature — Phyrexian Zombie Elf,"B,G",2,1,0,"B,G","Incubate,Transform",2,356,3.0,5.0,0,0,0,0,1,9565.0,15225.0,1,1,1,0,1,12,0.33,0.36,0,Cristi Balanescu,2015
9fb41503-8632-4bf1-9bfe-6d9b9993c337,Feather of Flight,blb,Bloomburrow,expansion,2024-08-02,uncommon,2.0,Enchantment,Enchantment — Aura,W,1,0,0,W,"Enchant,Flash",2,104,0.0,0.0,0,0,0,0,1,4271.0,1170.0,1,1,1,1,1,15,0.33,0.41,0,Borja Pindado,2015
5ffa48cc-b991-4d47-b7ec-cf678915c758,Conduit Pylons,otj,Outlaws of Thunder Junction,expansion,2024-04-19,common,0.0,Land,Land — Desert,C,0,0,1,,Surveil,1,160,0.0,0.0,0,0,0,0,1,1926.0,1406.0,1,1,1,1,1,16,0.33,0.34,0,Raymond Bonilla,2015
5d9471c8-2db9-4ce3-a1e5-42b85134cb8e,Get Out,dsk,Duskmourn: House of Horror,expansion,2024-09-27,uncommon,2.0,Instant,Instant,U,1,0,0,U,,0,139,0.0,0.0,0,0,0,0,1,6021.0,2469.0,1,1,1,1,1,15,0.33,0.39,0,Mirko Failoni,2015
f49006f2-a097-417d-8eb0-b8016ff2e0d5,Exorcise,dsk,Duskmourn: House of Horror,expansion,2024-09-27,uncommon,2.0,Sorcery,Sorcery,W,1,0,0,W,,0,72,0.0,0.0,0,0,0,0,1,6267.0,2437.0,1,1,1,1,1,15,0.33,0.39,0,Dominik Mayer,2015
0a10f284-b043-4307-bdc7-6dad47cc9221,Infectious Inquiry,one,Phyrexia: All Will Be One,expansion,2023-02-10,common,3.0,Sorcery,Sorcery,B,1,0,0,B,,0,76,0.0,0.0,0,0,0,0,1,2397.0,4406.0,1,1,1,0,1,13,0.33,0.43,0,Eli Minaya,2015
5b491d11-d00a-4541-8389-2785a455eeee,Demonic Ruckus,otj,Outlaws of Thunder Junction,expansion,2024-04-19,uncommon,2.0,Enchantment,Enchantment — Aura,R,1,0,0,R,"Plot,Enchant",2,302,0.0,0.0,0,0,0,0,1,6236.0,1363.0,1,1,1,1,1,14,0.33,0.37,0,Andrew Mar,2015
5cb01d4d-91c2-41c6-981e-b4135a1e1e36,Gumdrop Poisoner // Tempt with Treats,woe,Wilds of Eldraine,expansion,2023-09-08,rare,3.0,Creature,Creature — Human Warlock // Instant — Adventure,B,1,0,0,B,"Lifelink,Food",2,0,3.0,2.0,0,0,0,0,1,11569.0,2658.0,1,1,1,1,1,15,0.33,0.2,0,Brian Valeza,2015
cdf5de96-9418-48f1-a18e-01a0108c4f97,Complete the Circuit,mom,March of the Machine,expansion,2023-04-21,rare,6.0,Instant,Instant,U,1,0,0,U,Convoke,1,336,0.0,0.0,0,0,0,0,1,8983.0,11216.0,1,1,1,0,1,12,0.33,0.33,0,Eelis Kyttanen,2015
3e76be46-cf81-4fef-bc5b-f87666cb0413,Harrow,eoc,Edge of Eternities Commander,commander,2025-08-01,common,3.0,Instant,Instant,G,1,0,0,G,,0,156,0.0,0.0,0,1,0,0,0,237.0,2862.0,1,1,1,0,0,15,0.33,,0,Rob Alexander,2015
3976affd-8c2b-499a-a946-b629c2ba59c7,Explore,otc,Outlaws of Thunder Junction Commander,commander,2024-04-19,common,2.0,Sorcery,Sorcery,G,1,0,0,G,,0,55,0.0,0.0,0,1,0,0,0,230.0,350.0,1,1,1,0,0,13,0.33,,0,John Avon,2015
f0001153-dbcb-44e5-99be-2c186c9b10b0,Opulent Palace,ecc,Lorwyn Eclipsed Commander,commander,2026-01-23,uncommon,0.0,Land,Land,"B,G,U",3,1,0,"B,G,U",,0,51,0.0,0.0,0,1,0,0,0,368.0,529.0,1,1,1,1,1,15,0.33,,0,Sergey Glushakov,2015
9c7c08fc-b6ee-498c-8ab6-fd6be27c9d97,Orzhov Basilica,dsc,Duskmourn: House of Horror Commander,commander,2024-09-27,uncommon,0.0,Land,Land,"B,W",2,1,0,"B,W",,0,111,0.0,0.0,0,1,0,0,0,367.0,2352.0,1,1,1,0,0,9,0.33,,0,John Avon,2015
84aa18de-6acc-46cc-8e28-3046790a6751,Rampaging Baloths,eoc,Edge of Eternities Commander,commander,2025-08-01,rare,6.0,Creature,Creature — Beast,G,1,0,0,G,"Trample,Landfall",2,95,6.0,6.0,0,1,0,0,0,360.0,6158.0,1,1,1,1,1,17,0.33,,0,Steve Prescott,2015
ebb2cc74-d8dc-47e8-8227-c1b203b52dc4,Temple of Deceit,dsc,Duskmourn: House of Horror Commander,commander,2024-09-27,rare,0.0,Land,Land,"B,U",2,1,0,"B,U",Scry,1,153,0.0,0.0,0,1,0,0,0,311.0,613.0,1,1,1,1,1,16,0.33,,0,Jonas De Ro,2015
3de308cc-14ac-407e-99e7-568572ecd0e7,Mulldrifter,ecc,Lorwyn Eclipsed Commander,commander,2026-01-23,uncommon,5.0,Creature,Creature — Elemental,U,1,0,0,U,"Flying,Evoke",2,151,2.0,2.0,0,1,0,0,0,561.0,570.0,1,1,1,0,0,13,0.32,,0,Eric Fortune,2015
97505837-e0e2-4f7b-8581-01942e886bb8,Plaguecrafter,rvr,Ravnica Remastered,masters,2024-01-12,uncommon,3.0,Creature,Creature — Human Shaman,B,1,0,0,B,,0,132,3.0,2.0,0,1,0,0,1,613.0,1839.0,1,1,1,0,1,11,0.32,0.58,0,Anna Steinbauer,2015
6cc4c21d-9bdc-4490-9203-17f51db0ddd1,Snakeskin Veil,fdn,Foundations,core,2024-11-15,uncommon,1.0,Instant,Instant,G,1,0,0,G,,0,160,0.0,0.0,0,1,0,0,1,478.0,2686.0,1,1,1,1,1,17,0.32,0.37,0,Dan Murayama Scott,2015
31a88429-9204-4a23-a7a8-babbd6bab79f,Highway Robbery,otj,Outlaws of Thunder Junction,expansion,2024-04-19,common,2.0,Sorcery,Sorcery,R,1,0,0,R,Plot,1,230,0.0,0.0,0,0,0,0,1,4069.0,2818.0,1,1,1,1,1,16,0.32,0.37,0,Scott Murphy,2015
e9a268ba-c442-4fe4-90b4-2810c8474f4e,Caustic Bronco,otj,Outlaws of Thunder Junction,expansion,2024-04-19,rare,2.0,Creature,Creature — Snake Horse Mount,B,1,0,0,B,Saddle,1,376,2.0,2.0,0,0,0,0,1,6418.0,2517.0,1,1,1,1,1,15,0.32,0.4,0,Brent Hollowell,2015
cf5479c7-9e46-4a57-abe7-8cc670de89e4,Enter the Enigma,dsk,Duskmourn: House of Horror,expansion,2024-09-27,common,1.0,Sorcery,Sorcery,U,1,0,0,U,,0,56,0.0,0.0,0,0,0,0,1,1420.0,5673.0,1,1,1,1,1,17,0.32,1.2,0,Chris Rallis,2015
687d3261-dfbf-4c49-986f-20117b7ab5e7,Ancient Imperiosaur,mom,March of the Machine,expansion,2023-04-21,rare,7.0,Creature,Creature — Dinosaur,G,1,0,0,G,"Trample,Ward,Convoke",3,253,6.0,6.0,0,0,0,0,1,7805.0,7623.0,1,1,1,0,1,12,0.32,0.34,0,Piotr Foksowicz,2015
424972d6-3b2c-449b-b786-749a77020fa1,Ankle Biter,otj,Outlaws of Thunder Junction,expansion,2024-04-19,common,1.0,Creature,Creature — Snake,G,1,0,0,G,Deathtouch,1,10,1.0,1.0,0,0,0,0,1,6159.0,12905.0,1,1,1,1,1,17,0.32,0.24,0,Monztre,2015
e0e73b63-17cc-4dca-abd6-728b74bc37a8,"Graaz, Unstoppable Juggernaut",one,Phyrexia: All Will Be One,expansion,2023-02-10,rare,8.0,Creature,Legendary Artifact Creature — Juggernaut,C,0,0,1,,,0,227,7.0,5.0,0,0,0,0,1,6632.0,5112.0,1,1,1,0,1,12,0.32,0.31,0,Néstor Ossandón Leal,2015
318c363b-61cc-4e2f-8f86-a4287539ea07,Invasion of Alara // Awaken the Maelstrom,mom,March of the Machine,expansion,2023-04-21,rare,5.0,Sorcery,Battle — Siege // Sorcery,"B,G,R,U,W",5,1,0,"B,G,R,U,W",,0,0,0.0,0.0,0,0,0,0,1,10797.0,4241.0,1,1,1,0,1,12,0.32,0.44,0,Mathias Kollros,2015
7f5ad03d-77ae-4e06-96f2-4f03bdfbb226,Unclaimed Territory,ecc,Lorwyn Eclipsed Commander,commander,2026-01-23,uncommon,0.0,Land,Land,C,0,0,1,,,0,156,0.0,0.0,0,1,0,0,0,236.0,,1,1,1,0,1,11,0.32,,0,Dimitar Marinski,2015
84bf9d60-64b8-4209-acfe-e07eefc6bf1f,Dimir Aqueduct,dsc,Duskmourn: House of Horror Commander,commander,2024-09-27,uncommon,0.0,Land,Land,"B,U",2,1,0,"B,U",,0,111,0.0,0.0,0,1,0,0,0,325.0,982.0,1,1,1,0,0,9,0.32,,0,John Avon,2015
e9da18b4-1efc-44b7-8001-a2cfd44c69bf,Baron Bertram Graywater,otj,Outlaws of Thunder Junction,expansion,2024-04-19,uncommon,4.0,Creature,Legendary Creature — Vampire Noble,"B,W",2,1,0,"B,W",,0,213,3.0,4.0,0,0,0,0,1,3981.0,14935.0,1,1,1,1,1,14,0.31,0.34,0,Johan Grenier,2015
19e96521-b4ce-4a36-a887-200e05ccc804,Abraded Bluffs,otj,Outlaws of Thunder Junction,expansion,2024-04-19,common,0.0,Land,Land — Desert,"R,W",2,1,0,"R,W",,0,106,0.0,0.0,0,0,0,0,1,2594.0,2566.0,1,1,1,1,1,16,0.31,0.34,0,Piotr Dura,2015
20d3434d-d88e-4d00-84a7-ed027faac70f,Temple of Enlightenment,tdc,Tarkir: Dragonstorm Commander,commander,2025-04-11,rare,0.0,Land,Land,"U,W",2,1,0,"U,W",Scry,1,153,0.0,0.0,0,1,0,0,0,296.0,497.0,1,1,1,1,1,16,0.31,,0,Piotr Dura,2015
e3bec498-9149-4045-8931-8decbb87c526,Flooded Grove,tdc,Tarkir: Dragonstorm Commander,commander,2025-04-11,rare,0.0,Land,Land,"G,U",2,1,0,"G,U",,0,56,0.0,0.0,0,1,0,0,0,321.0,303.0,1,1,1,0,0,8,0.31,,0,Dave Kendall,2015
0dee197d-c313-4364-b52c-f83d5f579bc3,"Finneas, Ace Archer",blb,Bloomburrow,expansion,2024-08-02,rare,2.0,Creature,Legendary Creature — Rabbit Archer,"G,W",2,1,0,"G,W","Reach,Vigilance",2,200,2.0,2.0,0,0,0,0,1,4542.0,6835.0,1,1,1,1,1,16,0.31,0.37,0,Victor Adame Minguez,2015
90b42c40-d6ff-4fda-a040-1594f0ef9585,Harmonize,tmc,Teenage Mutant Ninja Turtles Eternal,eternal,2026-03-06,uncommon,4.0,Sorcery,Sorcery,G,1,0,0,G,,0,17,0.0,0.0,0,1,0,0,0,302.0,1229.0,1,1,1,0,0,12,0.31,,0,Zoltan Boros,2015
6bdcaf24-4352-47cf-a043-899be47ab1bb,Faerie Fencing,woe,Wilds of Eldraine,expansion,2023-09-08,uncommon,1.0,Instant,Instant,B,1,0,0,B,,0,153,0.0,0.0,0,0,0,0,1,7749.0,2341.0,1,1,1,1,1,14,0.31,0.24,0,Evyn Fong,2015
0670dbf0-b150-4e8d-bb40-f768b2f06fe5,Elvish Archivist,woe,Wilds of Eldraine,expansion,2023-09-08,rare,2.0,Creature,Creature — Elf Artificer,G,1,0,0,G,,0,242,0.0,1.0,0,0,0,0,1,8078.0,3316.0,1,1,1,1,1,15,0.31,0.34,0,Mila Pesic,2015
ff6f3824-3670-46e1-af43-0db405726084,Consider,tdc,Tarkir: Dragonstorm Commander,commander,2025-04-11,common,1.0,Instant,Instant,U,1,0,0,U,Surveil,1,99,0.0,0.0,0,1,0,0,0,389.0,39.0,1,1,1,0,1,13,0.31,,0,Zezhou Chen,2015
50ef0ac3-e911-4d67-a751-8d86160ae843,Azorius Chancery,dsc,Duskmourn: House of Horror Commander,commander,2024-09-27,uncommon,0.0,Land,Land,"U,W",2,1,0,"U,W",,0,111,0.0,0.0,0,1,0,0,0,427.0,2421.0,1,1,1,0,0,9,0.31,,0,John Avon,2015
9fd41ad5-6b36-482e-8305-bbc709668470,Mystic Monastery,eoc,Edge of Eternities Commander,commander,2025-08-01,uncommon,0.0,Land,Land,"R,U,W",3,1,0,"R,U,W",,0,51,0.0,0.0,0,1,0,0,0,372.0,517.0,1,1,1,1,1,15,0.31,,0,Leon Tukker,2015
32da0d6c-64dd-4aec-b63e-953e96164603,Kessig Wolf Run,tdc,Tarkir: Dragonstorm Commander,commander,2025-04-11,rare,0.0,Land,Land,"G,R",2,1,0,"G,R",,0,93,0.0,0.0,0,1,0,0,0,375.0,1594.0,1,1,1,0,0,7,0.31,,0,Eytan Zana,2015
ad6ed9f1-2014-49e2-91c6-2b55c8d60cdc,Putrefy,ecc,Lorwyn Eclipsed Commander,commander,2026-01-23,uncommon,3.0,Instant,Instant,"B,G",2,1,0,"B,G",,0,61,0.0,0.0,0,1,0,0,0,326.0,1173.0,1,1,1,0,1,13,0.31,,0,Igor Kieryluk,2015
2a84a604-7b05-4716-bcd8-40d2acdb76e8,Game Trail,mkc,Murders at Karlov Manor Commander,commander,2024-02-09,rare,0.0,Land,Land,"G,R",2,1,0,"G,R",,0,137,0.0,0.0,0,1,0,0,0,361.0,601.0,1,1,1,0,1,12,0.31,,0,Adam Paquette,2015
f03a480f-de67-4611-9db7-c0c3d020f597,Elspeth's Smite,mom,March of the Machine,expansion,2023-04-21,uncommon,1.0,Instant,Instant,W,1,0,0,W,,0,128,0.0,0.0,0,0,0,0,1,15594.0,7131.0,1,1,1,1,1,15,0.31,0.24,0,Livia Prima,2015
fa0af5ea-e9e1-4247-bde2-759c2653fc00,Prairie Stream,tdc,Tarkir: Dragonstorm Commander,commander,2025-04-11,rare,0.0,Land,Land — Plains Island,"U,W",2,1,0,"U,W",,0,90,0.0,0.0,0,1,0,0,0,106.0,191.0,1,1,1,0,1,12,0.31,,0,Adam Paquette,2015
f8760ab9-ac76-4e2e-b82f-0ee2a6dc5634,Gruff Triplets,woe,Wilds of Eldraine,expansion,2023-09-08,rare,6.0,Creature,Creature — Satyr Warrior,G,1,0,0,G,Trample,1,222,3.0,3.0,0,0,0,0,1,4691.0,6758.0,1,1,1,1,1,15,0.31,0.4,0,Fajareka Setiawan,2015
963c100e-4e12-438f-b5ae-14391406dff6,Forlorn Flats,otj,Outlaws of Thunder Junction,expansion,2024-04-19,common,0.0,Land,Land — Desert,"B,W",2,1,0,"B,W",,0,106,0.0,0.0,0,0,0,0,1,4732.0,2699.0,1,1,1,1,1,16,0.31,0.39,0,Robin Olausson,2015
48ace959-66b2-40c8-9bff-fd7ed9c99a82,Heartfire Hero,blb,Bloomburrow,expansion,2024-08-02,uncommon,1.0,Creature,Creature — Mouse Soldier,R,1,0,0,R,Valiant,1,220,1.0,1.0,0,0,0,0,1,7898.0,,1,1,1,0,0,9,0.31,0.36,0,Jakub Kasper,2015
5c9d080f-28d7-41d6-a4e0-5b3e3a5ed770,Eroded Canyon,otj,Outlaws of Thunder Junction,expansion,2024-04-19,common,0.0,Land,Land — Desert,"R,U",2,1,0,"R,U",,0,106,0.0,0.0,0,0,0,0,1,3430.0,1381.0,1,1,1,1,1,16,0.31,0.34,0,Piotr Dura,2015
95103b4c-d0c0-40fa-9ddd-c7416455ca0c,Golgari Signet,dsc,Duskmourn: House of Horror Commander,commander,2024-09-27,uncommon,2.0,Artifact,Artifact,"B,G",2,1,0,"B,G",,0,21,0.0,0.0,0,1,0,0,0,644.0,3674.0,1,1,1,0,0,13,0.31,,0,Raoul Vitale,2015
9746e3ab-c0a6-46c1-a418-275b419962e4,Argentum Masticore,one,Phyrexia: All Will Be One,expansion,2023-02-10,rare,5.0,Creature,Artifact Creature — Phyrexian Masticore,C,0,0,1,,"First strike,Protection",2,290,5.0,5.0,0,0,0,0,1,9529.0,2308.0,1,1,1,0,1,12,0.31,0.24,0,Zack Stella,2015
54aa2d03-7713-44d4-8fca-45c6f77b174b,Errant and Giada,mom,March of the Machine,expansion,2023-04-21,rare,3.0,Creature,Legendary Creature — Human Angel,"U,W",2,1,0,"U,W","Flying,Flash",2,138,2.0,3.0,0,0,0,0,1,7656.0,2718.0,1,1,1,0,1,12,0.3,0.46,0,Cristi Balanescu,2015
4bb318fa-481d-40a7-978e-f01b49101ae0,Blacksmith's Talent,blb,Bloomburrow,expansion,2024-08-02,uncommon,1.0,Enchantment,Enchantment — Class,R,1,0,0,R,,0,415,0.0,0.0,0,0,0,0,1,3884.0,3983.0,1,1,1,1,1,15,0.3,0.36,0,Vincent Christiaens,2015
897d594d-b5b0-43dc-b877-b483942416ce,At Knifepoint,otj,Outlaws of Thunder Junction,expansion,2024-04-19,uncommon,3.0,Enchantment,Enchantment,"B,R",2,1,0,"B,R",,0,337,0.0,0.0,0,0,0,0,1,6608.0,3134.0,1,1,1,1,1,14,0.3,0.3,0,Francisco Miyara,2015
64c432d5-4f5b-44ac-9d61-891e78460d58,Frolicking Familiar // Blow Off Steam,woe,Wilds of Eldraine,expansion,2023-09-08,uncommon,3.0,Creature,Creature — Otter Wizard // Instant — Adventure,U,1,0,0,"R,U",Flying,1,0,2.0,2.0,0,0,0,0,1,7572.0,8167.0,1,1,1,1,1,14,0.3,0.32,0,Brian Valeza,2015
b8eef541-6851-4312-ad2b-74f45c7ede6c,Cosmic Hunger,mom,March of the Machine,expansion,2023-04-21,common,2.0,Instant,Instant,G,1,0,0,G,,0,112,0.0,0.0,0,0,0,0,1,5287.0,,1,1,1,0,1,13,0.3,0.26,0,Konstantin Porubov,2015
981f091a-17f8-412e-9752-69070ebed4ea,Invasion of Amonkhet // Lazotep Convert,mom,March of the Machine,expansion,2023-04-21,uncommon,3.0,Creature,Battle — Siege // Creature — Zombie,"B,U",2,1,0,"B,U","Transform,Mill",2,0,0.0,0.0,0,0,0,0,1,7629.0,3149.0,1,1,1,0,1,11,0.3,0.39,0,Jokubas Uogintas,2015
662d3bcc-65f3-4c69-8ea1-446870a1193d,Clifftop Lookout,blb,Bloomburrow,expansion,2024-08-02,uncommon,3.0,Creature,Creature — Frog Scout,G,1,0,0,G,Reach,1,208,1.0,2.0,0,0,0,0,1,2699.0,2823.0,1,1,1,1,1,15,0.3,0.41,0,John Thacker,2015
ad69703c-637f-44c6-bc84-c1f60d9d9062,Hedron Archive,cmm,Commander Masters,masters,2023-08-04,uncommon,4.0,Artifact,Artifact,C,0,0,1,,,0,67,0.0,0.0,0,1,0,0,0,527.0,1291.0,1,1,1,1,1,15,0.3,,0,Craig J Spearing,2015
0bea079a-a972-4988-a561-9783b2515166,Terramorphic Expanse,ecc,Lorwyn Eclipsed Commander,commander,2026-01-23,common,0.0,Land,Land,C,0,0,1,,,0,118,0.0,0.0,0,1,0,0,0,28.0,714.0,1,1,1,1,1,18,0.3,,0,Alayna Danner,2015
0392196d-cd02-47e4-be7f-588ebee859fe,Port Town,ncc,New Capenna Commander,commander,2022-04-29,rare,0.0,Land,Land,"U,W",2,1,0,"U,W",,0,135,0.0,0.0,0,1,0,0,0,341.0,334.0,1,1,1,0,1,12,0.3,,0,Kamila Szutenberg,2015
c7974707-88bf-474b-b1a9-30733c16b1ef,Sun Titan,tdc,Tarkir: Dragonstorm Commander,commander,2025-04-11,mythic,6.0,Creature,Creature — Giant,W,1,0,0,W,Vigilance,1,154,6.0,6.0,0,1,0,0,0,282.0,2628.0,1,1,1,0,0,12,0.3,,0,Todd Lockwood,2015
25a1cd4f-be6c-4e05-93ba-9e393cec76df,Furycalm Snarl,soc,Secrets of Strixhaven Commander,commander,2026-04-24,rare,0.0,Land,Land,"R,W",2,1,0,"R,W",,0,137,0.0,0.0,0,1,0,0,0,362.0,1176.0,1,1,1,0,1,12,0.3,,0,Sam Burley,2015
df441bae-3b9c-46a9-8287-870c00d58a64,Windbrisk Heights,tdc,Tarkir: Dragonstorm Commander,commander,2025-04-11,rare,0.0,Land,Land,W,1,0,0,W,Hideaway,1,314,0.0,0.0,0,1,0,0,0,642.0,3630.0,1,1,1,0,0,8,0.3,,0,Omar Rayyan,2015
811b283f-22f3-47b1-a802-11dc8c25d0ee,Heartflame Duelist // Heartflame Slash,woe,Wilds of Eldraine,expansion,2023-09-08,rare,2.0,Creature,Creature — Human Knight // Instant — Adventure,W,1,0,0,"R,W",,0,0,3.0,1.0,0,0,0,0,1,9728.0,1981.0,1,1,1,1,1,15,0.3,0.32,0,Justyna Dura,2015
de21251f-40bf-4f7e-9e85-9033207a788f,Feral Encounter,woe,Wilds of Eldraine,expansion,2023-09-08,rare,2.0,Sorcery,Sorcery,G,1,0,0,G,,0,353,0.0,0.0,0,0,0,0,1,13305.0,5111.0,1,1,1,1,1,15,0.3,0.25,0,Fajareka Setiawan,2015
563e9ba5-e0ec-4fb3-8301-689aa145cc19,Bladehold War-Whip,one,Phyrexia: All Will Be One,expansion,2023-02-10,uncommon,3.0,Artifact,Artifact — Equipment,"R,W",2,1,0,"R,W","For Mirrodin!,Equip",2,234,0.0,0.0,0,0,0,0,1,5610.0,6439.0,1,1,1,0,1,11,0.3,0.36,0,Tony Foti,2015
65ebbff0-fbe6-4310-a33f-e00bb2534979,Burnished Hart,fdn,Foundations,core,2024-11-15,uncommon,3.0,Creature,Artifact Creature — Elk,C,0,0,1,,,0,133,2.0,2.0,0,1,0,0,1,428.0,9946.0,1,1,1,1,1,16,0.3,0.31,0,Yeong-Hao Han,2015
ed97bf6f-726c-40aa-bc1c-14fa801da96a,Bloodfeather Phoenix,mom,March of the Machine,expansion,2023-04-21,rare,2.0,Creature,Creature — Phoenix,R,1,0,0,R,Flying,1,240,2.0,2.0,0,0,0,0,1,17403.0,1463.0,1,1,1,0,1,12,0.29,0.21,0,Rudy Siswanto,2015
a4ee2565-a630-4c7b-93c2-8baba3d3441e,Temple of Epiphany,eoc,Edge of Eternities Commander,commander,2025-08-01,rare,0.0,Land,Land,"R,U",2,1,0,"R,U",Scry,1,153,0.0,0.0,0,1,0,0,0,266.0,441.0,1,1,1,1,1,16,0.29,,0,Adam Paquette,2015
5229c275-04aa-4168-9eb3-6c04f9501fd1,Frostboil Snarl,otc,Outlaws of Thunder Junction Commander,commander,2024-04-19,rare,0.0,Land,Land,"R,U",2,1,0,"R,U",,0,138,0.0,0.0,0,1,0,0,0,352.0,1258.0,1,1,1,0,1,12,0.29,,0,Sam Burley,2015
ed2f61d7-4eb0-41c5-8a34-a0793c2abc51,Huskburster Swarm,blb,Bloomburrow,expansion,2024-08-02,uncommon,8.0,Creature,Creature — Elemental Insect,B,1,0,0,B,"Menace,Deathtouch",2,115,6.0,6.0,0,0,0,0,1,7627.0,4985.0,1,1,1,1,1,15,0.29,0.3,0,John Tedrick,2015
770ee3da-d33e-466f-9a2e-ad2d08ef5012,Callous Sell-Sword // Burn Together,woe,Wilds of Eldraine,expansion,2023-09-08,uncommon,2.0,Creature,Creature — Human Soldier // Sorcery — Adventure,B,1,0,0,"B,R",,0,0,2.0,2.0,0,0,0,0,1,12702.0,1368.0,1,1,1,1,1,14,0.29,0.33,0,Valera Lutfullina,2015
61e220d0-38c9-4584-940b-8a9e983ecfe7,Armored Scrapgorger,one,Phyrexia: All Will Be One,expansion,2023-02-10,uncommon,2.0,Creature,Creature — Phyrexian Beast,G,1,0,0,G,,0,223,0.0,3.0,0,0,0,0,1,4287.0,3271.0,1,1,1,0,1,11,0.29,0.32,0,Martin de Diego Sádaba,2015
a21b1734-a773-4107-95c1-b44d5ccdfd82,"Ayara, Widow of the Realm // Ayara, Furnace Queen",mom,March of the Machine,expansion,2023-04-21,rare,3.0,Creature,Legendary Creature — Elf Noble // Legendary Creature — Phyrexian Elf Noble,"B,R",2,1,0,"B,R",Transform,1,0,0.0,0.0,0,0,0,0,1,6546.0,9617.0,1,1,1,0,1,12,0.29,0.36,0,Anna Podedworna,2015
4ad841eb-da0d-43d4-8b60-efe30922990b,Festering Gulch,otj,Outlaws of Thunder Junction,expansion,2024-04-19,common,0.0,Land,Land — Desert,"B,G",2,1,0,"B,G",,0,106,0.0,0.0,0,0,0,0,1,4801.0,1265.0,1,1,1,1,1,17,0.29,0.39,0,Daniel Romanovsky,2015
e7482def-e87e-4a7f-9c18-7859483b2a66,Sandsteppe Citadel,ecc,Lorwyn Eclipsed Commander,commander,2026-01-23,uncommon,0.0,Land,Land,"B,G,W",3,1,0,"B,G,W",,0,51,0.0,0.0,0,1,0,0,0,491.0,526.0,1,1,1,1,1,15,0.29,,0,Diego Gisbert,2015
8329bb29-8451-453f-b049-445fa63c4255,Vineglimmer Snarl,moc,March of the Machine Commander,commander,2023-04-21,rare,0.0,Land,Land,"G,U",2,1,0,"G,U",,0,135,0.0,0.0,0,1,0,0,0,547.0,1566.0,1,1,1,0,1,12,0.29,,0,Sam Burley,2015
c25ad164-4076-496d-833c-d607391b1ac8,Nesting Grounds,ecc,Lorwyn Eclipsed Commander,commander,2026-01-23,rare,0.0,Land,Land,C,0,0,1,,,0,132,0.0,0.0,0,1,0,0,0,574.0,3666.0,1,1,1,0,0,11,0.29,,0,Yeong-Hao Han,2015
35e9ec06-a848-4230-84a2-19cb8034e0f0,Spire of Industry,eoc,Edge of Eternities Commander,commander,2025-08-01,rare,0.0,Land,Land,C,0,0,1,,,0,99,0.0,0.0,0,1,0,0,0,384.0,783.0,1,1,1,0,1,12,0.29,,0,John Avon,2015
975dfe13-41a3-476b-9cc6-bf7c82abe31c,Temple of Mystery,mkc,Murders at Karlov Manor Commander,commander,2024-02-09,rare,0.0,Land,Land,"G,U",2,1,0,"G,U",Scry,1,153,0.0,0.0,0,1,0,0,0,294.0,440.0,1,1,1,1,1,16,0.29,,0,Piotr Dura,2015
1e10e2b4-9639-41ae-8b8e-253224d3d513,Growth Spiral,dsc,Duskmourn: House of Horror Commander,commander,2024-09-27,common,2.0,Instant,Instant,"G,U",2,1,0,"G,U",,0,73,0.0,0.0,0,1,0,0,0,217.0,176.0,1,1,1,0,1,13,0.29,,0,Nicholas Gregory,2015
3f5acc0d-33a6-476f-95ca-a1ad788334dd,Beluna Grandsquall // Seek Thrills,woe,Wilds of Eldraine,expansion,2023-09-08,mythic,3.0,Creature,Legendary Creature — Giant Noble // Instant — Adventure,"G,R,U",3,1,0,"G,R,U","Trample,Mill",2,0,4.0,4.0,0,0,0,0,1,13570.0,10727.0,1,1,1,1,1,15,0.29,0.32,0,Victor Adame Minguez,2015
318b8c5d-9fb0-488f-9b32-c2e29d1f1dbb,Cactusfolk Sureshot,otj,Outlaws of Thunder Junction,expansion,2024-04-19,uncommon,4.0,Creature,Creature — Plant Mercenary,"G,R",2,1,0,"G,R","Reach,Ward",2,277,4.0,4.0,0,0,0,0,1,5516.0,9467.0,1,1,1,1,1,14,0.29,0.35,0,Artur Nakhodkin,2015
d6bfc16a-2871-40a4-b279-636b80491a06,Blazing Crescendo,one,Phyrexia: All Will Be One,expansion,2023-02-10,common,2.0,Instant,Instant,R,1,0,0,R,,0,138,0.0,0.0,0,0,0,0,1,4039.0,6440.0,1,1,1,0,1,13,0.29,0.35,0,Tiffany Turrill,2015
7028130c-c91d-4bf7-b0b0-450f71107d7a,"Clement, the Worrywort",blb,Bloomburrow,expansion,2024-08-02,rare,3.0,Creature,Legendary Creature — Frog Druid,"G,U",2,1,0,"G,U",Vigilance,1,248,3.0,3.0,0,0,0,0,1,6365.0,8245.0,1,1,1,1,1,16,0.28,0.39,0,Ekaterina Burmak,2015
04588d2f-9e90-4f83-b85e-67e4bc222a62,Fact or Fiction,cmm,Commander Masters,masters,2023-08-04,uncommon,4.0,Instant,Instant,U,1,0,0,U,,0,155,0.0,0.0,0,1,0,0,1,641.0,99.0,1,1,1,0,0,8,0.28,0.27,0,Anna Christenson,2015
280ca0f4-be07-452a-bbc0-c25570f14008,Mentor of the Meek,inr,Innistrad Remastered,masters,2025-01-24,uncommon,3.0,Creature,Creature — Human Soldier,W,1,0,0,W,,0,107,2.0,2.0,0,1,0,0,1,605.0,4421.0,1,1,1,1,1,16,0.28,0.25,0,Jana Schirmer & Johannes Voss,2015
1f3013bf-9647-4bdb-a638-d299ae00f88e,Cheeky House-Mouse // Squeak By,woe,Wilds of Eldraine,expansion,2023-09-08,uncommon,1.0,Creature,Creature — Mouse // Sorcery — Adventure,W,1,0,0,W,,0,0,2.0,1.0,0,0,0,0,1,10168.0,1346.0,1,1,1,1,1,14,0.28,0.31,0,Uriah Voth,2015
882b348c-076b-41d8-b505-063480636669,Thrill of Possibility,fdn,Foundations,core,2024-11-15,common,2.0,Instant,Instant,R,1,0,0,R,,0,73,0.0,0.0,0,1,0,0,1,202.0,1199.0,1,1,1,1,1,18,0.28,0.29,0,Steve Argyle,2015
36298771-c671-4307-b8b6-31e3ead75be2,Temple of Plenty,mkc,Murders at Karlov Manor Commander,commander,2024-02-09,rare,0.0,Land,Land,"G,W",2,1,0,"G,W",Scry,1,153,0.0,0.0,0,1,0,0,0,466.0,1474.0,1,1,1,1,1,16,0.28,,0,Chris Ostrowski,2015
4a0aeb3a-923a-4b97-9d27-ea7e0b57de75,Fortified Village,tdc,Tarkir: Dragonstorm Commander,commander,2025-04-11,rare,0.0,Land,Land,"G,W",2,1,0,"G,W",,0,135,0.0,0.0,0,1,0,0,0,337.0,446.0,1,1,1,0,1,12,0.28,,0,Cliff Childs,2015
331270ac-15d4-4aa0-ba71-af07d0554b89,Simic Growth Chamber,mkc,Murders at Karlov Manor Commander,commander,2024-02-09,uncommon,0.0,Land,Land,"G,U",2,1,0,"G,U",,0,111,0.0,0.0,0,1,0,0,0,277.0,3723.0,1,1,1,0,0,9,0.28,,0,John Avon,2015
41393bce-01c1-4268-907e-de0fa8a76719,Temple of Silence,tdc,Tarkir: Dragonstorm Commander,commander,2025-04-11,rare,0.0,Land,Land,"B,W",2,1,0,"B,W",Scry,1,153,0.0,0.0,0,1,0,0,0,272.0,376.0,1,1,1,1,1,16,0.28,,0,Adam Paquette,2015
48810b27-0646-4ff9-9d4d-c6d09b2e0267,Frontier Bivouac,ecc,Lorwyn Eclipsed Commander,commander,2026-01-23,uncommon,0.0,Land,Land,"G,R,U",3,1,0,"G,R,U",,0,51,0.0,0.0,0,1,0,0,0,380.0,536.0,1,1,1,1,1,15,0.28,,0,Andrea Piparo,2015
e4ed0052-d6dd-4f69-8313-10863baefac9,Everflowing Chalice,eoc,Edge of Eternities Commander,commander,2025-08-01,uncommon,0.0,Artifact,Artifact,C,0,0,1,,Multikicker,1,224,0.0,0.0,0,1,0,0,0,249.0,1193.0,1,1,1,0,0,10,0.28,,0,Steve Argyle,2015
67bcf3fd-fca0-4cdb-b625-bac5fadd00e3,Opt,otc,Outlaws of Thunder Junction Commander,commander,2024-04-19,common,1.0,Instant,Instant,U,1,0,0,U,Scry,1,97,0.0,0.0,0,1,0,0,0,211.0,68.0,1,1,1,1,1,20,0.28,,0,Dan Murayama Scott,2015
e91bfea6-0e80-4239-bede-7cb971e64c1a,Furnace Reins,mom,March of the Machine,expansion,2023-04-21,uncommon,3.0,Sorcery,Sorcery,R,1,0,0,R,Treasure,1,282,0.0,0.0,0,0,0,0,1,6155.0,,1,1,1,0,1,11,0.28,0.36,0,Brian Valeza,2015
d61dfeb7-7f6b-4601-8396-2cbb98165489,Bristling Backwoods,otj,Outlaws of Thunder Junction,expansion,2024-04-19,common,0.0,Land,Land — Desert,"G,R",2,1,0,"G,R",,0,106,0.0,0.0,0,0,0,0,1,3093.0,1297.0,1,1,1,1,1,16,0.28,0.32,0,Viko Menezes,2015
1490c0dc-06d6-45ee-af3c-2935b0ab1233,Mosswort Bridge,tdc,Tarkir: Dragonstorm Commander,commander,2025-04-11,rare,0.0,Land,Land,G,1,0,0,G,Hideaway,1,315,0.0,0.0,0,1,0,0,0,193.0,3904.0,1,1,1,0,0,8,0.28,,0,Jeremy Jarvis,2015
436d6a84-4cea-4ca7-94aa-9d08280652af,"Alania, Divergent Storm",blb,Bloomburrow,expansion,2024-08-02,rare,5.0,Creature,Legendary Creature — Otter Wizard,"R,U",2,1,0,"R,U",,0,261,3.0,5.0,0,0,0,0,1,4229.0,,1,1,1,1,1,16,0.28,0.38,0,Joshua Raphael,2015
e5290a4c-1f98-4e97-a407-f951e386b8b0,Branchblight Stalker,one,Phyrexia: All Will Be One,expansion,2023-02-10,common,2.0,Creature,Creature — Phyrexian Elf Scout,G,1,0,0,G,Toxic,1,84,3.0,1.0,0,0,0,0,1,12743.0,12124.0,1,1,1,0,1,13,0.28,0.19,0,Krharts,2015
26c36742-456f-4618-99bc-793ef20b31b0,Bovine Intervention,otj,Outlaws of Thunder Junction,expansion,2024-04-19,uncommon,2.0,Instant,Instant,W,1,0,0,W,,0,90,0.0,0.0,0,0,0,0,1,3577.0,14973.0,1,1,1,1,1,14,0.28,0.37,0,Julia Metzger,2015
69689049-a704-4f16-84ee-4d5d915028ec,Getaway Glamer,otj,Outlaws of Thunder Junction,expansion,2024-04-19,uncommon,1.0,Instant,Instant,W,1,0,0,W,Spree,1,250,0.0,0.0,0,0,0,0,1,6317.0,6898.0,1,1,1,1,1,14,0.28,0.37,0,Forrest Imel,2015
2edcde06-b326-476e-884d-770187c785fe,Stitcher's Supplier,tdc,Tarkir: Dragonstorm Commander,commander,2025-04-11,uncommon,1.0,Creature,Creature — Zombie,B,1,0,0,B,Mill,1,115,1.0,1.0,0,1,0,0,0,664.0,,1,1,1,0,1,11,0.27,,0,Chris Seaman,2015
ad7f87dd-1c43-4b6f-9d68-cc09ef76dbc2,Sheltered Thicket,ecc,Lorwyn Eclipsed Commander,commander,2026-01-23,rare,0.0,Land,Land — Mountain Forest,"G,R",2,1,0,"G,R",Cycling,1,98,0.0,0.0,0,1,0,0,0,624.0,390.0,1,1,1,0,1,12,0.27,,0,Sung Choi,2015
04baad61-1b51-4602-9e33-0de4a9f34793,Annex Sentry,one,Phyrexia: All Will Be One,expansion,2023-02-10,uncommon,3.0,Creature,Artifact Creature — Phyrexian Cleric,W,1,0,0,W,Toxic,1,233,1.0,4.0,0,0,0,0,1,8601.0,2662.0,1,1,1,0,1,11,0.27,0.23,0,David Astruga,2015
e08ed414-77bf-402a-82a8-9d4e1bd627a1,Atraxa's Fall,mom,March of the Machine,expansion,2023-04-21,common,2.0,Sorcery,Sorcery,G,1,0,0,G,,0,70,0.0,0.0,0,0,0,0,1,8973.0,8311.0,1,1,1,0,1,13,0.27,0.16,0,Xavier Ribeiro,2015
61ba2aed-3514-4db9-8da0-329620b12f63,Food Coma,woe,Wilds of Eldraine,expansion,2023-09-08,uncommon,4.0,Enchantment,Enchantment,W,1,0,0,W,Food,1,215,0.0,0.0,0,0,0,0,0,14837.0,,1,1,1,1,1,14,0.27,0.28,0,Iris Compiet,2015
57ca2ec5-442d-4909-be28-93c50fbc5f7a,Faerie Dreamthief,woe,Wilds of Eldraine,expansion,2023-09-08,uncommon,1.0,Creature,Creature — Faerie Warlock,B,1,0,0,B,"Flying,Surveil",2,202,1.0,1.0,0,0,0,0,1,6174.0,2250.0,1,1,1,1,1,14,0.27,0.34,0,Randy Vargas,2015
4ba8f2e7-8357-4862-97dc-1942d066023a,Hidden Grotto,blb,Bloomburrow,expansion,2024-08-02,common,0.0,Land,Land,C,0,0,1,,Surveil,1,160,0.0,0.0,0,0,0,0,1,2401.0,1024.0,1,1,1,1,1,17,0.27,0.38,0,Fiona Hsieh,2015
00174be7-0dc8-43b9-81b6-f25a8c3fb4eb,Archon of the Wild Rose,woe,Wilds of Eldraine,expansion,2023-09-08,rare,4.0,Creature,Creature — Archon,W,1,0,0,W,Flying,1,125,4.0,4.0,0,0,0,0,1,9174.0,,1,1,1,1,1,15,0.27,0.33,0,Chris Rahn,2015
52d58fe4-6070-4022-9cd7-c35a11b44525,Negate,tmt,Teenage Mutant Ninja Turtles,expansion,2026-03-06,common,2.0,Instant,Instant,U,1,0,0,U,,0,33,0.0,0.0,0,1,0,0,0,53.0,183.0,1,1,1,1,1,19,0.27,0.24,0,Ryan Valle,2015
bdee441e-14ab-42d1-b447-5a6488fd713a,Fear of Impostors,dsk,Duskmourn: House of Horror,expansion,2024-09-27,uncommon,3.0,Creature,Enchantment Creature — Nightmare,U,1,0,0,U,Flash,1,322,3.0,2.0,0,0,0,0,1,5436.0,1765.0,1,1,1,1,1,15,0.27,0.27,0,David Szabo,2015
5456b036-231e-4a64-b060-0709f5254664,Dragonwing Glider,one,Phyrexia: All Will Be One,expansion,2023-02-10,rare,5.0,Artifact,Artifact — Equipment,R,1,0,0,R,"For Mirrodin!,Equip",2,177,0.0,0.0,0,0,0,0,1,10728.0,8415.0,1,1,1,0,1,12,0.27,0.19,0,Andreas Zafiratos,2015
5b61711f-8982-4ff0-86ba-01e0125cd705,Eriette's Tempting Apple,woe,Wilds of Eldraine,expansion,2023-09-08,uncommon,4.0,Artifact,Legendary Artifact — Food,C,0,0,1,,,0,282,0.0,0.0,0,0,0,0,1,7602.0,11238.0,1,1,1,1,1,14,0.27,0.36,0,Alayna Danner,2015
254fc64a-9734-44a6-8869-ab03512f1a99,Gnawing Crescendo,woe,Wilds of Eldraine,expansion,2023-09-08,common,3.0,Instant,Instant,R,1,0,0,R,,0,176,0.0,0.0,0,0,0,0,1,11504.0,,1,1,1,1,1,16,0.27,0.16,0,Alexey Kruglov,2015
17a104d3-e4ac-44a0-9c6a-39965b1b9751,Colossal Rattlewurm,otj,Outlaws of Thunder Junction,expansion,2024-04-19,rare,4.0,Creature,Creature — Wurm,G,1,0,0,G,Trample,1,204,6.0,5.0,0,0,0,0,1,9172.0,7050.0,1,1,1,1,1,15,0.27,0.31,0,Filip Burburan,2015
9d0c6077-f84c-4e91-87dc-b0ac81d557f8,Bastion of Remembrance,tdc,Tarkir: Dragonstorm Commander,commander,2025-04-11,uncommon,3.0,Enchantment,Enchantment,B,1,0,0,B,,0,164,0.0,0.0,0,1,0,0,0,335.0,2261.0,1,1,1,0,1,11,0.27,,0,Volkan Baǵa,2015
0c7e51b6-4898-4632-b39c-3ce438caa882,Demolition Field,fdn,Foundations,core,2024-11-15,uncommon,0.0,Land,Land,C,0,0,1,,,0,303,0.0,0.0,0,1,0,0,0,392.0,405.0,1,1,1,1,1,15,0.27,,0,Kamila Szutenberg,2015
b3198f96-f9d8-494f-a556-24ce3ad3895d,Read the Bones,dsc,Duskmourn: House of Horror Commander,commander,2024-09-27,common,3.0,Sorcery,Sorcery,B,1,0,0,B,Scry,1,177,0.0,0.0,0,1,0,0,0,429.0,948.0,1,1,1,0,1,13,0.27,,0,Lars Grant-West,2015
69aa6054-8c59-4bbc-a283-adb453639786,Fear of Isolation,dsk,Duskmourn: House of Horror,expansion,2024-09-27,uncommon,2.0,Creature,Enchantment Creature — Nightmare,U,1,0,0,U,Flying,1,100,2.0,3.0,0,0,0,0,1,14602.0,3865.0,1,1,1,1,1,15,0.26,0.29,0,Irina Nordsol,2015
ee7207f8-5daa-42af-aeea-7a489047110b,Hop to It,blb,Bloomburrow,expansion,2024-08-02,uncommon,3.0,Sorcery,Sorcery,W,1,0,0,W,,0,46,0.0,0.0,0,0,0,0,1,4870.0,2215.0,1,1,1,1,1,15,0.26,0.34,0,Eelis Kyttanen,2015
bc5ee537-52e1-474a-9326-dfacc2a758ab,Honored Dreyleader,blb,Bloomburrow,expansion,2024-08-02,uncommon,3.0,Creature,Creature — Squirrel Warrior,G,1,0,0,G,Trample,1,201,1.0,1.0,0,0,0,0,1,3552.0,5286.0,1,1,1,1,1,15,0.26,0.36,0,Aurore Folny,2015
82b142be-4586-487a-8dd8-a55eff776458,Friendly Teddy,dsk,Duskmourn: House of Horror,expansion,2024-09-27,common,2.0,Creature,Artifact Creature — Bear Toy,C,0,0,1,,,0,50,2.0,2.0,0,0,0,0,1,10138.0,8520.0,1,1,1,1,1,17,0.26,0.3,0,Johann Bodin,2015
a69fb480-a9fc-4f09-ac4e-3ce52c485ea9,Extraordinary Journey,woe,Wilds of Eldraine,expansion,2023-09-08,rare,2.0,Enchantment,Enchantment,U,1,0,0,U,,0,315,0.0,0.0,0,0,0,0,1,9640.0,5709.0,1,1,1,1,1,15,0.26,0.23,0,Volkan Baǵa,2015
dfb81cb1-ac56-4803-a962-359854a447df,Bilious Skulldweller,one,Phyrexia: All Will Be One,expansion,2023-02-10,uncommon,1.0,Creature,Creature — Phyrexian Insect,B,1,0,0,B,"Toxic,Deathtouch",2,92,1.0,1.0,0,0,0,0,1,4598.0,4177.0,1,1,1,0,1,11,0.26,0.33,0,Svetlin Velinov,2015
bd9eca71-2430-4112-a23a-fba76ca2efb4,Goblin Electromancer,tdc,Tarkir: Dragonstorm Commander,commander,2025-04-11,common,2.0,Creature,Creature — Goblin Wizard,"R,U",2,1,0,"R,U",,0,58,2.0,2.0,0,1,0,0,0,656.0,1955.0,1,1,1,0,1,14,0.26,,0,Edgar Sánchez Hidalgo,2015
aa1db4e3-e98c-49af-8682-3b7aa20bc31e,Doomskar Warrior,mom,March of the Machine,expansion,2023-04-21,rare,4.0,Creature,Creature — Human Warrior,G,1,0,0,G,"Backup,Trample",2,280,4.0,3.0,0,0,0,0,1,13229.0,9641.0,1,1,1,0,1,12,0.26,0.19,0,Chris Rallis,2015
c958257e-fa70-4fa3-90a1-0497967abef3,Farsight Ritual,woe,Wilds of Eldraine,expansion,2023-09-08,rare,4.0,Instant,Instant,U,1,0,0,U,Bargain,1,305,0.0,0.0,0,0,0,0,1,12934.0,1979.0,1,1,1,1,1,14,0.26,0.22,0,Randy Gallegos,2015
dcdd2622-ab7a-4990-b026-3667cac42894,Broodspinner,dsk,Duskmourn: House of Horror,expansion,2024-09-27,uncommon,2.0,Creature,Creature — Spider,"B,G",2,1,0,"B,G","Surveil,Reach",2,366,2.0,3.0,0,0,0,0,1,10661.0,6331.0,1,1,1,1,1,15,0.26,0.25,0,Igor Krstic,2015
0955b64f-6721-4fa6-b161-cae404cb5b9f,Ichorspit Basilisk,one,Phyrexia: All Will Be One,expansion,2023-02-10,common,3.0,Creature,Creature — Phyrexian Basilisk,G,1,0,0,G,"Toxic,Deathtouch",2,92,1.0,3.0,0,0,0,0,1,7925.0,,1,1,1,0,1,13,0.26,0.31,0,Joe Slucher,2015
f7dc55a8-290f-4666-90ce-aa632e87c5e7,Anoint with Affliction,one,Phyrexia: All Will Be One,expansion,2023-02-10,common,2.0,Instant,Instant,B,1,0,0,B,Corrupted,1,146,0.0,0.0,0,0,0,0,1,11029.0,2322.0,1,1,1,0,1,13,0.26,0.25,0,David Astruga,2015
c498dbf9-c68c-400c-9349-c3c3fc8efcae,Hexgold Hoverwings,one,Phyrexia: All Will Be One,expansion,2023-02-10,uncommon,4.0,Artifact,Artifact — Equipment,W,1,0,0,W,"For Mirrodin!,Equip",2,200,0.0,0.0,0,0,0,0,1,11273.0,,1,1,1,0,1,11,0.26,0.2,0,Kai Carpenter,2015
e07baeb1-c873-42c2-8f1e-757f13572079,Halo Hopper,mom,March of the Machine,expansion,2023-04-21,common,3.0,Creature,Artifact Creature — Frog,C,0,0,1,,Convoke,1,148,3.0,2.0,0,0,0,0,1,15841.0,6454.0,1,1,1,0,1,13,0.26,0.26,0,Daniel Ljunggren,2015
68fd8548-50db-4243-9154-377f32408d58,Akul the Unrepentant,otj,Outlaws of Thunder Junction,expansion,2024-04-19,rare,4.0,Creature,Legendary Creature — Scorpion Dragon Rogue,"B,R",2,1,0,"B,R","Flying,Trample",2,165,5.0,5.0,0,0,0,0,1,10128.0,11456.0,1,1,1,1,1,15,0.26,0.34,0,Kekai Kotaki,2015
8d4af7c3-a70d-4f71-b27d-b268c4a0f81e,"Annie Flash, the Veteran",otj,Outlaws of Thunder Junction,expansion,2024-04-19,mythic,6.0,Creature,Legendary Creature — Human Rogue,"G,R,W",3,1,0,"G,R,W",Flash,1,262,4.0,5.0,0,0,0,0,1,15969.0,13426.0,1,1,1,1,1,15,0.26,0.43,0,Kieran Yanner,2015
e7a70f5a-2056-4c26-b6ea-9f751b5d0d8c,"Calamity, Galloping Inferno",otj,Outlaws of Thunder Junction,expansion,2024-04-19,rare,6.0,Creature,Legendary Creature — Horse Mount,R,1,0,0,R,"Saddle,Haste",2,259,4.0,6.0,0,0,0,0,1,6031.0,5915.0,1,1,1,1,1,15,0.26,0.35,0,Artur Nakhodkin,2015
cf3bda9e-42af-4f99-a504-c96c25c2794b,"Breeches, the Blastmaker",otj,Outlaws of Thunder Junction,expansion,2024-04-19,rare,3.0,Creature,Legendary Creature — Goblin Pirate,"R,U",2,1,0,"R,U",Menace,1,283,3.0,3.0,0,0,0,0,1,7641.0,5667.0,1,1,1,1,1,15,0.26,0.27,0,Dmitry Burmak,2015
66444549-ad9b-49c6-a7c6-34e977c1085d,Tireless Tracker,eoc,Edge of Eternities Commander,commander,2025-08-01,rare,3.0,Creature,Creature — Human Scout,G,1,0,0,G,"Investigate,Landfall",2,215,3.0,2.0,0,1,0,0,0,604.0,566.0,1,1,1,0,1,12,0.26,,0,Eric Deschamps,2015
d2ce0759-6b24-41a6-8a24-16cf44dfc162,Temple of Abandon,tdc,Tarkir: Dragonstorm Commander,commander,2025-04-11,rare,0.0,Land,Land,"G,R",2,1,0,"G,R",Scry,1,153,0.0,0.0,0,1,0,0,0,467.0,984.0,1,1,1,1,1,16,0.26,,0,Adam Paquette,2015
42060b9d-de58-485e-817a-1e64839943aa,Charge of the Mites,one,Phyrexia: All Will Be One,expansion,2023-02-10,common,3.0,Instant,Instant,W,1,0,0,W,,0,303,0.0,0.0,0,0,0,0,1,9273.0,3781.0,1,1,1,0,1,13,0.26,0.13,0,Vladimir Krisetskiy,2015
70719e7b-6f02-4c1a-9f11-79b2b0d9846a,Dust Animus,otj,Outlaws of Thunder Junction,expansion,2024-04-19,rare,2.0,Creature,Creature — Spirit,W,1,0,0,W,"Flying,Plot",2,285,2.0,3.0,0,0,0,0,1,11956.0,4371.0,1,1,1,1,1,15,0.26,0.27,0,Uriah Voth,2015
b4066d41-0eb5-4dfd-93ec-2f242c3a27a4,Deeproot Wayfinder,mom,March of the Machine,expansion,2023-04-21,rare,2.0,Creature,Creature — Merfolk Scout,G,1,0,0,G,Surveil,1,252,2.0,3.0,0,0,0,0,1,10351.0,2088.0,1,1,1,0,1,12,0.26,0.36,0,Anna Pavleeva,2015
2d6cf933-73fe-4e79-8d0b-29dc0f18b25d,Bladegraft Aspirant,one,Phyrexia: All Will Be One,expansion,2023-02-10,common,3.0,Creature,Creature — Phyrexian Warrior,R,1,0,0,R,Menace,1,153,2.0,3.0,0,0,0,0,1,7318.0,9334.0,1,1,1,0,1,13,0.26,0.27,0,Valera Lutfullina,2015
be5d0b95-ec12-4e8e-99a0-7aca457f9107,Annihilating Glare,one,Phyrexia: All Will Be One,expansion,2023-02-10,common,1.0,Sorcery,Sorcery,B,1,0,0,B,,0,128,0.0,0.0,0,0,0,0,1,7218.0,12090.0,1,1,1,0,1,13,0.25,0.23,0,Konstantin Porubov,2015
4224747e-1dbc-4a29-b5da-5916d8ca2768,Intrepid Trufflesnout // Go Hog Wild,woe,Wilds of Eldraine,expansion,2023-09-08,uncommon,2.0,Creature,Creature — Boar // Instant — Adventure,G,1,0,0,G,Food,1,0,3.0,1.0,0,0,0,0,0,17705.0,,1,1,1,1,1,14,0.25,0.19,0,Kisung Koh,2015
a3e4efa6-5783-4a51-99c6-116d1a8f01cf,Gleeful Demolition,one,Phyrexia: All Will Be One,expansion,2023-02-10,uncommon,1.0,Sorcery,Sorcery,R,1,0,0,R,,0,112,0.0,0.0,0,0,0,0,1,7491.0,873.0,1,1,1,0,1,11,0.25,0.27,0,Tuan Duong Chu,2015
58c7f52e-a97d-4475-ae00-3149991e723e,Devouring Sugarmaw // Have for Dinner,woe,Wilds of Eldraine,expansion,2023-09-08,rare,4.0,Creature,Creature — Horror // Instant — Adventure,B,1,0,0,"B,W","Food,Trample,Menace",3,0,6.0,6.0,0,0,0,0,1,20130.0,1377.0,1,1,1,1,1,15,0.25,0.27,0,Nino Vecia,2015
10986e5a-9fc6-41e2-8352-289328245171,Clockwork Percussionist,dsk,Duskmourn: House of Horror,expansion,2024-09-27,common,1.0,Creature,Artifact Creature — Monkey Toy,R,1,0,0,R,Haste,1,115,1.0,1.0,0,0,0,0,1,8997.0,246.0,1,1,1,1,1,17,0.25,0.36,0,Eric Wilkerson,2015
68b2e74b-933b-4285-963b-dda3a986a914,Bandit's Haul,otj,Outlaws of Thunder Junction,expansion,2024-04-19,uncommon,3.0,Artifact,Artifact,C,0,0,1,,,0,299,0.0,0.0,0,0,0,0,1,4990.0,,1,1,1,1,1,14,0.25,0.33,0,Monztre,2015
8739f1ac-2e57-4b52-a7ff-cc8df5936aad,Dazzling Denial,blb,Bloomburrow,expansion,2024-08-02,common,2.0,Instant,Instant,U,1,0,0,U,,0,134,0.0,0.0,0,0,0,0,1,4207.0,933.0,1,1,1,1,1,18,0.25,0.3,0,Kisung Koh,2015
a8f5f102-cc75-4cee-a117-4bdaaf86c2e9,Hearth Elemental // Stoke Genius,woe,Wilds of Eldraine,expansion,2023-09-08,uncommon,6.0,Creature,Creature — Elemental // Sorcery — Adventure,R,1,0,0,R,,0,0,4.0,5.0,0,0,0,0,1,14358.0,1457.0,1,1,1,1,1,14,0.24,0.34,0,Nicholas Gregory,2015
d051bfc7-b402-444d-896e-c3a9562cdb0d,Indoctrination Attendant,one,Phyrexia: All Will Be One,expansion,2023-02-10,common,4.0,Creature,Creature — Phyrexian Cleric,W,1,0,0,W,Toxic,1,290,3.0,4.0,0,0,0,0,1,12784.0,,1,1,1,0,1,13,0.24,0.17,0,Sam Wolfe Connelly,2015
aace4c44-7250-414b-aac4-df042a1e2e1d,Crawling Chorus,one,Phyrexia: All Will Be One,expansion,2023-02-10,common,1.0,Creature,Creature — Phyrexian Horror,W,1,0,0,W,Toxic,1,211,1.0,1.0,0,0,0,0,1,6069.0,4907.0,1,1,1,0,1,13,0.24,0.32,0,Michael Walsh,2015
c175c998-7b80-4187-bdbc-5b6e0d7eac91,Horrid Vigor,dsk,Duskmourn: House of Horror,expansion,2024-09-27,common,2.0,Instant,Instant,G,1,0,0,G,,0,70,0.0,0.0,0,0,0,0,1,5687.0,,1,1,1,1,1,17,0.24,0.33,0,Chris Cold,2015
b299889a-03d6-4659-b0e1-f0830842e40f,Gossip's Talent,blb,Bloomburrow,expansion,2024-08-02,uncommon,2.0,Enchantment,Enchantment — Class,U,1,0,0,U,Surveil,1,377,0.0,0.0,0,0,0,0,1,4377.0,,1,1,1,1,1,15,0.24,0.37,0,Andrea Sipl,2015
3553dcef-7b99-49d5-b071-06b894696952,Cacophony Scamp,one,Phyrexia: All Will Be One,expansion,2023-02-10,uncommon,1.0,Creature,Creature — Phyrexian Goblin Warrior,R,1,0,0,R,Proliferate,1,285,1.0,1.0,0,0,0,0,1,11479.0,1437.0,1,1,1,0,1,11,0.24,0.29,0,Svetlin Velinov,2015
8f8c931e-219f-4032-b55b-b5975fbea1e7,Fleeting Reflection,otj,Outlaws of Thunder Junction,expansion,2024-04-19,uncommon,2.0,Instant,Instant,U,1,0,0,U,,0,155,0.0,0.0,0,0,0,0,1,11234.0,,1,1,1,1,1,14,0.24,0.17,0,Camille Alquier,2015
caf0e715-befb-4904-82e6-d3f8c7fbd454,Dance of the Tumbleweeds,otj,Outlaws of Thunder Junction,expansion,2024-04-19,common,2.0,Sorcery,Sorcery,G,1,0,0,G,Spree,1,253,0.0,0.0,0,0,0,0,1,5947.0,5881.0,1,1,1,1,1,16,0.24,0.22,0,Dan Murayama Scott,2015
a4e81be6-6447-4f1e-be00-6fcdb2ab35af,"Ertha Jo, Frontier Mentor",otj,Outlaws of Thunder Junction,expansion,2024-04-19,uncommon,4.0,Creature,Legendary Creature — Kor Advisor,"R,W",2,1,0,"R,W",,0,289,2.0,4.0,0,0,0,0,1,7793.0,11239.0,1,1,1,1,1,14,0.24,0.3,0,Michal Ivan,2015
c5523dac-7aa0-4486-89c8-3b22a1411f26,Creosote Heath,otj,Outlaws of Thunder Junction,expansion,2024-04-19,common,0.0,Land,Land — Desert,"G,W",2,1,0,"G,W",,0,106,0.0,0.0,0,0,0,0,1,3458.0,1380.0,1,1,1,1,1,17,0.24,0.25,0,Leon Tukker,2015
660845b5-96fa-4484-822b-aa0508801306,Back for Seconds,woe,Wilds of Eldraine,expansion,2023-09-08,uncommon,3.0,Sorcery,Sorcery,B,1,0,0,B,Bargain,1,304,0.0,0.0,0,0,0,0,1,6828.0,2026.0,1,1,1,1,1,14,0.24,0.22,0,Julia Metzger,2015
3557e601-9b71-4ce9-9047-1a8baa72e574,Duress,one,Phyrexia: All Will Be One,expansion,2023-02-10,common,1.0,Sorcery,Sorcery,B,1,0,0,B,,0,115,0.0,0.0,0,1,0,0,1,3217.0,35.0,1,1,1,1,1,19,0.24,0.23,0,PINDURSKI,2015
3cd8dd4e-6892-49d7-8fae-97d04f9f6c84,Against All Odds,one,Phyrexia: All Will Be One,expansion,2023-02-10,uncommon,4.0,Sorcery,Sorcery,W,1,0,0,W,,0,238,0.0,0.0,0,0,0,0,1,9376.0,12085.0,1,1,1,0,1,11,0.23,0.34,0,Rudy Siswanto,2015
60976109-30ad-4f12-99eb-c5ef560fcf1b,Galvanic Giant // Storm Reading,woe,Wilds of Eldraine,expansion,2023-09-08,uncommon,4.0,Creature,Creature — Giant Wizard // Instant — Adventure,U,1,0,0,U,,0,0,3.0,3.0,0,0,0,0,1,11436.0,,1,1,1,1,1,14,0.23,0.11,0,Borja Pindado,2015
90de84c9-941b-4056-8501-ce8a948b9643,Holy Cow,otj,Outlaws of Thunder Junction,expansion,2024-04-19,common,3.0,Creature,Creature — Ox Angel,W,1,0,0,W,"Scry,Flying,Flash",3,144,2.0,2.0,0,0,0,0,1,8797.0,6842.0,1,1,1,1,1,17,0.23,0.26,0,Justyna Dura,2015
26bd6b0d-8606-4a37-8be3-a852f1a8e99c,Dreamdew Entrancer,blb,Bloomburrow,expansion,2024-08-02,rare,4.0,Creature,Creature — Frog Wizard,"G,U",2,1,0,"G,U",Reach,1,143,3.0,4.0,0,0,0,0,1,6705.0,9644.0,1,1,1,1,1,16,0.23,0.36,0,Zoltan Boros,2015
80f649bb-b163-44ae-801f-8884143c407f,Into the Fire,mom,March of the Machine,expansion,2023-04-21,rare,3.0,Sorcery,Sorcery,R,1,0,0,R,,0,195,0.0,0.0,0,0,0,0,1,7063.0,3531.0,1,1,1,0,1,12,0.23,0.35,0,Grzegorz Rutkowski,2015
f77049a6-0f22-415b-bc89-20bcb32accf6,Barkform Harvester,blb,Bloomburrow,expansion,2024-08-02,common,3.0,Creature,Artifact Creature — Shapeshifter,C,0,0,1,,"Reach,Changeling",2,124,2.0,3.0,0,0,0,0,1,4514.0,9786.0,1,1,1,1,1,17,0.22,0.3,0,Zezhou Chen,2015
0de60cf7-fa82-4b6f-9f88-6590fba5c863,Bushy Bodyguard,blb,Bloomburrow,expansion,2024-08-02,uncommon,2.0,Creature,Creature — Squirrel Warrior,G,1,0,0,G,"Forage,Offspring",2,294,2.0,1.0,0,0,0,0,1,11376.0,,1,1,1,1,1,15,0.22,0.28,0,Andrea Piparo,2015
87138ace-3594-499e-bad5-ec76148613ea,Burrowguard Mentor,blb,Bloomburrow,expansion,2024-08-02,uncommon,2.0,Creature,Creature — Rabbit Soldier,"G,W",2,1,0,"G,W",Trample,1,103,,,0,0,0,0,1,6577.0,5282.0,1,1,1,1,1,15,0.22,0.29,0,Dmitry Burmak,2015
f46c133a-7ae4-431b-88f2-ec606a7baf69,"Eriette, the Beguiler",otj,Outlaws of Thunder Junction,expansion,2024-04-19,rare,4.0,Creature,Legendary Creature — Human Warlock,"B,U,W",3,1,0,"B,U,W",Lifelink,1,235,4.0,4.0,0,0,0,0,1,13470.0,,1,1,1,1,1,15,0.22,0.34,0,Chris Rallis,2015
0ad345b6-7077-4dd2-b515-c774a3185fe4,Hollow Scavenger // Bakery Raid,woe,Wilds of Eldraine,expansion,2023-09-08,common,3.0,Creature,Creature — Wolf // Sorcery — Adventure,G,1,0,0,G,Food,1,0,3.0,2.0,0,0,0,0,1,15728.0,6337.0,1,1,1,1,1,16,0.22,0.19,0,Michele Giorgi,2015
f67bd5ef-305b-4bf7-990b-3014778b14a0,Chancellor of Tales,woe,Wilds of Eldraine,expansion,2023-09-08,uncommon,4.0,Creature,Creature — Faerie Advisor,U,1,0,0,U,Flying,1,102,2.0,3.0,0,0,0,0,1,11456.0,,1,1,1,1,1,14,0.22,0.13,0,Joshua Raphael,2015
069294a8-e65a-47af-942f-7e99d18658f2,"Fortune, Loyal Steed",otj,Outlaws of Thunder Junction,expansion,2024-04-19,rare,3.0,Creature,Legendary Creature — Beast Mount,W,1,0,0,W,"Saddle,Scry",2,226,2.0,4.0,0,0,0,0,1,7451.0,7643.0,1,1,1,1,1,15,0.22,0.31,0,Artur Nakhodkin,2015
263232df-69b8-4205-93ad-c724fe57ec11,Armored Armadillo,otj,Outlaws of Thunder Junction,expansion,2024-04-19,common,1.0,Creature,Creature — Armadillo,W,1,0,0,W,Ward,1,214,0.0,4.0,0,0,0,0,1,15047.0,6745.0,1,1,1,1,1,16,0.22,0.26,0,Leon Tukker,2015
cdedebad-f71e-4434-871e-5bbbd3c07a12,Atraxa's Skitterfang,one,Phyrexia: All Will Be One,expansion,2023-02-10,uncommon,3.0,Creature,Artifact Creature — Phyrexian Insect,C,0,0,1,,,0,266,2.0,2.0,0,0,0,0,1,10427.0,16008.0,1,1,1,0,1,11,0.22,0.2,0,Billy Christian,2015
83ca46ac-0698-4651-940d-3fd20c266b74,Glistening Deluge,mom,March of the Machine,expansion,2023-04-21,uncommon,3.0,Sorcery,Sorcery,B,1,0,0,B,,0,123,0.0,0.0,0,0,0,0,1,19842.0,7914.0,1,1,1,0,1,11,0.21,0.17,0,Anastasia Balakchina,2015
dfd977dc-a7c3-4d0a-aca7-b25bd154e963,Cache Grab,blb,Bloomburrow,expansion,2024-08-02,common,2.0,Instant,Instant,G,1,0,0,G,"Food,Mill",2,362,0.0,0.0,0,0,0,0,1,5226.0,2041.0,1,1,1,1,1,17,0.21,0.26,0,Loïc Canavaggia,2015
0e1141ca-78c0-46e5-99f8-28069d69f23a,Goliath Hatchery,one,Phyrexia: All Will Be One,expansion,2023-02-10,rare,6.0,Enchantment,Enchantment,G,1,0,0,G,Corrupted,1,335,0.0,0.0,0,0,0,0,0,14406.0,,1,1,1,0,1,12,0.21,0.57,0,Simon Dominic,2015
025a5338-133f-486d-9f73-0896226685c0,Gloomfang Mauler,mom,March of the Machine,expansion,2023-04-21,common,7.0,Creature,Creature — Nightmare,B,1,0,0,B,"Backup,Landcycling,Menace,Typecycling,Cycling,Swampcycling",6,294,5.0,5.0,0,0,0,0,1,14757.0,6899.0,1,1,1,0,1,13,0.21,0.21,0,Denis Zhbankov,2015
8925279f-c16a-43b4-b791-ce450157275b,Bounding Felidar,otj,Outlaws of Thunder Junction,expansion,2024-04-19,uncommon,6.0,Creature,Creature — Cat Beast Mount,W,1,0,0,W,Saddle,1,303,4.0,7.0,0,0,0,0,1,10516.0,12520.0,1,1,1,1,1,14,0.21,0.18,0,Lars Grant-West,2015
ca0c8d3b-ce30-4da5-a6a8-9bdcb3c757f9,A Tale for the Ages,woe,Wilds of Eldraine,expansion,2023-09-08,rare,2.0,Enchantment,Enchantment,W,1,0,0,W,,0,42,0.0,0.0,0,0,0,0,1,13970.0,7280.0,1,1,1,1,1,15,0.21,0.29,0,Julie Dillon,2015
63517062-77da-4b60-aa24-f91553a81bed,Gitaxian Anatomist,one,Phyrexia: All Will Be One,expansion,2023-02-10,common,4.0,Creature,Creature — Phyrexian Wizard,U,1,0,0,U,Proliferate,1,175,2.0,5.0,0,0,0,0,1,14596.0,,1,1,1,0,1,13,0.21,0.13,0,Sam Wolfe Connelly,2015
19f20c0a-22be-4a9c-96ce-4047f7a2d424,Beanstalk Wurm // Plant Beans,woe,Wilds of Eldraine,expansion,2023-09-08,common,5.0,Creature,Creature — Plant Wurm // Sorcery — Adventure,G,1,0,0,G,Reach,1,0,5.0,4.0,0,0,0,0,1,6431.0,4904.0,1,1,1,1,1,16,0.21,0.29,0,Aldo Domínguez,2015
fab7646a-61e8-446b-9dba-ac6e0db82f10,Grabby Giant // That's Mine,woe,Wilds of Eldraine,expansion,2023-09-08,common,4.0,Creature,Creature — Giant // Instant — Adventure,R,1,0,0,R,"Reach,Treasure",2,0,4.0,3.0,0,0,0,0,1,11903.0,3392.0,1,1,1,1,1,16,0.21,0.13,0,Johann Bodin,2015
ec435e54-628a-43bd-8804-cbc37e375bce,Edgewall Inn,woe,Wilds of Eldraine,expansion,2023-09-08,uncommon,0.0,Land,Land,C,0,0,1,,,0,206,0.0,0.0,0,0,0,0,1,8946.0,3470.0,1,1,1,1,1,14,0.2,0.19,0,Alayna Danner,2015
277aeb73-4c7c-4132-b9f9-55181d57e75d,Blade of Shared Souls,one,Phyrexia: All Will Be One,expansion,2023-02-10,rare,3.0,Artifact,Artifact — Equipment,U,1,0,0,U,"For Mirrodin!,Equip",2,307,0.0,0.0,0,0,0,0,1,11717.0,9790.0,1,1,1,0,1,12,0.2,0.26,0,Volkan Baǵa,2015
859419d3-cd15-4362-98b3-a7ff98e29692,Icewrought Sentry,woe,Wilds of Eldraine,expansion,2023-09-08,uncommon,3.0,Creature,Creature — Elemental Soldier,U,1,0,0,U,Vigilance,1,220,2.0,3.0,0,0,0,0,1,11494.0,,1,1,1,1,1,14,0.2,0.18,0,Brian Valeza,2015
ae2e1244-f05b-45f9-8afc-59f190524798,Invasion of Azgol // Ashen Reaper,mom,March of the Machine,expansion,2023-04-21,uncommon,2.0,Creature,Battle — Siege // Creature — Zombie Elemental,"B,R",2,1,0,"B,R","Transform,Menace",2,0,0.0,0.0,0,0,0,0,1,16880.0,2485.0,1,1,1,0,1,11,0.2,0.23,0,Joshua Raphael,2015
584774b5-640f-45e0-810b-f5faf119645b,Discerning Financier,woe,Wilds of Eldraine,expansion,2023-09-08,uncommon,3.0,Creature,Creature — Human Noble,W,1,0,0,W,Treasure,1,288,2.0,3.0,0,0,0,0,1,7256.0,13006.0,1,1,1,1,1,14,0.2,0.31,0,Wayne Reynolds,2015
29d2c689-af37-433a-a012-e8d384702811,Dune Mover,one,Phyrexia: All Will Be One,expansion,2023-02-10,common,2.0,Creature,Artifact Creature — Phyrexian Golem,C,0,0,1,,Toxic,1,209,2.0,1.0,0,0,0,0,1,9898.0,,1,1,1,0,1,13,0.2,0.11,0,Kev Walker,2015
588c6217-c460-417e-98bf-de5475780baf,Disdainful Stroke,woe,Wilds of Eldraine,expansion,2023-09-08,uncommon,2.0,Instant,Instant,U,1,0,0,U,,0,50,0.0,0.0,0,1,0,0,1,2557.0,2422.0,1,1,1,1,1,17,0.2,0.38,0,Eelis Kyttanen,2015
83957fe0-6500-420c-9b7a-2448a1c1d3b3,Ashiok's Reaper,woe,Wilds of Eldraine,expansion,2023-09-08,uncommon,4.0,Creature,Creature — Nightmare,B,1,0,0,B,,0,94,3.0,3.0,0,0,0,0,1,6881.0,,1,1,1,1,1,14,0.2,0.34,0,Denis Zhbankov,2015
d13a247c-c941-488a-b13b-bffb1f1f368a,Cursed Recording,dsk,Duskmourn: House of Horror,expansion,2024-09-27,rare,4.0,Artifact,Artifact,R,1,0,0,R,,0,310,0.0,0.0,0,0,0,0,1,11110.0,5984.0,1,1,1,1,1,16,0.2,0.22,0,Kim Sokol,2015
2cfd365e-34d1-4224-b925-119000311934,"Greta, Sweettooth Scourge",woe,Wilds of Eldraine,expansion,2023-09-08,uncommon,3.0,Creature,Legendary Creature — Human Warrior,"B,G",2,1,0,"B,G",Food,1,268,3.0,3.0,0,0,0,0,1,5006.0,4031.0,1,1,1,1,1,14,0.2,0.32,0,Steve Prescott,2015
969b13bb-6411-41f9-b6b4-af4ffca62e17,Into the Fae Court,woe,Wilds of Eldraine,expansion,2023-09-08,common,5.0,Sorcery,Sorcery,U,1,0,0,U,,0,124,0.0,0.0,0,0,0,0,1,15172.0,,1,1,1,1,1,16,0.2,0.2,0,Anna Steinbauer,2015
66ddcca8-5720-4341-acce-c6694ddc97f8,Bloated Processor,mom,March of the Machine,expansion,2023-04-21,rare,3.0,Creature,Creature — Phyrexian,B,1,0,0,B,"Incubate,Transform",2,268,3.0,2.0,0,0,0,0,1,10575.0,8804.0,1,1,1,0,1,12,0.2,0.21,0,Brock Grossman,2015
8faf36da-bbad-4d6e-a530-502d47a2dd23,Ego Drain,woe,Wilds of Eldraine,expansion,2023-09-08,uncommon,1.0,Sorcery,Sorcery,B,1,0,0,B,,0,162,0.0,0.0,0,0,0,0,1,17120.0,1936.0,1,1,1,1,1,14,0.2,0.18,0,Valera Lutfullina,2015
d382fd32-b1f5-4ec7-9d42-fc2915ed3bc9,Hopeful Vigil,woe,Wilds of Eldraine,expansion,2023-09-08,common,2.0,Enchantment,Enchantment,W,1,0,0,W,Scry,1,198,0.0,0.0,0,0,0,0,1,18750.0,1736.0,1,1,1,1,1,16,0.19,0.22,0,Jake Murray,2015
560062cd-34f8-4d30-9e25-099b03961724,Drover Grizzly,otj,Outlaws of Thunder Junction,expansion,2024-04-19,common,3.0,Creature,Creature — Bear Mount,G,1,0,0,G,Saddle,1,256,4.0,2.0,0,0,0,0,1,10160.0,13555.0,1,1,1,1,1,17,0.19,0.09,0,Adrián Rodríguez Pérez,2015
28f48394-c6aa-4453-954a-68195d9bd6ea,Gulping Scraptrap,one,Phyrexia: All Will Be One,expansion,2023-02-10,common,5.0,Creature,Creature — Phyrexian Horror,B,1,0,0,B,Proliferate,1,156,4.0,4.0,0,0,0,0,1,9972.0,,1,1,1,0,1,13,0.19,0.11,0,Mike Franchina,2015
f568803d-65c0-48d7-916f-671267a9e00e,Gila Courser,otj,Outlaws of Thunder Junction,expansion,2024-04-19,uncommon,3.0,Creature,Creature — Lizard Mount,R,1,0,0,R,Saddle,1,295,4.0,2.0,0,0,0,0,1,15234.0,,1,1,1,1,1,14,0.19,0.07,0,Brent Hollowell,2015
1016a750-2a18-4443-a600-957eb4026d3a,Blood Hustler,otj,Outlaws of Thunder Junction,expansion,2024-04-19,uncommon,2.0,Creature,Creature — Vampire Rogue,B,1,0,0,B,,0,258,1.0,1.0,0,0,0,0,1,12020.0,5109.0,1,1,1,1,1,14,0.19,0.2,0,Anna Pavleeva,2015
e77a8fd4-af5f-42b3-a87e-788baf2562dd,Gingerbread Hunter // Puny Snack,woe,Wilds of Eldraine,expansion,2023-09-08,uncommon,5.0,Creature,Creature — Giant // Instant — Adventure,G,1,0,0,"B,G",Food,1,0,5.0,5.0,0,0,0,0,1,20864.0,13077.0,1,1,1,1,1,14,0.19,0.13,0,Milivoj Ćeran,2015
eb03bb4f-8b4b-417e-bfc6-294cd2186b2e,Carrot Cake,blb,Bloomburrow,expansion,2024-08-02,common,2.0,Artifact,Artifact — Food,W,1,0,0,W,Scry,1,234,0.0,0.0,0,0,0,0,1,7263.0,1969.0,1,1,1,1,1,18,0.19,0.31,0,Forrest Imel,2015
190d97bc-dbef-496d-9bd1-b785bdf8a964,Candy Grapple,woe,Wilds of Eldraine,expansion,2023-09-08,common,2.0,Instant,Instant,B,1,0,0,B,Bargain,1,213,0.0,0.0,0,0,0,0,1,15083.0,903.0,1,1,1,1,1,16,0.19,0.2,0,Konstantin Porubov,2015
70ca61a9-8938-41bf-bd14-5759f4de6521,Harrier Strix,otj,Outlaws of Thunder Junction,expansion,2024-04-19,common,1.0,Creature,Creature — Bird,U,1,0,0,U,Flying,1,97,1.0,1.0,0,0,0,0,1,7300.0,6146.0,1,1,1,1,1,16,0.19,0.25,0,Brian Valeza,2015
7e017ff8-2936-4a1b-bece-00004cfbad06,Feed the Cycle,blb,Bloomburrow,expansion,2024-08-02,uncommon,2.0,Instant,Instant,B,1,0,0,B,Forage,1,173,0.0,0.0,0,0,0,0,1,6983.0,1486.0,1,1,1,1,1,15,0.19,0.36,0,Donato Giancola,2015
e50acc41-3517-42db-b1d3-1bdfd7294d84,Consumed by Greed,blb,Bloomburrow,expansion,2024-08-02,uncommon,3.0,Instant,Instant,B,1,0,0,B,Gift,1,306,0.0,0.0,0,0,0,0,1,6648.0,11820.0,1,1,1,1,1,15,0.19,0.28,0,Mathias Kollros,2015
f95ee726-7465-40f8-a954-19b19e636c12,Deepmuck Desperado,otj,Outlaws of Thunder Junction,expansion,2024-04-19,uncommon,3.0,Creature,Creature — Homarid Mercenary,U,1,0,0,U,Mill,1,195,2.0,4.0,0,0,0,0,1,9871.0,9198.0,1,1,1,1,1,14,0.19,0.25,0,Loïc Canavaggia,2015
5980a930-c7f8-45e1-a18a-87734d9ed09e,Besotted Knight // Betroth the Beast,woe,Wilds of Eldraine,expansion,2023-09-08,common,4.0,Creature,Creature — Human Knight // Sorcery — Adventure,W,1,0,0,W,Role token,1,0,3.0,3.0,0,0,0,0,1,17257.0,9062.0,1,1,1,1,1,16,0.19,0.18,0,Andreia Ugrai,2015
4433ee12-2013-4fdc-979f-ae065f63a527,Festival of Embers,blb,Bloomburrow,expansion,2024-08-02,rare,5.0,Enchantment,Enchantment,R,1,0,0,R,,0,249,0.0,0.0,0,0,0,0,1,11155.0,,1,1,1,1,1,16,0.19,0.21,0,Greg Staples,2015
88ffafda-c852-497a-8156-4f759cdf3693,Ice Out,woe,Wilds of Eldraine,expansion,2023-09-08,common,3.0,Instant,Instant,U,1,0,0,U,Bargain,1,161,0.0,0.0,0,0,0,0,1,7201.0,2432.0,1,1,1,1,1,16,0.19,0.22,0,Olivier Bernard,2015
18af2c85-e58f-4043-99d3-e90121348aca,Contagious Vorrac,one,Phyrexia: All Will Be One,expansion,2023-02-10,common,3.0,Creature,Creature — Phyrexian Boar Beast,G,1,0,0,G,Proliferate,1,374,3.0,3.0,0,0,0,0,1,12040.0,12151.0,1,1,1,0,1,13,0.19,0.16,0,Maxime Minard,2015
f8855fbf-4f1e-4c44-9653-bbbfc3f2fafd,Copper Longlegs,one,Phyrexia: All Will Be One,expansion,2023-02-10,common,2.0,Creature,Creature — Phyrexian Spider,G,1,0,0,G,"Reach,Proliferate",2,160,1.0,3.0,0,0,0,0,1,10632.0,,1,1,1,0,1,13,0.18,0.21,0,Nicholas Gregory,2015
cc43a788-ab06-4d28-b45a-aa47801d6ace,Baral and Kari Zev,mom,March of the Machine,expansion,2023-04-21,rare,3.0,Creature,Legendary Creature — Human,"R,U",2,1,0,"R,U","First strike,Menace",2,331,2.0,4.0,0,0,0,0,1,6665.0,5108.0,1,1,1,0,1,12,0.18,0.31,0,Fariba Khamseh,2015
4dbaa855-3f8e-42e6-8ec8-5ffbc5c8acf0,Imodane's Recruiter // Train Troops,woe,Wilds of Eldraine,expansion,2023-09-08,uncommon,3.0,Creature,Creature — Human Knight // Sorcery — Adventure,R,1,0,0,"R,W",,0,0,2.0,2.0,0,0,0,0,1,17027.0,2550.0,1,1,1,1,1,15,0.18,0.24,0,Néstor Ossandón Leal,2015
2bd05f97-ef8b-4cbe-a44b-6501aa5895b0,Artistic Refusal,mom,March of the Machine,expansion,2023-04-21,uncommon,6.0,Instant,Instant,U,1,0,0,U,Convoke,1,232,0.0,0.0,0,0,0,0,1,7100.0,7498.0,1,1,1,0,1,11,0.18,0.29,0,Olivier Bernard,2015
af07c47f-8b4e-43cb-b469-2efb82aa5590,Gadwick's First Duel,woe,Wilds of Eldraine,expansion,2023-09-08,uncommon,2.0,Enchantment,Enchantment — Saga,U,1,0,0,U,"Role token,Scry",2,416,0.0,0.0,0,0,0,0,1,18603.0,4531.0,1,1,1,1,1,14,0.18,0.11,0,Chris Seaman,2015
5f348c7e-7d72-40f1-a65f-ee7ff4b09412,Hellspur Posse Boss,otj,Outlaws of Thunder Junction,expansion,2024-04-19,rare,4.0,Creature,Creature — Lizard Rogue,R,1,0,0,R,,0,276,2.0,4.0,0,0,0,0,1,6814.0,7456.0,1,1,1,1,1,15,0.18,0.24,0,Artur Nakhodkin,2015
3b5349db-0e0a-4b15-886e-0db403ef49cb,Heaped Harvest,blb,Bloomburrow,expansion,2024-08-02,common,3.0,Artifact,Artifact — Food,G,1,0,0,G,,0,205,0.0,0.0,0,0,0,0,1,2846.0,4983.0,1,1,1,1,1,17,0.18,0.38,0,Daniel Ljunggren,2015
286c55c2-dcc1-4e87-a83f-9981d28ab62d,"Bruse Tarl, Roving Rancher",otj,Outlaws of Thunder Junction,expansion,2024-04-19,rare,4.0,Creature,Legendary Creature — Human Warrior,"R,W",2,1,0,"R,W",,0,230,4.0,3.0,0,0,0,0,1,14337.0,6748.0,1,1,1,1,1,15,0.18,0.3,0,Forrest Imel,2015
76610e6e-b60f-494f-bb11-68371eb494f2,Balustrade Wurm,dsk,Duskmourn: House of Horror,expansion,2024-09-27,rare,5.0,Creature,Creature — Wurm,G,1,0,0,G,"Delirium,Haste,Trample",3,258,5.0,5.0,0,0,0,0,1,12561.0,3849.0,1,1,1,1,1,16,0.18,0.24,0,Maxime Minard,2015
ea61d964-6d73-422e-9e08-360ac66f237a,Boom Box,otj,Outlaws of Thunder Junction,expansion,2024-04-19,uncommon,2.0,Artifact,Artifact,C,0,0,1,,,0,123,0.0,0.0,0,0,0,0,1,16139.0,1112.0,1,1,1,1,1,14,0.18,0.13,0,Caio Monteiro,2015
b3e0fc49-f765-4bd1-a2b9-23e703388b50,Invasion of Ergamon // Truga Cliffcharger,mom,March of the Machine,expansion,2023-04-21,uncommon,2.0,Creature,Battle — Siege // Creature — Rhino,"G,R",2,1,0,"G,R","Transform,Treasure,Trample",3,0,0.0,0.0,0,0,0,0,1,11325.0,3448.0,1,1,1,0,1,11,0.18,0.22,0,Manuel Castañón,2015
e200b8bf-f2f3-4157-8e04-02baf07a963e,Brambleguard Captain,blb,Bloomburrow,expansion,2024-08-02,uncommon,4.0,Creature,Creature — Mouse Soldier,R,1,0,0,R,,0,132,2.0,3.0,0,0,0,0,1,11255.0,,1,1,1,1,1,15,0.18,0.17,0,Quintin Gleim,2015
fada29c0-5293-40a4-b36d-d073ee99e650,Diresight,blb,Bloomburrow,expansion,2024-08-02,common,3.0,Sorcery,Sorcery,B,1,0,0,B,Surveil,1,205,0.0,0.0,0,0,0,0,1,2562.0,3183.0,1,1,1,1,1,17,0.18,0.34,0,Alix Branwyn,2015
b3227c07-9ef2-46a6-9b4f-bbd6ef12f4a5,Elvish Vatkeeper,mom,March of the Machine,expansion,2023-04-21,uncommon,3.0,Creature,Creature — Phyrexian Elf,"B,G",2,1,0,"B,G","Incubate,Transform",2,277,3.0,3.0,0,0,0,0,1,16222.0,,1,1,1,0,1,11,0.17,0.13,0,Nicholas Gregory,2015
f932ddd3-beb4-4dc8-8c15-e1c9c2276986,Distorted Curiosity,one,Phyrexia: All Will Be One,expansion,2023-02-10,uncommon,3.0,Sorcery,Sorcery,U,1,0,0,U,Corrupted,1,111,0.0,0.0,0,0,0,0,1,10848.0,3049.0,1,1,1,0,1,11,0.17,0.19,0,Svetlin Velinov,2015
6c4f6b81-53d0-49fb-b404-c2ad67de7493,Bucolic Ranch,otj,Outlaws of Thunder Junction,expansion,2024-04-19,uncommon,0.0,Land,Land — Desert,C,0,0,1,,,0,286,0.0,0.0,0,0,0,0,1,13216.0,4856.0,1,1,1,1,1,14,0.17,0.17,0,Leonardo Borazio,2015
bef1cf5c-9738-4062-8cb1-87a372d36687,Hearthborn Battler,blb,Bloomburrow,expansion,2024-08-02,rare,3.0,Creature,Creature — Lizard Warlock,R,1,0,0,R,Haste,1,108,2.0,3.0,0,0,0,0,1,6507.0,10575.0,1,1,1,1,1,16,0.17,0.34,0,Zoltan Boros,2015
42a74545-75c8-4a6b-bee1-ac5665d9bcf0,Eerie Interference,woe,Wilds of Eldraine,expansion,2023-09-08,uncommon,3.0,Instant,Instant,W,1,0,0,W,,0,95,0.0,0.0,0,0,0,0,1,8554.0,,1,1,1,1,1,14,0.17,0.2,0,Néstor Ossandón Leal,2015
97ff118f-9c3c-43a2-8085-980c7fe7d227,Flowerfoot Swordmaster,blb,Bloomburrow,expansion,2024-08-02,uncommon,1.0,Creature,Creature — Mouse Soldier,W,1,0,0,W,"Offspring,Valiant",2,300,1.0,2.0,0,0,0,0,1,11582.0,4980.0,1,1,1,1,1,15,0.17,0.22,0,Aaron Miller,2015
57551332-e2a4-4e6a-9bd8-e3a9baafcd17,Aspirant's Ascent,one,Phyrexia: All Will Be One,expansion,2023-02-10,common,1.0,Instant,Instant,U,1,0,0,U,,0,149,0.0,0.0,0,0,0,0,1,13521.0,10093.0,1,1,1,0,1,13,0.17,0.17,0,Eli Minaya,2015
13366c60-1200-4ad2-bbf4-77596121fcd2,Evolving Adaptive,one,Phyrexia: All Will Be One,expansion,2023-02-10,uncommon,1.0,Creature,Creature — Phyrexian Warrior,G,1,0,0,G,,0,251,0.0,0.0,0,0,0,0,1,15917.0,3145.0,1,1,1,0,1,11,0.17,0.22,0,John Di Giovanni,2015
1c4c26b9-981f-47cf-b0f4-769e788d9537,Binding Negotiation,otj,Outlaws of Thunder Junction,expansion,2024-04-19,uncommon,2.0,Sorcery,Sorcery,B,1,0,0,B,,0,178,0.0,0.0,0,0,0,0,1,17356.0,419.0,1,1,1,1,1,14,0.17,0.16,0,Caroline Gariba,2015
2bb29a69-3e42-4268-8026-f01072d7b56c,Compleat Devotion,one,Phyrexia: All Will Be One,expansion,2023-02-10,common,2.0,Instant,Instant,W,1,0,0,W,,0,98,0.0,0.0,0,0,0,0,1,16723.0,,1,1,1,0,1,13,0.17,0.16,0,Filipe Pagliuso,2015
e98db9ed-b43f-4bc1-b7a9-ce03a534d992,Change the Equation,mom,March of the Machine,expansion,2023-04-21,uncommon,2.0,Instant,Instant,U,1,0,0,U,,0,125,0.0,0.0,0,0,0,0,1,13648.0,2931.0,1,1,1,0,1,11,0.17,0.21,0,Alix Branwyn,2015
d94fb4da-0d3f-4d84-966b-914b84b23289,Defiled Crypt // Cadaver Lab,dsk,Duskmourn: House of Horror,expansion,2024-09-27,uncommon,5.0,Enchantment,Enchantment — Room // Enchantment — Room,B,1,0,0,B,,0,0,0.0,0.0,0,0,0,0,1,5711.0,1995.0,1,1,1,1,1,15,0.17,0.31,0,Martin de Diego Sádaba,2015
bd13011e-a4fc-4107-988f-60cfc851ecd3,Brimstone Roundup,otj,Outlaws of Thunder Junction,expansion,2024-04-19,uncommon,2.0,Enchantment,Enchantment,R,1,0,0,R,Plot,1,346,0.0,0.0,0,0,0,0,1,10136.0,10108.0,1,1,1,1,1,14,0.17,0.17,0,Milivoj Ćeran,2015
807b0674-8eba-4204-b6b6-fa2b785a79e9,"Altanak, the Thrice-Called",dsk,Duskmourn: House of Horror,expansion,2024-09-27,uncommon,7.0,Creature,Legendary Creature — Insect Beast,G,1,0,0,G,Trample,1,198,9.0,9.0,0,0,0,0,1,7534.0,1029.0,1,1,1,1,1,15,0.17,0.25,0,Sam Wolfe Connelly,2015
673a67b2-fbb0-4be4-9edd-93946a583f23,Flick a Coin,woe,Wilds of Eldraine,expansion,2023-09-08,common,3.0,Instant,Instant,R,1,0,0,R,Treasure,1,164,0.0,0.0,0,0,0,0,1,3663.0,6836.0,1,1,1,1,1,16,0.17,0.26,0,Andreia Ugrai,2015
c2551b01-4d88-47f3-b54d-96ec03e093f8,Hangar Scrounger,mom,March of the Machine,expansion,2023-04-21,common,3.0,Creature,Creature — Dwarf Pilot,R,1,0,0,R,Backup,1,242,2.0,1.0,0,0,0,0,1,14498.0,,1,1,1,0,1,13,0.16,0.17,0,Borja Pindado,2015
c26e18be-81a1-4645-866a-fae5c2fdf7c9,"Geth, Thane of Contracts",one,Phyrexia: All Will Be One,expansion,2023-02-10,rare,3.0,Creature,Legendary Creature — Phyrexian Zombie,B,1,0,0,B,,0,253,3.0,4.0,0,0,0,0,1,19680.0,11566.0,1,1,1,0,1,12,0.16,0.2,0,Martin de Diego Sádaba,2015
39ee1387-c24e-4a66-8ad6-9afa9c0abcbb,Form a Posse,otj,Outlaws of Thunder Junction,expansion,2024-04-19,uncommon,2.0,Sorcery,Sorcery,"R,W",2,1,0,"R,W",,0,140,0.0,0.0,0,0,0,0,1,12232.0,,1,1,1,1,1,14,0.16,0.17,0,J.Lonnee,2015
648da934-71f6-4945-a08f-09698414417b,Final Vengeance,dsk,Duskmourn: House of Horror,expansion,2024-09-27,common,1.0,Sorcery,Sorcery,B,1,0,0,B,,0,101,0.0,0.0,0,0,0,0,1,5502.0,4017.0,1,1,1,1,1,17,0.16,0.22,0,David Szabo,2015
6aea6702-16a8-4073-9c83-fbea20a5fd32,Bristlepack Sentry,otj,Outlaws of Thunder Junction,expansion,2024-04-19,common,2.0,Creature,Creature — Plant Wolf,G,1,0,0,G,Defender,1,127,3.0,3.0,0,0,0,0,1,19240.0,,1,1,1,1,1,17,0.16,0.08,0,"Josiah ""Jo"" Cameron",2015
fe93ef82-51de-40ad-9b52-8f3fd11c144f,"Goddric, Cloaked Reveler",woe,Wilds of Eldraine,expansion,2023-09-08,rare,3.0,Creature,Legendary Creature — Human Noble,R,1,0,0,R,"Flying,Celebration,Haste",3,275,3.0,3.0,0,0,0,0,1,17644.0,3473.0,1,1,1,1,1,15,0.16,0.24,0,Jason A. Engle,2015
a94378a2-cbde-4adf-b889-43e90fc6ba28,Chrome Prowler,one,Phyrexia: All Will Be One,expansion,2023-02-10,common,3.0,Creature,Artifact Creature — Phyrexian Cat,U,1,0,0,U,Flash,1,74,3.0,2.0,0,0,0,0,1,18968.0,,1,1,1,0,1,14,0.16,0.14,0,Maxime Minard,2015
073b9ae8-8ac3-4824-aec4-84a80531aa23,Beastbond Outcaster,otj,Outlaws of Thunder Junction,expansion,2024-04-19,uncommon,3.0,Creature,Creature — Human Druid,G,1,0,0,G,Plot,1,250,3.0,3.0,0,0,0,0,1,16946.0,8234.0,1,1,1,1,1,14,0.16,0.09,0,Viko Menezes,2015
3b99db5b-cd13-4e69-98b7-753e72c781f8,Hellspur Brute,otj,Outlaws of Thunder Junction,expansion,2024-04-19,uncommon,5.0,Creature,Creature — Minotaur Mercenary,R,1,0,0,R,"Affinity,Trample",2,137,5.0,4.0,0,0,0,0,1,15456.0,11270.0,1,1,1,1,1,14,0.16,0.1,0,Caio Monteiro,2015
572e174e-99f7-4b5e-8506-1833adddbf07,Expand the Sphere,one,Phyrexia: All Will Be One,expansion,2023-02-10,uncommon,4.0,Sorcery,Sorcery,G,1,0,0,G,Proliferate,1,400,0.0,0.0,0,0,0,0,1,4737.0,12192.0,1,1,1,0,1,11,0.16,0.22,0,Sergey Glushakov,2015
b0bcc71f-72ec-4a76-9393-ed3ea61eeeb6,Ephara's Dispersal,mom,March of the Machine,expansion,2023-04-21,common,3.0,Instant,Instant,U,1,0,0,U,Surveil,1,268,0.0,0.0,0,0,0,0,1,10311.0,7515.0,1,1,1,0,1,13,0.16,0.18,0,Awanqi (Angela Wang),2015
ac1907e8-0713-47dd-ac42-bf1323c5bec0,Ferocious Werefox // Guard Change,woe,Wilds of Eldraine,expansion,2023-09-08,common,4.0,Creature,Creature — Elf Fox Warrior // Instant — Adventure,G,1,0,0,G,"Role token,Trample",2,0,4.0,3.0,0,0,0,0,1,14559.0,,1,1,1,1,1,16,0.16,0.1,0,Caroline Gariba,2015
54f96be9-60fc-4e2f-9172-4cc53c9a095a,Consuming Ashes,otj,Outlaws of Thunder Junction,expansion,2024-04-19,common,4.0,Instant,Instant,B,1,0,0,B,Surveil,1,208,0.0,0.0,0,0,0,0,1,16503.0,,1,1,1,1,1,17,0.16,0.09,0,Campbell White,2015
3a2fd0c4-509e-49c2-ad57-f772efcbc207,Caught in the Crossfire,otj,Outlaws of Thunder Junction,expansion,2024-04-19,uncommon,2.0,Instant,Instant,R,1,0,0,R,Spree,1,261,0.0,0.0,0,0,0,0,1,14701.0,15000.0,1,1,1,1,1,14,0.16,0.11,0,Xabi Gaztelua,2015
96d5de3e-0440-4dd1-899c-ab40c0752343,Coiling Rebirth,blb,Bloomburrow,expansion,2024-08-02,rare,5.0,Sorcery,Sorcery,B,1,0,0,B,Gift,1,323,0.0,0.0,0,0,0,0,1,4206.0,8150.0,1,1,1,1,1,16,0.16,0.29,0,Rovina Cai,2015
134aecf0-dc48-4fb3-8c8b-4e5272077856,Flensing Raptor,one,Phyrexia: All Will Be One,expansion,2023-02-10,common,3.0,Creature,Creature — Phyrexian Bird,W,1,0,0,W,"Flying,Toxic",2,209,2.0,2.0,0,0,0,0,1,11628.0,8518.0,1,1,1,0,1,13,0.16,0.19,0,Abz J Harding,2015
09fb5876-5b47-4a05-be57-7ad3890c8953,Angelic Intervention,mom,March of the Machine,expansion,2023-04-21,common,2.0,Instant,Instant,W,1,0,0,W,,0,275,0.0,0.0,0,0,0,0,1,9367.0,,1,1,1,0,1,13,0.16,0.2,0,Awanqi (Angela Wang),2015
58706bd8-558a-43b9-9f1e-c1ff0044203b,Galewind Moose,blb,Bloomburrow,expansion,2024-08-02,uncommon,6.0,Creature,Creature — Elemental Elk,G,1,0,0,G,"Reach,Vigilance,Trample,Flash",4,31,6.0,6.0,0,0,0,0,1,11562.0,10366.0,1,1,1,1,1,15,0.16,0.16,0,Valera Lutfullina,2015
5443f4f6-a549-4912-a919-69e3570a9933,Glistening Dawn,mom,March of the Machine,expansion,2023-04-21,rare,4.0,Sorcery,Sorcery,G,1,0,0,G,"Incubate,Transform",2,219,0.0,0.0,0,0,0,0,1,14048.0,15226.0,1,1,1,0,1,12,0.16,0.18,0,Chris Ostrowski,2015
e2882982-b3a3-4762-a550-6b82db1038e8,Hazardroot Herbalist,blb,Bloomburrow,expansion,2024-08-02,uncommon,3.0,Creature,Creature — Rabbit Druid,G,1,0,0,G,,0,151,1.0,4.0,0,0,0,0,1,13128.0,,1,1,1,1,1,15,0.16,0.18,0,"Josiah ""Jo"" Cameron",2015
78b55a58-c669-4dc6-aa63-5d9dff52e613,Brazen Collector,blb,Bloomburrow,expansion,2024-08-02,uncommon,2.0,Creature,Creature — Raccoon Rogue,R,1,0,0,R,First strike,1,122,2.0,1.0,0,0,0,0,1,10033.0,,1,1,1,1,1,15,0.16,0.3,0,Aldo Domínguez,2015
a5c94bc0-a49d-451b-8e8d-64d46b8b8603,Fountainport Bell,blb,Bloomburrow,expansion,2024-08-02,common,1.0,Artifact,Artifact,C,0,0,1,,,0,170,0.0,0.0,0,0,0,0,1,5166.0,4497.0,1,1,1,1,1,17,0.16,0.23,0,Néstor Ossandón Leal,2015
8d3ef971-cdd4-410c-97c3-df98e4f02ab2,Badlands Revival,otj,Outlaws of Thunder Junction,expansion,2024-04-19,uncommon,5.0,Sorcery,Sorcery,"B,G",2,1,0,"B,G",,0,150,0.0,0.0,0,0,0,0,1,12010.0,,1,1,1,1,1,14,0.16,0.18,0,Carlos Palma Cruchaga,2015
f41fc718-641b-4f32-a8c1-3e5591a05bf8,Byway Barterer,blb,Bloomburrow,expansion,2024-08-02,rare,3.0,Creature,Creature — Raccoon Rogue,R,1,0,0,R,Menace,1,164,3.0,3.0,0,0,0,0,1,11182.0,13468.0,1,1,1,1,1,16,0.15,0.24,0,Ryan Pancoast,2015
78db4260-6fc8-4500-afd7-2c845ac0d53b,Ferocification,otj,Outlaws of Thunder Junction,expansion,2024-04-19,uncommon,3.0,Enchantment,Enchantment,R,1,0,0,R,,0,185,0.0,0.0,0,0,0,0,1,13401.0,12205.0,1,1,1,1,1,14,0.15,0.11,0,Mila Pesic,2015
f4057210-ef07-4496-94c8-95c3b807c23c,Goldwarden's Helm,one,Phyrexia: All Will Be One,expansion,2023-02-10,common,3.0,Artifact,Artifact — Equipment,W,1,0,0,W,"For Mirrodin!,Equip",2,223,0.0,0.0,0,0,0,0,1,17692.0,,1,1,1,0,1,13,0.15,0.13,0,Vincent Christiaens,2015
81ef3cfa-63e6-4450-af65-da7f05d13cf3,Basilica Shepherd,one,Phyrexia: All Will Be One,expansion,2023-02-10,common,5.0,Creature,Creature — Phyrexian Angel,W,1,0,0,W,Flying,1,206,3.0,3.0,0,0,0,0,1,10112.0,,1,1,1,0,1,13,0.15,0.33,0,Allen Williams,2015
2979104f-7570-487c-8024-131d7ee3ab91,Archive Dragon,woe,Wilds of Eldraine,expansion,2023-09-08,uncommon,6.0,Creature,Creature — Dragon Wizard,U,1,0,0,U,"Scry,Flying,Ward",3,178,4.0,6.0,0,0,0,0,1,14288.0,,1,1,1,1,1,14,0.15,0.23,0,Tyler Walpole,2015
1ec1a02f-128c-44aa-b708-6fcda34b40c0,Deadly Derision,mom,March of the Machine,expansion,2023-04-21,common,4.0,Instant,Instant,B,1,0,0,B,Treasure,1,145,0.0,0.0,0,0,0,0,1,12246.0,10755.0,1,1,1,0,1,13,0.15,0.22,0,Gaboleps,2015
33cd4f63-3484-4cee-8603-1f89cabee6c3,Dismal Backwater,mom,March of the Machine,expansion,2023-04-21,common,0.0,Land,Land,"B,U",2,1,0,"B,U",,0,85,0.0,0.0,0,1,0,0,1,925.0,656.0,1,1,1,1,1,18,0.15,0.13,0,Chris Ostrowski,2015
a440bbd6-8e51-4db1-90d9-7fa9fc327ad5,Archmage's Newt,otj,Outlaws of Thunder Junction,expansion,2024-04-19,rare,2.0,Creature,Creature — Salamander Mount,U,1,0,0,U,Saddle,1,363,2.0,2.0,0,0,0,0,1,12610.0,6247.0,1,1,1,1,1,15,0.15,0.19,0,Edgar Sánchez Hidalgo,2015
3c7b3b25-d4b3-4451-9f5c-6eb369541175,Crumb and Get It,blb,Bloomburrow,expansion,2024-08-02,common,1.0,Instant,Instant,W,1,0,0,W,"Gift,Food",2,350,0.0,0.0,0,0,0,0,1,6251.0,5631.0,1,1,1,1,1,17,0.15,0.21,0,Justyna Dura,2015
f7094fc0-1d26-429c-9b49-37718c4a5c80,Break the Spell,woe,Wilds of Eldraine,expansion,2023-09-08,common,1.0,Instant,Instant,W,1,0,0,W,,0,105,0.0,0.0,0,0,0,0,1,14066.0,9180.0,1,1,1,1,1,16,0.15,0.18,0,Miranda Meeks,2015
dc098aae-3d9b-453b-a37e-e102f81a8311,Gold Pan,otj,Outlaws of Thunder Junction,expansion,2024-04-19,common,2.0,Artifact,Artifact — Equipment,C,0,0,1,,"Treasure,Equip",2,243,0.0,0.0,0,0,0,0,1,10065.0,5414.0,1,1,1,1,1,16,0.15,0.16,0,Gaboleps,2015
b5f42e59-7315-41cb-9c41-346e44f0c5fb,Don't Make a Sound,dsk,Duskmourn: House of Horror,expansion,2024-09-27,common,2.0,Instant,Instant,U,1,0,0,U,Surveil,1,218,0.0,0.0,0,0,0,0,1,5926.0,1110.0,1,1,1,1,1,17,0.15,0.11,0,Zezhou Chen,2015
69f2f632-b6cc-4092-acd5-a6b152e90488,Aloe Alchemist,otj,Outlaws of Thunder Junction,expansion,2024-04-19,uncommon,2.0,Creature,Creature — Plant Warlock,G,1,0,0,G,"Plot,Trample",2,263,3.0,2.0,0,0,0,0,1,16050.0,5162.0,1,1,1,1,1,14,0.15,0.18,0,Borja Pindado,2015
d51e6610-25b6-4d8e-92d7-c50a2ff844ff,"Ash, Party Crasher",woe,Wilds of Eldraine,expansion,2023-09-08,uncommon,2.0,Creature,Legendary Creature — Human Peasant,"R,W",2,1,0,"R,W","Celebration,Haste",2,157,2.0,2.0,0,0,0,0,1,14770.0,337.0,1,1,1,1,1,14,0.15,0.16,0,Jason Rainville,2015
f0fc77e7-154d-4433-93b3-1a1dee34791b,High Fae Negotiator,woe,Wilds of Eldraine,expansion,2023-09-08,uncommon,5.0,Creature,Creature — Faerie Warlock,B,1,0,0,B,"Flying,Bargain",2,189,3.0,5.0,0,0,0,0,1,17234.0,,1,1,1,1,1,14,0.15,0.22,0,Anna Christenson,2015
3db6d202-9c6f-4485-9224-173b23de7054,Adaptive Sporesinger,one,Phyrexia: All Will Be One,expansion,2023-02-10,common,3.0,Creature,Creature — Phyrexian Druid,G,1,0,0,G,"Vigilance,Proliferate",2,241,2.0,2.0,0,0,0,0,1,10554.0,9322.0,1,1,1,0,1,13,0.15,0.28,0,Dave Kendall,2015
f22108ec-28f0-44d3-ba6b-3075f5f6bc65,Hexgold Halberd,one,Phyrexia: All Will Be One,expansion,2023-02-10,uncommon,2.0,Artifact,Artifact — Equipment,R,1,0,0,R,"For Mirrodin!,Equip",2,185,0.0,0.0,0,0,0,0,1,9120.0,12246.0,1,1,1,0,1,11,0.14,0.28,0,Heonhwa,2015
4fb0eb2d-9cb7-4e72-a970-5009b046df2a,Invasion of Belenon // Belenon War Anthem,mom,March of the Machine,expansion,2023-04-21,uncommon,3.0,Enchantment,Battle — Siege // Enchantment,W,1,0,0,W,Transform,1,0,0.0,0.0,0,0,0,0,1,15184.0,,1,1,1,0,1,11,0.14,0.23,0,Antonio José Manzanedo,2015
084748d8-7169-4e86-a69c-631c6d7d3a1e,Full Steam Ahead,otj,Outlaws of Thunder Junction,expansion,2024-04-19,uncommon,5.0,Sorcery,Sorcery,G,1,0,0,G,,0,137,0.0,0.0,0,0,0,0,1,12194.0,,1,1,1,1,1,14,0.14,0.11,0,Inkognit,2015
623053a8-7abe-45ec-9f26-97e1c037120b,Emergent Haunting,otj,Outlaws of Thunder Junction,expansion,2024-04-19,uncommon,2.0,Enchantment,Enchantment,U,1,0,0,U,Surveil,1,298,0.0,0.0,0,0,0,0,1,24420.0,12591.0,1,1,1,1,1,14,0.14,0.1,0,Jorge Jacinto,2015
3593a222-21c5-4f91-bde1-763ea08071da,Gremlin Tamer,dsk,Duskmourn: House of Horror,expansion,2024-09-27,uncommon,2.0,Creature,Creature — Human Scout,"U,W",2,1,0,"U,W",Eerie,1,129,2.0,2.0,0,0,0,0,1,8136.0,7453.0,1,1,1,1,1,15,0.14,0.22,0,Billy Christian,2015
974ddcab-bbe0-4bae-9c99-1fd5a5554d2e,Injector Crocodile,mom,March of the Machine,expansion,2023-04-21,common,6.0,Creature,Creature — Phyrexian Crocodile,B,1,0,0,B,"Incubate,Transform,Landcycling,Typecycling,Cycling,Swampcycling",6,312,5.0,5.0,0,0,0,0,0,17060.0,,1,1,1,0,1,13,0.14,0.23,0,Mark Zug,2015
9f03d6bf-cbba-4ad7-8cec-065a47f03dbe,Infested Fleshcutter,one,Phyrexia: All Will Be One,expansion,2023-02-10,uncommon,2.0,Artifact,Artifact — Equipment,W,1,0,0,W,Equip,1,246,0.0,0.0,0,0,0,0,1,9727.0,,1,1,1,0,1,11,0.14,0.36,0,José Parodi,2015
048bb2c6-91bd-4d6a-a070-c73d8277c264,Dissection Tools,dsk,Duskmourn: House of Horror,expansion,2024-09-27,rare,5.0,Artifact,Artifact — Equipment,C,0,0,1,,"Manifest,Manifest dread,Equip",3,178,0.0,0.0,0,0,0,0,1,7922.0,2664.0,1,1,1,1,1,16,0.14,0.23,0,Diana Franco,2015
a6b36e23-a414-400c-a3a5-e23883e866d3,Incubation Sac,one,Phyrexia: All Will Be One,expansion,2023-02-10,uncommon,1.0,Artifact,Artifact,G,1,0,0,G,,0,195,0.0,0.0,0,0,0,0,1,19251.0,,1,1,1,0,1,11,0.14,0.1,0,Tony Foti,2015
43bb3890-4013-48be-8cb5-54fd8fd8ec52,Fell Horseman // Deathly Ride,woe,Wilds of Eldraine,expansion,2023-09-08,common,4.0,Creature,Creature — Zombie Knight // Sorcery — Adventure,B,1,0,0,B,,0,0,3.0,3.0,0,0,0,0,1,14642.0,,1,1,1,1,1,16,0.14,0.16,0,Igor Krstic,2015
9f013a1a-d4b9-4380-9802-c299ee6c4492,Feed the Infection,one,Phyrexia: All Will Be One,expansion,2023-02-10,uncommon,4.0,Sorcery,Sorcery,B,1,0,0,B,Corrupted,1,119,0.0,0.0,0,0,0,0,1,9763.0,,1,1,1,0,1,11,0.14,0.2,0,Jason A. Engle,2015
e70722d6-b4d5-45c2-9488-9a5eb0bdb9bd,Giant Growth,blb,Bloomburrow,expansion,2024-08-02,common,1.0,Instant,Instant,G,1,0,0,G,,0,45,0.0,0.0,0,1,0,0,0,3733.0,3837.0,1,1,1,1,1,20,0.14,,0,Dmitry Burmak,2015
82defb87-237f-4b77-9673-5bf00607148f,Bonecache Overseer,blb,Bloomburrow,expansion,2024-08-02,uncommon,1.0,Creature,Creature — Squirrel Warlock,B,1,0,0,B,,0,138,1.0,1.0,0,0,0,0,1,8660.0,6661.0,1,1,1,1,1,15,0.14,0.24,0,Mila Pesic,2015
1a7cc43c-6e8c-41d2-a885-24604dfc7e7f,Food Fight,woe,Wilds of Eldraine,expansion,2023-09-08,rare,2.0,Enchantment,Enchantment,R,1,0,0,R,,0,159,0.0,0.0,0,0,0,0,1,18685.0,5486.0,1,1,1,1,1,15,0.14,0.15,0,Filipe Pagliuso,2015
2fc20157-edd3-484d-8864-925c071c0551,Head of the Homestead,blb,Bloomburrow,expansion,2024-08-02,common,5.0,Creature,Creature — Rabbit Citizen,"G,W",2,1,0,"G,W",,0,71,3.0,2.0,0,0,0,0,1,10582.0,,1,1,1,1,1,17,0.14,0.24,0,Omar Rayyan,2015
a4c99f1b-f304-42d5-bbea-32283b01d43b,Forest,woe,Wilds of Eldraine,expansion,2023-09-08,common,0.0,Land,Basic Land — Forest,G,1,0,0,G,,0,15,0.0,0.0,0,1,0,0,1,,,1,1,1,1,1,20,0.14,0.16,0,Jonas De Ro,2015
a59da027-b5dd-4920-b3a1-9da05fcb1977,Desperate Bloodseeker,otj,Outlaws of Thunder Junction,expansion,2024-04-19,common,2.0,Creature,Creature — Vampire,B,1,0,0,B,"Lifelink,Mill",2,134,2.0,2.0,0,0,0,0,1,13767.0,5609.0,1,1,1,1,1,17,0.14,0.28,0,Camille Alquier,2015
70668650-0fb1-4486-a4e6-ab9a12be5626,Captive Weird // Compleated Conjurer,mom,March of the Machine,expansion,2023-04-21,uncommon,1.0,Creature,Creature — Weird // Creature — Phyrexian Weird,"R,U",2,1,0,"R,U","Transform,Defender",2,0,0.0,0.0,0,0,0,0,1,25312.0,6051.0,1,1,1,0,1,11,0.13,0.11,0,Manuel Castañón,2015
df2913d5-57c7-4f9b-bc96-8a46beef2563,Hollow Marauder,otj,Outlaws of Thunder Junction,expansion,2024-04-19,uncommon,7.0,Creature,Creature — Specter Rogue,B,1,0,0,B,Flying,1,258,4.0,2.0,0,0,0,0,1,10825.0,5272.0,1,1,1,1,1,14,0.13,0.29,0,Wero Gallo,2015
0ef4907a-2fc1-42c5-bffc-3b3f93601fb9,Congregation Gryff,otj,Outlaws of Thunder Junction,expansion,2024-04-19,uncommon,3.0,Creature,Creature — Hippogriff Mount,"G,W",2,1,0,"G,W","Flying,Lifelink,Saddle",3,297,1.0,4.0,0,0,0,0,1,16718.0,9072.0,1,1,1,1,1,14,0.13,0.12,0,Joseph Meehan,2015
85930f68-6f53-4921-9556-2887ac3abfd2,Bloodfell Caves,mom,March of the Machine,expansion,2023-04-21,common,0.0,Land,Land,"B,R",2,1,0,"B,R",,0,85,0.0,0.0,0,1,0,0,1,877.0,1165.0,1,1,1,1,1,18,0.13,0.11,0,Jorge Jacinto,2015
e9a50b7a-8741-4520-8d45-8e6b128c2628,Deadeye Duelist,otj,Outlaws of Thunder Junction,expansion,2024-04-19,common,2.0,Creature,Creature — Human Assassin,R,1,0,0,R,Reach,1,64,1.0,3.0,0,0,0,0,1,14991.0,,1,1,1,1,1,17,0.13,0.06,0,Diana Cearley,2015
b8dd4693-424d-4d6e-86cf-24401a23d6b1,Brave-Kin Duo,blb,Bloomburrow,expansion,2024-08-02,common,1.0,Creature,Creature — Rabbit Mouse,W,1,0,0,W,,0,83,1.0,1.0,0,0,0,0,1,10689.0,5941.0,1,1,1,1,1,18,0.13,0.18,0,Devin Platts,2015
2d8bd585-c5ea-46f8-8e11-f33c067f2f8e,Faunsbane Troll,woe,Wilds of Eldraine,expansion,2023-09-08,rare,4.0,Creature,Creature — Troll,"B,G",2,1,0,"B,G","Role token,Fight",2,309,4.0,4.0,0,0,0,0,1,27096.0,13589.0,1,1,1,1,1,15,0.13,0.12,0,Artur Nakhodkin,2015
a22e8038-0706-47ec-bfda-f421a4912774,Greenhouse // Rickety Gazebo,dsk,Duskmourn: House of Horror,expansion,2024-09-27,uncommon,7.0,Enchantment,Enchantment — Room // Enchantment — Room,G,1,0,0,G,Mill,1,0,0.0,0.0,0,0,0,0,1,6675.0,4006.0,1,1,1,1,1,15,0.13,0.22,0,John Di Giovanni,2015
f2c6408b-9e24-4bf5-b0d0-a4cda3069b1c,Fairgrounds Trumpeter,mom,March of the Machine,expansion,2023-04-21,common,3.0,Creature,Creature — Elephant,G,1,0,0,G,,0,144,2.0,2.0,0,1,0,0,0,18440.0,13040.0,1,1,1,0,1,13,0.13,0.09,0,Samuel Perin,2015
46f46095-6479-46b0-9e59-194d83f86a46,Drag to the Roots,dsk,Duskmourn: House of Horror,expansion,2024-09-27,uncommon,4.0,Instant,Instant,"B,G",2,1,0,"B,G",Delirium,1,154,0.0,0.0,0,0,0,0,1,4301.0,2945.0,1,1,1,1,1,15,0.13,0.23,0,Deruchenko Alexander,2015
ecfa2cc9-e427-4104-bad7-b0294e392b1f,Blossoming Sands,blb,Bloomburrow,expansion,2024-08-02,common,0.0,Land,Land,"G,W",2,1,0,"G,W",,0,85,0.0,0.0,0,1,0,0,0,1047.0,1303.0,1,1,1,1,1,18,0.13,,0,Sam Burley,2015
e3f571b5-ce50-4856-a151-fe6610d27bca,Cruel Grimnarch,one,Phyrexia: All Will Be One,expansion,2023-02-10,common,6.0,Creature,Creature — Phyrexian Cleric,B,1,0,0,B,Deathtouch,1,114,5.0,5.0,0,0,0,0,1,17695.0,,1,1,1,0,1,13,0.13,0.05,0,Allen Williams,2015
cb530f9d-cf35-48a7-8711-f74b3d9a35a7,Furnace Skullbomb,one,Phyrexia: All Will Be One,expansion,2023-02-10,common,1.0,Artifact,Artifact,R,1,0,0,R,,0,181,0.0,0.0,0,0,0,0,1,16185.0,16485.0,1,1,1,0,1,13,0.13,0.09,0,Matt Forsyth,2015
02c5c395-ee8b-47fd-ac52-256354c19cdf,Glass Casket,woe,Wilds of Eldraine,expansion,2023-09-08,uncommon,2.0,Artifact,Artifact,W,1,0,0,W,,0,139,0.0,0.0,0,1,0,0,1,17165.0,3420.0,1,1,1,1,1,14,0.13,0.13,0,Raoul Vitale,2015
239363df-4de8-4b64-80fc-a1f4b5c36027,Hazel's Nocturne,blb,Bloomburrow,expansion,2024-08-02,uncommon,4.0,Instant,Instant,B,1,0,0,B,,0,120,0.0,0.0,0,0,0,0,1,6964.0,,1,1,1,1,1,15,0.13,0.2,0,Dominik Mayer,2015
184c18b6-40e2-4f7f-a3bb-49bc695b68ec,Eriette's Lullaby,otj,Outlaws of Thunder Junction,expansion,2024-04-19,common,2.0,Sorcery,Sorcery,W,1,0,0,W,,0,48,0.0,0.0,0,0,0,0,1,12221.0,13029.0,1,1,1,1,1,16,0.13,0.09,0,Anton Solovianchyk,2015
606fe87c-d17b-4fa7-8e82-e7002d8229ef,Bottomless Pool // Locker Room,dsk,Duskmourn: House of Horror,expansion,2024-09-27,uncommon,6.0,Enchantment,Enchantment — Room // Enchantment — Room,U,1,0,0,U,,0,0,0.0,0.0,0,0,0,0,1,5956.0,3554.0,1,1,1,1,1,15,0.13,0.21,0,Diana Franco,2015
cc93bcb8-778d-491e-877b-e6ad432764cb,Cynical Loner,dsk,Duskmourn: House of Horror,expansion,2024-09-27,uncommon,2.0,Creature,Creature — Human Survivor,B,1,0,0,B,Survival,1,208,3.0,1.0,0,0,0,0,1,9239.0,6719.0,1,1,1,1,1,15,0.13,0.25,0,Miranda Meeks,2015
f0e3df9c-0a86-4e6f-a3c7-84a883328a3d,Explosive Derailment,otj,Outlaws of Thunder Junction,expansion,2024-04-19,common,1.0,Instant,Instant,R,1,0,0,R,Spree,1,141,0.0,0.0,0,0,0,0,1,10938.0,9492.0,1,1,1,1,1,16,0.12,0.13,0,Leon Tukker,2015
b282f8e3-8b79-47e9-8c18-62284211442b,Fear of Burning Alive,dsk,Duskmourn: House of Horror,expansion,2024-09-27,uncommon,6.0,Creature,Enchantment Creature — Nightmare,R,1,0,0,R,Delirium,1,293,4.0,4.0,0,0,0,0,1,6929.0,10362.0,1,1,1,1,1,15,0.12,0.22,0,J.P. Targete,2015
7b43ba43-f7ae-4e00-b797-2360c3ccd839,Carnivorous Canopy,one,Phyrexia: All Will Be One,expansion,2023-02-10,common,3.0,Sorcery,Sorcery,G,1,0,0,G,Proliferate,1,230,0.0,0.0,0,0,0,0,1,5928.0,16142.0,1,1,1,0,1,13,0.12,0.17,0,John Di Giovanni,2015
c6440439-7178-4a97-9e18-7fdef4b02678,Flame Lash,blb,Bloomburrow,expansion,2024-08-02,common,4.0,Instant,Instant,R,1,0,0,R,,0,40,0.0,0.0,0,1,0,0,0,17967.0,,1,1,1,1,1,17,0.12,,0,Viktor Titov,2015
666aefc2-44e0-4c27-88d5-7906f245a71f,Dewdrop Cure,blb,Bloomburrow,expansion,2024-08-02,uncommon,3.0,Sorcery,Sorcery,W,1,0,0,W,Gift,1,382,0.0,0.0,0,0,0,0,1,7209.0,2918.0,1,1,1,1,1,15,0.12,0.24,0,Chris Rallis,2015
35e899e4-e2de-44cf-b6f4-cace8d3770cb,Desert's Due,otj,Outlaws of Thunder Junction,expansion,2024-04-19,common,2.0,Instant,Instant,B,1,0,0,B,,0,120,0.0,0.0,0,0,0,0,1,22323.0,12566.0,1,1,1,1,1,17,0.12,0.03,0,David Palumbo,2015
a154dadc-be5b-4ad6-9946-bdc54c251bff,Become Brutes,woe,Wilds of Eldraine,expansion,2023-09-08,uncommon,2.0,Sorcery,Sorcery,R,1,0,0,R,Role token,1,252,0.0,0.0,0,0,0,0,0,18050.0,,1,1,1,1,1,14,0.12,0.23,0,Julia Griffin,2015
09c8cf4b-8e65-4a1c-b458-28b5ab56b390,High Stride,blb,Bloomburrow,expansion,2024-08-02,common,1.0,Instant,Instant,G,1,0,0,G,,0,71,0.0,0.0,0,0,0,0,1,11874.0,,1,1,1,1,1,17,0.12,0.15,0,Dan Murayama Scott,2015
af527344-9d88-4641-8f6d-0263a6797df3,Copper Host Crusher,mom,March of the Machine,expansion,2023-04-21,uncommon,8.0,Creature,Creature — Phyrexian Bear Rhino,G,1,0,0,G,"Hexproof,Trample",2,99,8.0,8.0,0,0,0,0,1,11040.0,,1,1,1,0,1,11,0.12,0.25,0,Nicholas Gregory,2015
81756844-c642-406f-842d-35c1e404fec0,Fear of Infinity,dsk,Duskmourn: House of Horror,expansion,2024-09-27,uncommon,3.0,Creature,Enchantment Creature — Nightmare,"B,U",2,1,0,"B,U","Flying,Lifelink,Eerie",3,191,2.0,2.0,0,0,0,0,1,12119.0,,1,1,1,1,1,15,0.12,0.2,0,Fernando Falcone,2015
ee7a4ccb-c0c9-491f-9475-e78895fa9d03,Cragsmasher Yeti,mom,March of the Machine,expansion,2023-04-21,common,6.0,Creature,Creature — Yeti,R,1,0,0,R,"Mountaincycling,Backup,Landcycling,Trample,Typecycling,Cycling",6,301,4.0,2.0,0,0,0,0,0,20869.0,,1,1,1,0,1,13,0.12,0.24,0,Brent Hollowell,2015
97e08244-bbdb-402a-8dde-93e17d989467,Gift of Compleation,mom,March of the Machine,expansion,2023-04-21,uncommon,2.0,Enchantment,Enchantment,B,1,0,0,B,"Surveil,Incubate,Transform",3,321,0.0,0.0,0,0,0,0,1,13621.0,,1,1,1,0,1,11,0.12,0.15,0,Artur Nakhodkin,2015
e053d330-d0a2-4468-afba-42bf165b8fbf,Gallant Pie-Wielder,woe,Wilds of Eldraine,expansion,2023-09-08,uncommon,3.0,Creature,Creature — Dwarf Knight,W,1,0,0,W,"Celebration,First strike",2,154,2.0,3.0,0,0,0,0,1,23672.0,,1,1,1,1,1,14,0.12,0.06,0,Matt Forsyth,2015
e0bbfb58-8b22-4e8d-991c-855c29964d94,Fertilid's Favor,mom,March of the Machine,expansion,2023-04-21,common,4.0,Instant,Instant,G,1,0,0,G,,0,176,0.0,0.0,0,0,0,0,1,12453.0,,1,1,1,0,1,13,0.12,0.24,0,Kevin Sidharta,2015
e555abb1-ffd4-4143-9be8-ec8a758f5c2a,Ichorplate Golem,one,Phyrexia: All Will Be One,expansion,2023-02-10,uncommon,3.0,Creature,Artifact Creature — Phyrexian Golem,C,0,0,1,,,0,166,2.0,3.0,0,0,0,0,1,18889.0,,1,1,1,0,1,11,0.12,0.11,0,Sam Wolfe Connelly,2015
e27c27d6-dc3a-4420-bb35-d97dc216e002,Bear Trap,dsk,Duskmourn: House of Horror,expansion,2024-09-27,common,1.0,Artifact,Artifact,C,0,0,1,,Flash,1,78,0.0,0.0,0,0,0,0,1,18450.0,,1,1,1,1,1,17,0.12,0.18,0,Michele Giorgi,2015
91fd7350-cc97-4c35-a072-2c826984293c,Ichor Drinker,mom,March of the Machine,expansion,2023-04-21,common,1.0,Creature,Creature — Phyrexian Vampire,B,1,0,0,B,"Lifelink,Incubate,Transform",3,235,1.0,1.0,0,0,0,0,1,15005.0,4310.0,1,1,1,0,1,13,0.12,0.11,0,Aurore Folny,2015
25a06f82-ebdb-4dd6-bfe8-958018ce557c,Banishing Light,blb,Bloomburrow,expansion,2024-08-02,common,3.0,Enchantment,Enchantment,W,1,0,0,W,,0,128,0.0,0.0,0,1,0,0,1,2332.0,945.0,1,1,1,1,1,17,0.11,0.23,0,Zoltan Boros,2015
79a17ab9-13c9-41d4-a143-82d8caacfd8b,Fake Your Own Death,otj,Outlaws of Thunder Junction,expansion,2024-04-19,common,2.0,Instant,Instant,B,1,0,0,B,Treasure,1,257,0.0,0.0,0,1,0,0,1,1539.0,11243.0,1,1,1,1,1,17,0.11,0.34,0,Monztre,2015
b41a2bf7-248c-4f8b-92ec-3010d276cb59,Daring Thunder-Thief,otj,Outlaws of Thunder Junction,expansion,2024-04-19,common,4.0,Creature,Creature — Turtle Rogue,U,1,0,0,U,Flash,1,34,4.0,4.0,0,0,0,0,1,22804.0,,1,1,1,1,1,17,0.11,0.06,0,Inkognit,2015
dfed2acf-9ac8-447b-94f5-7db3a713c991,Eriette's Whisper,woe,Wilds of Eldraine,expansion,2023-09-08,common,4.0,Sorcery,Sorcery,B,1,0,0,B,Role token,1,283,0.0,0.0,0,0,0,0,1,20368.0,,1,1,1,1,1,17,0.11,0.13,0,Quintin Gleim,2015
e1888c61-dc2d-4a33-9ba4-439d97f490be,Crystal Carapace,mom,March of the Machine,expansion,2023-04-21,common,4.0,Enchantment,Enchantment — Aura,G,1,0,0,G,"Enchant,Cycling",2,115,0.0,0.0,0,0,0,0,1,13913.0,14212.0,1,1,1,0,1,13,0.11,0.16,0,Sam Burley,2015
4f6eb966-67af-4b18-8899-4a99a5179aa3,Coming In Hot,mom,March of the Machine,expansion,2023-04-21,common,1.0,Instant,Instant,R,1,0,0,R,Scry,1,153,0.0,0.0,0,0,0,0,1,17146.0,,1,1,1,0,1,13,0.11,0.12,0,Cristi Balanescu,2015
acda9d02-00fc-49e2-a9f3-176e9c0a8c5f,Edgewall Pack,woe,Wilds of Eldraine,expansion,2023-09-08,common,4.0,Creature,Creature — Dog,R,1,0,0,R,Menace,1,168,3.0,3.0,0,0,0,0,1,19004.0,,1,1,1,1,1,16,0.11,0.14,0,Leesha Hannigan,2015
7839ce48-0175-494a-ab89-9bdfb7a50cb1,Heirloom Epic,blb,Bloomburrow,expansion,2024-08-02,uncommon,1.0,Artifact,Artifact — Book,C,0,0,1,,,0,171,0.0,0.0,0,0,0,0,1,10329.0,,1,1,1,1,1,15,0.11,0.22,0,Fiona Hsieh,2015
efbd934a-39c4-4ce7-af2a-34ca226d7f23,Alabaster Host Sanctifier,mom,March of the Machine,expansion,2023-04-21,common,2.0,Creature,Creature — Phyrexian Cleric,W,1,0,0,W,Lifelink,1,8,2.0,2.0,0,0,0,0,1,19424.0,,1,1,1,0,1,14,0.11,0.08,0,Konstantin Porubov,2015
0c117239-8e40-4e7e-ab1b-82f2ddf55cf4,Churning Reservoir,one,Phyrexia: All Will Be One,expansion,2023-02-10,uncommon,1.0,Artifact,Artifact,R,1,0,0,R,,0,335,0.0,0.0,0,0,0,0,1,18848.0,10523.0,1,1,1,0,1,11,0.11,0.15,0,Piotr Dura,2015
d43981b1-60c8-4896-8885-b07e73b99b30,Boneyard Desecrator,otj,Outlaws of Thunder Junction,expansion,2024-04-19,common,4.0,Creature,Creature — Zombie Mercenary,B,1,0,0,B,"Treasure,Menace",2,212,3.0,4.0,0,0,0,0,1,15057.0,,1,1,1,1,1,17,0.11,0.11,0,Maxime Minard,2015
df7fea2e-7414-4bc8-adb0-9342e174c009,Brightblade Stoat,blb,Bloomburrow,expansion,2024-08-02,uncommon,2.0,Creature,Creature — Weasel Soldier,W,1,0,0,W,"Lifelink,First strike",2,22,2.0,2.0,0,0,0,0,1,12615.0,4928.0,1,1,1,1,1,15,0.11,0.2,0,Lius Lasahido,2015
b83f4e41-a5f5-4929-9816-06dc1c228474,Bonepicker Skirge,one,Phyrexia: All Will Be One,expansion,2023-02-10,common,3.0,Creature,Creature — Phyrexian Imp,B,1,0,0,B,"Flying,Corrupted",2,119,2.0,2.0,0,0,0,0,1,16563.0,,1,1,1,0,1,13,0.11,0.07,0,Dave Kendall,2015
582637a9-6aa0-4824-bed7-d5fc91bda35e,Bark-Knuckle Boxer,blb,Bloomburrow,expansion,2024-08-02,uncommon,2.0,Creature,Creature — Raccoon Berserker,G,1,0,0,G,,0,157,3.0,2.0,0,0,0,0,1,13304.0,,1,1,1,1,1,15,0.11,0.22,0,Filip Burburan,2015
ccdcbb1d-702e-4832-8eed-7ed3deffefe3,Boundary Lands Ranger,woe,Wilds of Eldraine,expansion,2023-09-08,uncommon,2.0,Creature,Creature — Human Ranger,R,1,0,0,R,,0,139,2.0,2.0,0,0,0,0,1,16686.0,,1,1,1,1,1,15,0.11,0.07,0,Pascal Quidault,2015
19422406-0c1a-497e-bed1-708bc556491a,Daring Waverider,blb,Bloomburrow,expansion,2024-08-02,uncommon,6.0,Creature,Creature — Otter Wizard,U,1,0,0,U,,0,212,4.0,4.0,0,0,0,0,1,8655.0,7436.0,1,1,1,1,1,15,0.11,0.16,0,Wisnu Tan,2015
ee0565f5-ebdb-43f9-bbb4-0485b1968937,Abandoned Campground,dsk,Duskmourn: House of Horror,expansion,2024-09-27,common,0.0,Land,Land,"U,W",2,1,0,"U,W",,0,81,0.0,0.0,0,0,0,0,1,9339.0,9926.0,1,1,1,1,1,17,0.11,0.19,0,Cristi Balanescu,2015
cb224874-aff5-461f-82ee-89b06663231a,Bleeding Woods,dsk,Duskmourn: House of Horror,expansion,2024-09-27,common,0.0,Land,Land,"G,R",2,1,0,"G,R",,0,81,0.0,0.0,0,0,0,0,1,9556.0,10951.0,1,1,1,1,1,18,0.11,0.14,0,Henry Peters,2015
e548befc-4cd4-46be-951f-045452261cda,Central Elevator // Promising Stairs,dsk,Duskmourn: House of Horror,expansion,2024-09-27,rare,7.0,Enchantment,Enchantment — Room // Enchantment — Room,U,1,0,0,U,Surveil,1,0,0.0,0.0,0,0,0,0,1,7907.0,9188.0,1,1,1,1,1,16,0.11,0.28,0,Cristi Balanescu,2015
5b4ac6ea-c67b-4f90-be4f-aa25882f5794,Cunning Coyote,otj,Outlaws of Thunder Junction,expansion,2024-04-19,uncommon,2.0,Creature,Creature — Coyote,R,1,0,0,R,"Plot,Haste",2,274,2.0,2.0,0,0,0,0,1,17880.0,299.0,1,1,1,1,1,14,0.11,0.12,0,David Auden Nash,2015
7d171802-2604-45a5-a0f2-ab5afa1db5d5,Charmed Sleep,blb,Bloomburrow,expansion,2024-08-02,common,3.0,Enchantment,Enchantment — Aura,U,1,0,0,U,Enchant,1,132,0.0,0.0,0,1,0,0,0,14940.0,,1,1,1,1,1,17,0.11,,0,Titus Lunter,2015
e71768e7-4ef7-4fb2-838b-eb3a7f662d38,Archon's Glory,woe,Wilds of Eldraine,expansion,2023-09-08,common,1.0,Instant,Instant,W,1,0,0,W,Bargain,1,225,0.0,0.0,0,0,0,0,1,17929.0,,1,1,1,1,1,16,0.11,0.11,0,Anastasia Ovchinnikova,2015
8e2f0ae2-db68-4338-93f9-9d9268cec41e,Basilica Skullbomb,one,Phyrexia: All Will Be One,expansion,2023-02-10,common,1.0,Artifact,Artifact,W,1,0,0,W,,0,191,0.0,0.0,0,0,0,0,1,14230.0,,1,1,1,0,1,13,0.11,0.14,0,Gaboleps,2015
a6e8d7b9-ff5e-48ae-9e38-d2b6a45b119b,Exuberant Fuseling,one,Phyrexia: All Will Be One,expansion,2023-02-10,uncommon,1.0,Creature,Creature — Phyrexian Goblin Warrior,R,1,0,0,R,Trample,1,223,0.0,1.0,0,0,0,0,1,13496.0,3146.0,1,1,1,0,1,11,0.1,0.22,0,Billy Christian,2015
bc7130b8-3168-421f-912a-46ed5b769807,Embereth Veteran,woe,Wilds of Eldraine,expansion,2023-09-08,uncommon,1.0,Creature,Creature — Human Knight,R,1,0,0,R,Role token,1,282,2.0,1.0,0,0,0,0,1,22457.0,1123.0,1,1,1,1,1,15,0.1,0.07,0,Andreia Ugrai,2015
60499c90-a512-4abb-98eb-0735a7138421,Flesh Burrower,dsk,Duskmourn: House of Horror,expansion,2024-09-27,common,2.0,Creature,Creature — Insect,G,1,0,0,G,Deathtouch,1,114,2.0,2.0,0,0,0,0,1,9636.0,,1,1,1,1,1,17,0.1,0.22,0,Maxime Minard,2015
4fc23af5-18dd-45f9-8d82-76b48aaf6d4d,Compleated Huntmaster,mom,March of the Machine,expansion,2023-04-21,uncommon,3.0,Creature,Creature — Phyrexian Elf Warrior,B,1,0,0,B,"Incubate,Transform",2,208,2.0,3.0,0,0,0,0,1,10996.0,,1,1,1,0,1,11,0.1,0.17,0,Alex Brock,2015
15fa581a-724e-4196-a9a3-ff84c54bdb7d,Builder's Talent,blb,Bloomburrow,expansion,2024-08-02,uncommon,2.0,Enchantment,Enchantment — Class,W,1,0,0,W,,0,408,0.0,0.0,0,0,0,0,1,10650.0,4155.0,1,1,1,1,1,15,0.1,0.21,0,Ovidio Cartagena,2015
92652c41-1239-4299-a486-11fe1a96e912,Agatha's Champion,woe,Wilds of Eldraine,expansion,2023-09-08,uncommon,5.0,Creature,Creature — Human Knight,G,1,0,0,G,"Trample,Fight,Bargain",3,250,4.0,4.0,0,0,0,0,1,22936.0,,1,1,1,1,1,14,0.1,0.09,0,Jason A. Engle,2015
de1d02d1-91dc-47d6-bdbe-87602428abfb,Barbed Batterfist,one,Phyrexia: All Will Be One,expansion,2023-02-10,common,2.0,Artifact,Artifact — Equipment,R,1,0,0,R,"For Mirrodin!,Equip",2,217,0.0,0.0,0,0,0,0,1,13557.0,5036.0,1,1,1,0,1,13,0.1,0.1,0,Randy Gallegos,2015
b270377b-33eb-4e5e-9d14-0da2876da74f,Geyser Drake,otj,Outlaws of Thunder Junction,expansion,2024-04-19,common,3.0,Creature,Creature — Drake,U,1,0,0,U,Flying,1,76,2.0,3.0,0,0,0,0,1,7914.0,,1,1,1,1,1,16,0.1,0.3,0,Daniel Romanovsky,2015
f7017afb-4c7c-4c8d-9c9d-3f056a55561e,Aerial Boost,mom,March of the Machine,expansion,2023-04-21,common,2.0,Instant,Instant,W,1,0,0,W,Convoke,1,211,0.0,0.0,0,0,0,0,1,19851.0,,1,1,1,0,1,13,0.1,0.14,0,Artur Nakhodkin,2015
790a90cc-d36f-43b5-8423-89e30bdf7b9f,Dashing Bloodsucker,dsk,Duskmourn: House of Horror,expansion,2024-09-27,uncommon,4.0,Creature,Creature — Vampire Warrior,B,1,0,0,B,Eerie,1,151,2.0,5.0,0,0,0,0,1,21526.0,,1,1,1,1,1,15,0.1,0.18,0,Randy Gallegos,2015
c694485d-a753-4e55-929c-d8e4a53c7d08,Flywheel Racer,mom,March of the Machine,expansion,2023-04-21,common,2.0,Artifact,Artifact — Vehicle,C,0,0,1,,"Vigilance,Crew",2,226,3.0,2.0,0,0,0,0,1,9334.0,,1,1,1,0,1,13,0.1,0.22,0,Joshua Cairos,2015
7e784d3d-0c6d-4ce5-beb5-edd2adb32385,Invasion of Dominaria // Serra Faithkeeper,mom,March of the Machine,expansion,2023-04-21,uncommon,3.0,Creature,Battle — Siege // Creature — Angel,W,1,0,0,W,"Flying,Vigilance,Transform",3,0,0.0,0.0,0,0,0,0,1,13869.0,9682.0,1,1,1,0,1,11,0.1,0.21,0,Denys Tsiperko,2015
fb8e7c97-8393-41b8-bb0b-3983dcc5e7f4,Flamecache Gecko,blb,Bloomburrow,expansion,2024-08-02,uncommon,2.0,Creature,Creature — Lizard Warlock,R,1,0,0,"B,R",,0,111,2.0,2.0,0,0,0,0,1,9954.0,5283.0,1,1,1,1,1,15,0.1,0.2,0,Brian Valeza,2015
c66988ca-29d5-45ea-8d68-c8e0e4c3ffb1,Atmosphere Surgeon,one,Phyrexia: All Will Be One,expansion,2023-02-10,uncommon,2.0,Creature,Creature — Phyrexian Wizard,U,1,0,0,U,,0,193,2.0,1.0,0,0,0,0,1,19212.0,,1,1,1,0,1,11,0.1,0.07,0,Campbell White,2015
438accb1-6d2c-4710-adeb-df4301a7b8f1,Baseball Bat,dsk,Duskmourn: House of Horror,expansion,2024-09-27,uncommon,2.0,Artifact,Artifact — Equipment,"G,W",2,1,0,"G,W",Equip,1,247,0.0,0.0,0,0,0,0,1,18482.0,,1,1,1,1,1,15,0.1,0.1,0,John Stanko,2015
bac9f6f8-6797-4580-9fc4-9a825872e017,Brambleguard Veteran,blb,Bloomburrow,expansion,2024-08-02,uncommon,3.0,Creature,Creature — Raccoon Warrior,G,1,0,0,G,,0,172,3.0,4.0,0,0,0,0,1,13495.0,,1,1,1,1,1,15,0.1,0.17,0,Jakob Eirich,2015
f6ee12ba-0e6c-485a-a1ff-61726ed72fea,Assimilate Essence,mom,March of the Machine,expansion,2023-04-21,common,2.0,Instant,Instant,U,1,0,0,U,"Incubate,Transform",2,244,0.0,0.0,0,0,0,0,1,15493.0,7976.0,1,1,1,0,1,13,0.1,0.07,0,Konstantin Porubov,2015
b0e02737-0193-46e4-a506-cec86a44dc99,Akki Scrapchomper,mom,March of the Machine,expansion,2023-04-21,common,1.0,Creature,Creature — Phyrexian Goblin,R,1,0,0,R,,0,56,1.0,1.0,0,0,0,0,1,13750.0,11183.0,1,1,1,0,1,13,0.1,0.14,0,Wisnu Tan,2015
55b9b8e5-1ed8-4be0-aad5-041a599c6841,Bestial Bloodline,woe,Wilds of Eldraine,expansion,2023-09-08,common,2.0,Enchantment,Enchantment — Aura,G,1,0,0,G,Enchant,1,106,0.0,0.0,0,0,0,0,1,18869.0,12926.0,1,1,1,1,1,16,0.1,0.08,0,Mila Pesic,2015
0bd8d2b8-4caf-4349-9538-0dfbebf0ce1b,Bladed Ambassador,one,Phyrexia: All Will Be One,expansion,2023-02-10,uncommon,2.0,Creature,Creature — Phyrexian Soldier,W,1,0,0,W,,0,148,3.0,1.0,0,0,0,0,1,20138.0,10512.0,1,1,1,0,1,11,0.1,0.05,0,Nino Vecia,2015
5c6bdac3-6762-41a4-821f-ab7034a823d9,Halo-Charged Skaab,mom,March of the Machine,expansion,2023-04-21,common,5.0,Creature,Creature — Zombie,U,1,0,0,U,Mill,1,244,4.0,4.0,0,0,0,0,1,20015.0,,1,1,1,0,1,14,0.09,0.09,0,Igor Kieryluk,2015
c9b3b785-396e-4240-bfa3-58ab53497686,Axiom Engraver,one,Phyrexia: All Will Be One,expansion,2023-02-10,common,2.0,Creature,Creature — Phyrexian Wizard,R,1,0,0,R,,0,125,1.0,3.0,0,0,0,0,1,19960.0,14926.0,1,1,1,0,1,13,0.09,0.09,0,Pavel Kolomeyets,2015
821b9e86-d108-42e5-b642-c5e07ab16c37,Brave the Wilds,woe,Wilds of Eldraine,expansion,2023-09-08,common,1.0,Sorcery,Sorcery,G,1,0,0,G,Bargain,1,295,0.0,0.0,0,0,0,0,1,15192.0,7288.0,1,1,1,1,1,16,0.09,0.13,0,Lucas Graciano,2015
1cf37c1a-096b-4306-97cf-bc4d4c47d4a1,Conductive Machete,dsk,Duskmourn: House of Horror,expansion,2024-09-27,uncommon,4.0,Artifact,Artifact — Equipment,C,0,0,1,,"Manifest,Manifest dread,Equip",3,333,0.0,0.0,0,0,0,0,1,17941.0,,1,1,1,1,1,15,0.09,0.11,0,Steven Russell Black,2015
821970a3-a291-4fe9-bb13-dfc54f9c3caf,Hivespine Wolverine,blb,Bloomburrow,expansion,2024-08-02,uncommon,5.0,Creature,Creature — Elemental Wolverine,G,1,0,0,G,Fight,1,181,5.0,4.0,0,0,0,0,1,12812.0,10379.0,1,1,1,1,1,15,0.09,0.17,0,Lars Grant-West,2015
15845be1-919d-4450-9de6-3552c52e8623,Gold Rush,otj,Outlaws of Thunder Junction,expansion,2024-04-19,uncommon,2.0,Instant,Instant,G,1,0,0,G,Treasure,1,111,0.0,0.0,0,0,0,0,1,9175.0,7020.0,1,1,1,1,1,14,0.09,0.21,0,Eric Wilkerson,2015
f0621b32-95c5-4f70-96cf-d46d20efc85d,Balemurk Leech,dsk,Duskmourn: House of Horror,expansion,2024-09-27,common,2.0,Creature,Creature — Leech,B,1,0,0,B,Eerie,1,116,2.0,2.0,0,0,0,0,1,7842.0,11788.0,1,1,1,1,1,17,0.09,0.23,0,John Tedrick,2015
83edf626-ed34-417f-818d-597ecf439167,Graceful Takedown,woe,Wilds of Eldraine,expansion,2023-09-08,uncommon,2.0,Sorcery,Sorcery,G,1,0,0,G,,0,176,0.0,0.0,0,0,0,0,1,22527.0,,1,1,1,1,1,15,0.09,0.04,0,Sidharth Chaturvedi,2015
64653b4a-e139-45f9-a915-ab49afb6b795,Curious Forager,blb,Bloomburrow,expansion,2024-08-02,uncommon,3.0,Creature,Creature — Squirrel Druid,G,1,0,0,G,Forage,1,190,3.0,2.0,0,0,0,0,1,9312.0,8505.0,1,1,1,1,1,15,0.09,0.24,0,Mariah Tekulve,2015
c4c2c914-e9a7-450b-88d9-8885fe0f6643,Forgehammer Centurion,one,Phyrexia: All Will Be One,expansion,2023-02-10,common,3.0,Creature,Creature — Phyrexian Warrior,R,1,0,0,R,,0,257,3.0,2.0,0,0,0,0,1,21301.0,,1,1,1,0,1,13,0.09,0.02,0,Vladimir Krisetskiy,2015
f1150ea9-02b5-4767-a529-6149d758830e,Blightreaper Thallid // Blightsower Thallid,mom,March of the Machine,expansion,2023-04-21,uncommon,2.0,Creature,Creature — Fungus // Creature — Phyrexian Fungus,"B,G",2,1,0,"B,G",Transform,1,0,0.0,0.0,0,0,0,0,1,20218.0,,1,1,1,0,1,11,0.09,0.18,0,Marta Nael,2015
b56beeb6-88ca-475e-8654-1d4e8b4aa3c0,Harnesser of Storms,blb,Bloomburrow,expansion,2024-08-02,uncommon,3.0,Creature,Creature — Otter Wizard,R,1,0,0,R,,0,177,1.0,4.0,0,0,0,0,1,7875.0,,1,1,1,1,1,15,0.09,0.24,0,Bram Sels,2015
41762689-0c13-4d45-9d81-ba2afad980f8,Harvestrite Host,blb,Bloomburrow,expansion,2024-08-02,uncommon,3.0,Creature,Creature — Rabbit Citizen,W,1,0,0,W,,0,199,3.0,3.0,0,0,0,0,1,10740.0,6681.0,1,1,1,1,1,15,0.09,0.13,0,Julie Dillon,2015
a477dc3e-0fa1-4ce4-b3de-8cae0d1a0763,Attack-in-the-Box,dsk,Duskmourn: House of Horror,expansion,2024-09-27,uncommon,3.0,Creature,Artifact Creature — Toy,C,0,0,1,,,0,139,2.0,4.0,0,0,0,0,1,17936.0,,1,1,1,1,1,15,0.09,0.15,0,Domenico Cava,2015
977c15c9-2aad-4d1d-86a6-1f9d78ad7af6,Botanical Brawler,mom,March of the Machine,expansion,2023-04-21,uncommon,2.0,Creature,Creature — Elemental Warrior,"G,W",2,1,0,"G,W",Trample,1,256,0.0,0.0,0,0,0,0,1,6302.0,7500.0,1,1,1,0,1,11,0.09,0.2,0,Jesper Ejsing,2015
c911a759-ed7b-452b-88a3-663478357610,Corpseberry Cultivator,blb,Bloomburrow,expansion,2024-08-02,common,3.0,Creature,Creature — Squirrel Warlock,"B,G",2,1,0,"B,G",Forage,1,176,2.0,3.0,0,0,0,0,1,11413.0,,1,1,1,1,1,17,0.09,0.24,0,Izzy,2015
5f0affd5-5dcd-4dd1-a694-37a9aedf4084,Bumbleflower's Sharepot,blb,Bloomburrow,expansion,2024-08-02,common,2.0,Artifact,Artifact,C,0,0,1,,Food,1,219,0.0,0.0,0,0,0,0,1,8759.0,7431.0,1,1,1,1,1,17,0.09,0.15,0,J.P. Targete,2015
611497d2-83df-4c69-bbeb-6a807c686bc4,Escaped Experiment,one,Phyrexia: All Will Be One,expansion,2023-02-10,common,2.0,Creature,Artifact Creature — Phyrexian Beast,U,1,0,0,U,,0,146,2.0,1.0,0,0,0,0,1,21315.0,,1,1,1,0,1,13,0.09,0.09,0,Billy Christian,2015
f8900b89-0e10-4602-bba2-da8d60ea5885,Etched Cornfield,dsk,Duskmourn: House of Horror,expansion,2024-09-27,common,0.0,Land,Land,"G,W",2,1,0,"G,W",,0,81,0.0,0.0,0,0,0,0,1,10660.0,15149.0,1,1,1,1,1,17,0.09,0.15,0,Randy Gallegos,2015
4efd1963-fe71-42c1-8ad7-53fd80145ca6,Dream Spoilers,woe,Wilds of Eldraine,expansion,2023-09-08,uncommon,4.0,Creature,Creature — Faerie Warlock,B,1,0,0,B,Flying,1,136,2.0,2.0,0,0,0,0,1,18103.0,15103.0,1,1,1,1,1,14,0.09,0.12,0,Jodie Muir,2015
b2f1afa2-ca71-49cf-953b-d5dfc60c178f,Etched Host Doombringer,mom,March of the Machine,expansion,2023-04-21,common,5.0,Creature,Creature — Phyrexian Demon,B,1,0,0,B,,0,227,3.0,5.0,0,0,0,0,1,22997.0,,1,1,1,0,1,14,0.09,0.08,0,Helge C. Balzer,2015
a87c39df-7636-454b-8485-a1cc9362fd84,Fear of Failed Tests,dsk,Duskmourn: House of Horror,expansion,2024-09-27,uncommon,5.0,Creature,Enchantment Creature — Nightmare,U,1,0,0,U,,0,77,2.0,7.0,0,0,0,0,1,12030.0,,1,1,1,1,1,15,0.09,0.12,0,Jana Heidersdorf,2015
4e317d1d-3f20-4f0d-8b1e-31df351e8f83,Fearless Skald,mom,March of the Machine,expansion,2023-04-21,uncommon,5.0,Creature,Creature — Dwarf Berserker,R,1,0,0,R,"Backup,Double strike",2,169,3.0,2.0,0,0,0,0,1,20034.0,,1,1,1,0,1,11,0.09,0.07,0,Slawomir Maniak,2015
f651e216-f9da-4696-8a1d-6d674e9044c0,Cursed Windbreaker,dsk,Duskmourn: House of Horror,expansion,2024-09-27,uncommon,3.0,Artifact,Artifact — Equipment,U,1,0,0,U,"Manifest,Manifest dread,Equip",3,333,0.0,0.0,0,0,0,0,1,15995.0,5303.0,1,1,1,1,1,15,0.09,0.16,0,Nino Vecia,2015
5c1d410e-4237-4963-b015-54d26730e63d,Beluna's Gatekeeper // Entry Denied,woe,Wilds of Eldraine,expansion,2023-09-08,common,6.0,Creature,Creature — Giant Soldier // Sorcery — Adventure,U,1,0,0,U,,0,0,6.0,5.0,0,0,0,0,1,14861.0,9179.0,1,1,1,1,1,16,0.09,0.1,0,Kai Carpenter,2015
f79b0c5d-6823-439c-a011-8b9bf424bdad,Disturbing Mirth,dsk,Duskmourn: House of Horror,expansion,2024-09-27,uncommon,2.0,Enchantment,Enchantment,"B,R",2,1,0,"B,R","Manifest,Manifest dread",2,365,0.0,0.0,0,0,0,0,1,18752.0,1382.0,1,1,1,1,1,15,0.09,0.16,0,Nino Vecia,2015
55cfd628-933a-4d3d-b2e5-70bc86960d1c,Downwind Ambusher,blb,Bloomburrow,expansion,2024-08-02,uncommon,4.0,Creature,Creature — Skunk Assassin,B,1,0,0,B,Flash,1,194,4.0,2.0,0,0,0,0,1,19638.0,,1,1,1,1,1,15,0.09,0.12,0,Aaron Miller,2015
65e5fc08-7a04-4bba-81ba-990889cae96a,Furnace Punisher,one,Phyrexia: All Will Be One,expansion,2023-02-10,uncommon,3.0,Creature,Creature — Phyrexian Warrior,R,1,0,0,R,Menace,1,137,3.0,3.0,0,0,0,0,1,20131.0,10561.0,1,1,1,0,1,11,0.08,0.24,0,Lauren K. Cannon,2015
f0c5999f-a185-4fc7-86fa-c4e5b091e768,Infernal Phantom,dsk,Duskmourn: House of Horror,expansion,2024-09-27,uncommon,4.0,Creature,Creature — Spirit,R,1,0,0,R,Eerie,1,207,2.0,3.0,0,0,0,0,1,21331.0,,1,1,1,1,1,15,0.08,0.08,0,Mike Sass,2015
888e3c71-e21d-4e77-b1b6-09769f9cd3d6,Bitter Chill,woe,Wilds of Eldraine,expansion,2023-09-08,uncommon,2.0,Enchantment,Enchantment — Aura,U,1,0,0,U,"Enchant,Scry",2,247,0.0,0.0,0,0,0,0,1,12255.0,4525.0,1,1,1,1,1,14,0.08,0.15,0,Julie Dillon,2015
007324b3-b8a9-4a32-a5a1-ad78f3a07bc3,Blighted Burgeoning,mom,March of the Machine,expansion,2023-04-21,common,3.0,Enchantment,Enchantment — Aura,G,1,0,0,G,"Incubate,Transform,Enchant",3,293,0.0,0.0,0,0,0,0,1,12036.0,,1,1,1,0,1,14,0.08,0.1,0,Piotr Foksowicz,2015
9ab94ebe-b51b-4c6f-af43-0ed80e2808a3,Commune with Evil,dsk,Duskmourn: House of Horror,expansion,2024-09-27,uncommon,3.0,Sorcery,Sorcery,B,1,0,0,B,,0,125,0.0,0.0,0,0,0,0,1,11165.0,10340.0,1,1,1,1,1,15,0.08,0.15,0,Ovidio Cartagena,2015
92f5b177-b0c6-4573-b860-f75dad1941bd,Invasion of Eldraine // Prickle Faeries,mom,March of the Machine,expansion,2023-04-21,uncommon,4.0,Creature,Battle — Siege // Creature — Faerie,B,1,0,0,B,"Flying,Transform",2,0,0.0,0.0,0,0,0,0,1,15300.0,9375.0,1,1,1,0,1,11,0.08,0.13,0,Cristi Balanescu,2015
45db6b46-c4b4-4684-8a49-53a64ffc82f2,Charforger,one,Phyrexia: All Will Be One,expansion,2023-02-10,uncommon,3.0,Creature,Creature — Phyrexian Beast,"B,R",2,1,0,"B,R",,0,325,2.0,3.0,0,0,0,0,1,19410.0,,1,1,1,0,1,11,0.08,0.08,0,Svetlin Velinov,2015
2777f8b5-2f8e-4cb8-9206-8a4978488657,Infected Defector,mom,March of the Machine,expansion,2023-04-21,common,5.0,Creature,Creature — Phyrexian Knight,W,1,0,0,W,"Incubate,Transform",2,183,4.0,3.0,0,0,0,0,1,17704.0,,1,1,1,0,1,14,0.08,0.14,0,Nino Vecia,2015
a28f5de4-2af6-44ff-9bb8-d874f8ae7dd1,Bladed Battle-Fan,mom,March of the Machine,expansion,2023-04-21,common,2.0,Artifact,Artifact — Equipment,B,1,0,0,B,"Equip,Flash",2,240,0.0,0.0,0,0,0,0,1,15247.0,,1,1,1,0,1,13,0.08,0.12,0,Colin Boyer,2015
b9dec431-a20e-4c1c-9855-904779756509,Frostbridge Guard,woe,Wilds of Eldraine,expansion,2023-09-08,common,2.0,Creature,Creature — Elemental Soldier,W,1,0,0,W,,0,33,2.0,2.0,0,0,0,0,1,18581.0,,1,1,1,1,1,16,0.08,0.13,0,Paul Scott Canavan,2015
272c9888-ef13-4d47-a4bc-f5239b357a1b,Font of Progress,one,Phyrexia: All Will Be One,expansion,2023-02-10,uncommon,1.0,Artifact,Artifact,U,1,0,0,U,Mill,1,144,0.0,0.0,0,0,0,0,1,20947.0,11558.0,1,1,1,0,1,11,0.08,0.13,0,Aaron J. Riley,2015
5e7d552f-a7ac-4a49-a582-9d378137005f,Haunted Screen,dsk,Duskmourn: House of Horror,expansion,2024-09-27,uncommon,3.0,Artifact,Artifact,"B,G,R,U,W",5,1,0,"B,G,R,U,W",,0,192,0.0,0.0,0,0,0,0,1,13572.0,7455.0,1,1,1,1,1,15,0.08,0.18,0,Sean Murray,2015
3b92f866-2522-4f2a-a5ca-7d01ad79b927,Awaken the Sleeper,one,Phyrexia: All Will Be One,expansion,2023-02-10,uncommon,4.0,Sorcery,Sorcery,R,1,0,0,R,,0,180,0.0,0.0,0,0,0,0,1,15815.0,,1,1,1,0,1,11,0.08,0.15,0,Mathias Kollros,2015
20e0dba2-d15c-4d55-9b68-00648175e760,Friendly Ghost,dsk,Duskmourn: House of Horror,expansion,2024-09-27,common,4.0,Creature,Creature — Spirit,W,1,0,0,W,Flying,1,79,2.0,4.0,0,0,0,0,1,21269.0,,1,1,1,1,1,18,0.08,0.08,0,Sean Murray,2015
5224eec3-2941-4d16-a713-099e34e93eee,Commune with Nature,woe,Wilds of Eldraine,expansion,2023-09-08,common,1.0,Sorcery,Sorcery,G,1,0,0,G,,0,174,0.0,0.0,0,1,0,0,1,13322.0,4209.0,1,1,1,1,1,18,0.08,0.11,0,Jodie Muir,2015
0e896a87-2a93-488c-a0c9-0bed8404da44,Corruption of Towashi,mom,March of the Machine,expansion,2023-04-21,uncommon,5.0,Enchantment,Enchantment,U,1,0,0,U,"Incubate,Transform",2,328,0.0,0.0,0,0,0,0,1,18146.0,,1,1,1,0,1,11,0.08,0.19,0,Artur Nakhodkin,2015
b8e40377-990f-41ea-8dd2-62a998dcd128,Dutiful Griffin,woe,Wilds of Eldraine,expansion,2023-09-08,uncommon,5.0,Creature,Creature — Griffin,W,1,0,0,W,Flying,1,93,4.0,4.0,0,0,0,0,1,25882.0,13557.0,1,1,1,1,1,14,0.08,0.12,0,Ilse Gort,2015
6b485cf7-bad0-4824-9ba7-cb112ce4769f,Druid of the Spade,blb,Bloomburrow,expansion,2024-08-02,common,3.0,Creature,Creature — Rabbit Druid,G,1,0,0,G,,0,73,2.0,3.0,0,0,0,0,1,13524.0,,1,1,1,1,1,17,0.08,0.13,0,Andrey Kuzinskiy,2015
c4303347-3fbd-4bbd-ab3f-e7ddbe0e0a9d,Eyes of Gitaxias,mom,March of the Machine,expansion,2023-04-21,common,3.0,Sorcery,Sorcery,U,1,0,0,U,"Incubate,Transform",2,171,0.0,0.0,0,0,0,0,1,19314.0,13036.0,1,1,1,0,1,14,0.08,0.05,0,Cristi Balanescu,2015
4616a548-269b-4530-97e8-c690ccc138f3,Etched Familiar,mom,March of the Machine,expansion,2023-04-21,common,3.0,Creature,Artifact Creature — Phyrexian Fox,B,1,0,0,B,,0,72,3.0,2.0,0,0,0,0,1,15512.0,11858.0,1,1,1,0,1,14,0.08,0.14,0,Colin Boyer,2015
2e0e27f9-dc2c-4366-b810-3e8d0bdff8c3,Cactarantula,otj,Outlaws of Thunder Junction,expansion,2024-04-19,common,6.0,Creature,Creature — Plant Spider,G,1,0,0,G,Reach,1,171,6.0,5.0,0,0,0,0,1,14744.0,11806.0,1,1,1,1,1,17,0.08,0.13,0,Filip Burburan,2015
aa625ab0-1e79-4497-a5da-98fe1abfd024,Furnace Strider,one,Phyrexia: All Will Be One,expansion,2023-02-10,common,5.0,Creature,Creature — Phyrexian Beast,R,1,0,0,R,,0,150,4.0,5.0,0,0,0,0,1,21730.0,,1,1,1,0,1,13,0.08,0.07,0,Denis Zhbankov,2015
9184bc57-0a16-4abf-a13a-6a03a175c28a,Flitting Guerrilla,mom,March of the Machine,expansion,2023-04-21,common,3.0,Creature,Creature — Faerie Rogue,B,1,0,0,B,"Flying,Mill",2,274,2.0,2.0,0,0,0,0,1,18986.0,,1,1,1,0,1,14,0.08,0.06,0,Francisco Miyara,2015
93b17d09-974a-4e33-b14d-5fe4230ab241,Ambush Gigapede,otj,Outlaws of Thunder Junction,expansion,2024-04-19,common,6.0,Creature,Creature — Insect,B,1,0,0,B,Flash,1,99,6.0,2.0,0,0,0,0,1,19129.0,14069.0,1,1,1,1,1,17,0.08,0.09,0,Kekai Kotaki,2015
0b2a32c9-f0ae-4ae4-a5c5-72bea05018fb,Fleshless Gladiator,one,Phyrexia: All Will Be One,expansion,2023-02-10,common,2.0,Creature,Creature — Phyrexian Skeleton,B,1,0,0,B,Corrupted,1,164,2.0,2.0,0,0,0,0,1,23623.0,12210.0,1,1,1,0,1,13,0.08,0.12,0,Konstantin Porubov,2015
5f889c95-46af-4fd9-aff2-573d5384fd58,Beastie Beatdown,dsk,Duskmourn: House of Horror,expansion,2024-09-27,uncommon,2.0,Sorcery,Sorcery,"G,R",2,1,0,"G,R",Delirium,1,302,0.0,0.0,0,0,0,0,1,13937.0,12503.0,1,1,1,1,1,15,0.08,0.17,0,Inkognit,2015
31c249d9-37c0-451d-866b-e834c4c57214,Chomping Kavu,mom,March of the Machine,expansion,2023-04-21,common,4.0,Creature,Creature — Kavu,G,1,0,0,G,Backup,1,221,3.0,3.0,0,0,0,0,1,22840.0,,1,1,1,0,1,14,0.08,0.03,0,John Tedrick,2015
919826a9-c427-42c6-8885-a87f0b6d2192,Giant Beaver,otj,Outlaws of Thunder Junction,expansion,2024-04-19,common,4.0,Creature,Creature — Beaver Mount,G,1,0,0,G,"Saddle,Vigilance",2,278,4.0,4.0,0,0,0,0,1,17196.0,,1,1,1,1,1,17,0.08,0.17,0,Lars Grant-West,2015
e6f03f21-aeb9-428b-9167-b2604919bdd8,Aquatic Alchemist // Bubble Up,woe,Wilds of Eldraine,expansion,2023-09-08,common,2.0,Creature,Creature — Elemental // Sorcery — Adventure,U,1,0,0,U,,0,0,1.0,3.0,0,0,0,0,1,13920.0,10303.0,1,1,1,1,1,16,0.08,0.09,0,Uriah Voth,2015
30c22eb9-5056-4c0b-a5d8-41e09161eb40,Cephalopod Sentry,one,Phyrexia: All Will Be One,expansion,2023-02-10,uncommon,4.0,Creature,Artifact Creature — Phyrexian Squid,"U,W",2,1,0,"U,W",Flying,1,81,,5.0,0,0,0,0,1,12063.0,16153.0,1,1,1,0,1,11,0.08,0.19,0,Mathias Kollros,2015
1bdd3ecb-8c11-4a4c-a503-bc29f79a9dcb,Converter Beast,mom,March of the Machine,expansion,2023-04-21,common,4.0,Creature,Creature — Phyrexian Beast,G,1,0,0,G,"Incubate,Transform",2,184,0.0,1.0,0,0,0,0,1,17709.0,10746.0,1,1,1,0,1,14,0.08,0.18,0,Uriah Voth,2015
bbd9d35d-7fd0-4193-9f7e-b8a59fae4ac5,Frantic Strength,dsk,Duskmourn: House of Horror,expansion,2024-09-27,common,3.0,Enchantment,Enchantment — Aura,G,1,0,0,G,"Enchant,Flash",2,69,0.0,0.0,0,0,0,0,1,10095.0,,1,1,1,1,1,17,0.08,0.12,0,Flavio Greco Paglia,2015
f8a0c0f6-fef9-42c5-934d-a2855c11b440,Conceited Witch // Price of Beauty,woe,Wilds of Eldraine,expansion,2023-09-08,common,3.0,Creature,Creature — Human Warlock // Sorcery — Adventure,B,1,0,0,B,"Role token,Menace",2,0,2.0,3.0,0,0,0,0,1,20291.0,8935.0,1,1,1,1,1,16,0.08,0.11,0,Anna Pavleeva,2015
c494820f-607d-4ed2-8a86-a916ae390272,Betrayal at the Vault,otj,Outlaws of Thunder Junction,expansion,2024-04-19,uncommon,6.0,Instant,Instant,G,1,0,0,G,,0,98,0.0,0.0,0,0,0,0,1,17419.0,,1,1,1,1,1,14,0.08,0.1,0,Andreas Zafiratos,2015
ca2215dd-6300-49cf-b9b2-3a840b786c31,Bellowing Crier,blb,Bloomburrow,expansion,2024-08-02,common,2.0,Creature,Creature — Frog Advisor,U,1,0,0,U,,0,60,2.0,1.0,0,0,0,0,1,8597.0,,1,1,1,1,1,17,0.08,0.16,0,Jeff Miracola,2015
26ece013-f3ef-4c12-9dea-b2789f61f8a0,Bellowing Bruiser // Beat a Path,woe,Wilds of Eldraine,expansion,2023-09-08,common,5.0,Creature,Creature — Ogre // Sorcery — Adventure,R,1,0,0,R,Haste,1,0,4.0,4.0,0,0,0,0,1,19009.0,,1,1,1,1,1,17,0.08,0.17,0,Kai Carpenter,2015
9368cc76-bee5-4b46-a309-981106c3addf,Frontier Seeker,otj,Outlaws of Thunder Junction,expansion,2024-04-19,uncommon,2.0,Creature,Creature — Human Scout,W,1,0,0,W,,0,229,2.0,1.0,0,0,0,0,1,18537.0,5923.0,1,1,1,1,1,14,0.08,0.06,0,Raluca Marinescu,2015
7f06bbb1-0c7d-4803-9b35-8a2206803eed,Glimmer Seeker,dsk,Duskmourn: House of Horror,expansion,2024-09-27,uncommon,3.0,Creature,Creature — Human Survivor,W,1,0,0,W,Survival,1,225,3.0,3.0,0,0,0,0,1,14915.0,8523.0,1,1,1,1,1,15,0.08,0.14,0,Kev Fang,2015
4831e7ae-54e3-4bd9-b5af-52dc29f81715,Glidedive Duo,blb,Bloomburrow,expansion,2024-08-02,common,5.0,Creature,Creature — Bat Lizard,B,1,0,0,B,Flying,1,81,3.0,3.0,0,0,0,0,1,10962.0,,1,1,1,1,1,17,0.08,0.19,0,Manuel Castañón,2015
11d04a98-6997-4653-9719-e6b215567599,Ghostly Keybearer,dsk,Duskmourn: House of Horror,expansion,2024-09-27,uncommon,4.0,Creature,Creature — Spirit,U,1,0,0,U,Flying,1,121,3.0,3.0,0,0,0,0,1,13042.0,,1,1,1,1,1,15,0.08,0.14,0,Marco Gorlei,2015
ef8a8ba7-f955-425d-9a16-816fc48a2a83,Grand Entryway // Elegant Rotunda,dsk,Duskmourn: House of Horror,expansion,2024-09-27,common,5.0,Enchantment,Enchantment — Room // Enchantment — Room,W,1,0,0,W,,0,0,0.0,0.0,0,0,0,0,1,10127.0,7373.0,1,1,1,1,1,18,0.07,0.11,0,Carlos Palma Cruchaga,2015
e0328d43-ae9b-462a-a1e5-8ed408eea1a7,Chittering Skitterling,one,Phyrexia: All Will Be One,expansion,2023-02-10,uncommon,3.0,Creature,Creature — Phyrexian Rat,B,1,0,0,B,Corrupted,1,147,1.0,4.0,0,0,0,0,1,13723.0,9341.0,1,1,1,0,1,11,0.07,0.13,0,Nils Hamm,2015
596fb7a2-bb79-44b7-ad84-414c8139ec13,Intimidation Campaign,otj,Outlaws of Thunder Junction,expansion,2024-04-19,uncommon,3.0,Enchantment,Enchantment,"B,U",2,1,0,"B,U",,0,306,0.0,0.0,0,0,0,0,1,14607.0,4297.0,1,1,1,1,1,14,0.07,0.11,0,Svetlin Velinov,2015
896043a7-c7a2-4542-8739-7b4f09c6e1f1,Bola Slinger,mom,March of the Machine,expansion,2023-04-21,common,4.0,Creature,Creature — Cat Soldier,W,1,0,0,W,Backup,1,241,2.0,2.0,0,0,0,0,1,20125.0,,1,1,1,0,1,14,0.07,0.1,0,Hendry Iwanaga,2015
cbe544fb-93b7-4640-b886-cb0b3e437357,Hardbristle Bandit,otj,Outlaws of Thunder Junction,expansion,2024-04-19,common,2.0,Creature,Creature — Plant Rogue,G,1,0,0,G,,0,215,1.0,1.0,0,0,0,0,1,7833.0,7723.0,1,1,1,1,1,16,0.07,0.13,0,Francis Tneh,2015
165357cc-ec74-490f-aec3-7048bb43c8f9,Alabaster Host Intercessor,mom,March of the Machine,expansion,2023-04-21,common,6.0,Creature,Creature — Phyrexian Samurai,W,1,0,0,W,"Plainscycling,Landcycling,Typecycling,Cycling",4,244,3.0,4.0,0,0,0,0,1,14185.0,9456.0,1,1,1,0,1,13,0.07,0.17,0,Konstantin Porubov,2015
be2ef728-a2c7-45ee-8594-372ed135b482,Astral Wingspan,mom,March of the Machine,expansion,2023-04-21,uncommon,5.0,Enchantment,Enchantment — Aura,U,1,0,0,U,"Enchant,Convoke",2,247,0.0,0.0,0,0,0,0,1,14023.0,,1,1,1,0,1,11,0.07,0.15,0,Joseph Weston,2015
67da5ad8-4de2-4bd4-8b95-f2657e1fdee5,Barrow Naughty,woe,Wilds of Eldraine,expansion,2023-09-08,common,2.0,Creature,Creature — Faerie,B,1,0,0,B,Flying,1,124,1.0,3.0,0,0,0,0,1,16268.0,9937.0,1,1,1,1,1,16,0.07,0.11,0,Matt Forsyth,2015
b1269ccf-febf-42b0-8c20-21ccb731a3ec,Cackling Slasher,dsk,Duskmourn: House of Horror,expansion,2024-09-27,common,4.0,Creature,Creature — Human Assassin,B,1,0,0,B,Deathtouch,1,88,3.0,3.0,0,0,0,0,1,19425.0,,1,1,1,1,1,17,0.07,0.07,0,Johann Bodin,2015
259045fe-f349-4be1-bf29-465d084ed35e,Fear of Lost Teeth,dsk,Duskmourn: House of Horror,expansion,2024-09-27,common,1.0,Creature,Enchantment Creature — Nightmare,B,1,0,0,B,,0,77,1.0,1.0,0,0,0,0,1,10615.0,1958.0,1,1,1,1,1,18,0.07,0.1,0,Oriana Menendez,2015
178bc8b2-ffa0-4549-aead-aacb3db3cf19,Calamitous Tide,blb,Bloomburrow,expansion,2024-08-02,uncommon,6.0,Sorcery,Sorcery,U,1,0,0,U,,0,94,0.0,0.0,0,0,0,0,1,15086.0,,1,1,1,1,1,15,0.07,0.17,0,Samuele Bandini,2015
7cc4246b-ff59-44b2-acff-c0bb6e4cd6ac,Eye of Malcator,one,Phyrexia: All Will Be One,expansion,2023-02-10,common,3.0,Artifact,Artifact,U,1,0,0,U,Scry,1,280,0.0,0.0,0,0,0,0,1,22479.0,13582.0,1,1,1,0,1,13,0.07,0.1,0,Jonas De Ro,2015
39ebb84a-1c52-4b07-9bd0-b360523b3a5b,Agate-Blade Assassin,blb,Bloomburrow,expansion,2024-08-02,common,2.0,Creature,Creature — Lizard Assassin,B,1,0,0,B,,0,82,1.0,3.0,0,0,0,0,1,8604.0,,1,1,1,1,1,17,0.07,0.15,0,Hristo D. Chukov,2015
2c83600d-ea4d-4219-8dbb-34c4215a2005,Free from Flesh,one,Phyrexia: All Will Be One,expansion,2023-02-10,common,1.0,Instant,Instant,R,1,0,0,R,,0,73,0.0,0.0,0,0,0,0,1,17937.0,10559.0,1,1,1,0,1,13,0.07,0.05,0,Isis,2015
efd85f5a-258b-4ced-bf9e-3abe7fe72395,Frantic Firebolt,woe,Wilds of Eldraine,expansion,2023-09-08,common,3.0,Instant,Instant,R,1,0,0,R,,0,172,0.0,0.0,0,0,0,0,1,12430.0,,1,1,1,1,1,16,0.07,0.17,0,Olivier Bernard,2015
7616ad5e-ed30-4876-8743-6f0f9f143ea1,Cracked Skull,dsk,Duskmourn: House of Horror,expansion,2024-09-27,common,3.0,Enchantment,Enchantment — Aura,B,1,0,0,B,Enchant,1,193,0.0,0.0,0,0,0,0,1,13759.0,,1,1,1,1,1,18,0.07,0.16,0,Mirko Failoni,2015
86311523-d0eb-4db3-b586-8349de9c2d37,Howling Galefang,woe,Wilds of Eldraine,expansion,2023-09-08,uncommon,4.0,Creature,Creature — Beast,G,1,0,0,G,Vigilance,1,91,4.0,4.0,0,0,0,0,1,24229.0,9234.0,1,1,1,1,1,14,0.07,0.07,0,Néstor Ossandón Leal,2015
40ab763d-05ee-408d-aeba-eaf18c4f2e21,Herbology Instructor // Malady Invoker,mom,March of the Machine,expansion,2023-04-21,uncommon,2.0,Creature,Creature — Treefolk Druid // Creature — Phyrexian Treefolk,"B,G",2,1,0,"B,G",Transform,1,0,0.0,0.0,0,0,0,0,1,25163.0,10798.0,1,1,1,0,1,11,0.07,0.08,0,Sergey Glushakov,2015
9c9b8fbe-8a5e-4b62-b53f-9ead8147bbbb,Cult Healer,dsk,Duskmourn: House of Horror,expansion,2024-09-27,common,3.0,Creature,Creature — Human Doctor,W,1,0,0,W,Eerie,1,136,3.0,3.0,0,0,0,0,1,21114.0,,1,1,1,1,1,18,0.07,0.1,0,Diana Franco,2015
fa7bf089-fa9b-4ffc-bf84-45cd51c76463,Bridled Bighorn,otj,Outlaws of Thunder Junction,expansion,2024-04-19,common,4.0,Creature,Creature — Sheep Mount,W,1,0,0,W,"Saddle,Vigilance",2,253,3.0,4.0,0,0,0,0,1,16894.0,,1,1,1,1,1,17,0.07,0.1,0,Edgar Sánchez Hidalgo,2015
9f17e624-219a-4e76-bfe0-f49c9ddd4a6d,Inspired Charge,mom,March of the Machine,expansion,2023-04-21,common,4.0,Instant,Instant,W,1,0,0,W,,0,50,0.0,0.0,0,1,0,0,1,17887.0,15340.0,1,1,1,0,1,15,0.07,0.03,0,Vladimir Krisetskiy,2015
7e14dfd2-5805-46ef-bd19-dab7ac23fbce,Expedition Lookout,mom,March of the Machine,expansion,2023-04-21,common,2.0,Creature,Creature — Merfolk Rogue,U,1,0,0,U,Defender,1,159,2.0,3.0,0,0,0,0,1,23315.0,,1,1,1,0,1,14,0.07,0.08,0,Johan Grenier,2015
acc9b17c-4210-49f4-a920-b1dc9dfa950f,Diversion Specialist,dsk,Duskmourn: House of Horror,expansion,2024-09-27,uncommon,4.0,Creature,Creature — Human Warrior,R,1,0,0,R,Menace,1,183,4.0,3.0,0,0,0,0,1,22376.0,,1,1,1,1,1,15,0.07,0.07,0,Tuan Duong Chu,2015
2cae24c1-53f1-4f3f-8795-b634c46a17c4,Derelict Attic // Widow's Walk,dsk,Duskmourn: House of Horror,expansion,2024-09-27,common,7.0,Enchantment,Enchantment — Room // Enchantment — Room,B,1,0,0,B,,0,0,0.0,0.0,0,0,0,0,1,7985.0,10347.0,1,1,1,1,1,17,0.07,0.15,0,Marc Simonetti,2015
eb0680eb-ceca-44d9-9654-78ea2ccfce17,Enduring Bondwarden,mom,March of the Machine,expansion,2023-04-21,common,1.0,Creature,Creature — Human Scout,W,1,0,0,W,Backup,1,229,0.0,1.0,0,0,0,0,1,17030.0,7366.0,1,1,1,0,1,13,0.07,0.19,0,Kim Sokol,2015
b78fbaa3-c580-4290-9c28-b74169aab2fc,Fireglass Mentor,blb,Bloomburrow,expansion,2024-08-02,uncommon,2.0,Creature,Creature — Lizard Warlock,"B,R",2,1,0,"B,R",,0,183,2.0,1.0,0,0,0,0,1,9156.0,4979.0,1,1,1,1,1,15,0.07,0.18,0,Henry Peters,2015
dd4bcb42-f5cf-410d-8f20-1006b0f92abe,Evolved Spinoderm,one,Phyrexia: All Will Be One,expansion,2023-02-10,rare,4.0,Creature,Creature — Phyrexian Beast,G,1,0,0,G,,0,282,5.0,5.0,0,0,0,0,1,20459.0,9965.0,1,1,1,0,1,12,0.07,0.2,0,Svetlin Velinov,2015
5030e6ac-211d-4145-8c87-998a8351a467,Early Winter,blb,Bloomburrow,expansion,2024-08-02,common,5.0,Instant,Instant,B,1,0,0,B,,0,91,0.0,0.0,0,0,0,0,1,14638.0,,1,1,1,1,1,17,0.07,0.1,0,Andrew Mar,2015
b740a8a8-e1d3-4642-a214-03731c9b5553,Canyon Crab,otj,Outlaws of Thunder Junction,expansion,2024-04-19,uncommon,2.0,Creature,Creature — Crab,U,1,0,0,U,,0,174,0.0,5.0,0,0,0,0,1,14828.0,6784.0,1,1,1,1,1,14,0.07,0.22,0,Ignatius Budi,2015
eee24300-fff8-4405-9629-9f62b4a839ef,Cinderslash Ravager,one,Phyrexia: All Will Be One,expansion,2023-02-10,uncommon,6.0,Creature,Creature — Phyrexian Warrior,"G,R",2,1,0,"G,R",Vigilance,1,185,5.0,5.0,0,0,0,0,1,22871.0,12141.0,1,1,1,0,1,11,0.07,0.1,0,Wisnu Tan,2015
fddc6f47-202d-4764-abc1-ee453a8917c2,Charging Hooligan,woe,Wilds of Eldraine,expansion,2023-09-08,uncommon,4.0,Creature,Creature — Human Peasant,R,1,0,0,R,,0,162,3.0,3.0,0,0,0,0,0,25752.0,,1,1,1,1,1,14,0.07,0.17,0,Tomas Duchek,2015
c22aaaec-bad5-43e9-8e92-9c4bde95fcfd,Glistener Seer,one,Phyrexia: All Will Be One,expansion,2023-02-10,common,1.0,Creature,Creature — Phyrexian Advisor,U,1,0,0,U,Scry,1,183,0.0,3.0,0,0,0,0,1,18418.0,9223.0,1,1,1,0,1,13,0.07,0.08,0,Alix Branwyn,2015
b2ea10dd-21ea-4622-be27-79d03a802b85,Cindering Cutthroat,blb,Bloomburrow,expansion,2024-08-02,common,3.0,Creature,Creature — Lizard Assassin,"B,R",2,1,0,"B,R",,0,194,3.0,2.0,0,0,0,0,1,12090.0,,1,1,1,1,1,17,0.06,0.12,0,Wayne Reynolds,2015
d3871fe6-e26e-4ab4-bd81-7e3c7b8135c1,Alania's Pathmaker,blb,Bloomburrow,expansion,2024-08-02,common,4.0,Creature,Creature — Otter Wizard,R,1,0,0,R,,0,119,4.0,2.0,0,0,0,0,1,11730.0,,1,1,1,1,1,17,0.06,0.16,0,Jason Kang,2015
0cfd18a5-e06a-4cb5-b78e-de18ec641321,Feed the Cauldron,woe,Wilds of Eldraine,expansion,2023-09-08,common,3.0,Instant,Instant,B,1,0,0,B,Food,1,165,0.0,0.0,0,0,0,0,1,13355.0,8334.0,1,1,1,1,1,16,0.06,0.1,0,Marta Nael,2015
09a4dcdb-6939-4d9f-8921-549e0ddc9f63,Final Flourish,mom,March of the Machine,expansion,2023-04-21,common,2.0,Instant,Instant,B,1,0,0,B,Kicker,1,264,0.0,0.0,0,0,0,0,1,17662.0,16447.0,1,1,1,0,1,13,0.06,0.14,0,Raluca Marinescu,2015
1a8bb9c7-2c4b-48a1-806e-742addb72b4b,Freeze in Place,woe,Wilds of Eldraine,expansion,2023-09-08,common,2.0,Sorcery,Sorcery,U,1,0,0,U,Scry,1,171,0.0,0.0,0,0,0,0,1,8231.0,,1,1,1,1,1,16,0.06,0.15,0,Leanna Crossan,2015
2d142ded-a2df-41b0-9c02-056b5f34abab,Furnace Host Charger,mom,March of the Machine,expansion,2023-04-21,common,6.0,Creature,Creature — Phyrexian Giant,R,1,0,0,R,"Mountaincycling,Landcycling,Haste,Typecycling,Cycling",5,140,5.0,5.0,0,0,0,0,1,18561.0,2977.0,1,1,1,0,1,14,0.06,0.08,0,Andreas Zafiratos,2015
0ec44465-68d4-4dca-a313-7f2ab0ce2e63,Hexgold Slash,one,Phyrexia: All Will Be One,expansion,2023-02-10,common,1.0,Instant,Instant,R,1,0,0,R,,0,131,0.0,0.0,0,0,0,0,1,23680.0,,1,1,1,0,1,13,0.06,0.1,0,Eli Minaya,2015
1db79785-4f55-445f-93f2-14c6e4606fc5,Harried Spearguard,woe,Wilds of Eldraine,expansion,2023-09-08,common,1.0,Creature,Creature — Human Soldier,R,1,0,0,R,Haste,1,99,1.0,1.0,0,0,0,0,1,13586.0,2681.0,1,1,1,1,1,16,0.06,0.09,0,Borja Pindado,2015
445b3315-6587-4d57-ab7e-faab1eec0241,Furnace Gremlin,mom,March of the Machine,expansion,2023-04-21,uncommon,2.0,Creature,Creature — Phyrexian Gremlin,R,1,0,0,R,"Incubate,Transform",2,253,1.0,2.0,0,0,0,0,1,24601.0,,1,1,1,0,1,11,0.06,0.05,0,Tuan Duong Chu,2015
7f516ee6-8f7b-40b2-82e5-9c4ea3e0a355,Ichor Synthesizer,one,Phyrexia: All Will Be One,expansion,2023-02-10,common,2.0,Creature,Creature — Phyrexian Wizard,U,1,0,0,U,,0,173,1.0,3.0,0,0,0,0,1,21099.0,,1,1,1,0,1,13,0.06,0.08,0,Sam Wolfe Connelly,2015
4f5e95f8-c04d-405f-bba4-e83a8f6bf463,Gitaxian Raptor,one,Phyrexia: All Will Be One,expansion,2023-02-10,common,3.0,Creature,Creature — Phyrexian Bird,U,1,0,0,U,Flying,1,144,1.0,4.0,0,0,0,0,1,23890.0,,1,1,1,0,1,13,0.06,0.11,0,Maxime Minard,2015
8a973487-5def-4771-bb77-5748cbd2f469,Apostle of Invasion,one,Phyrexia: All Will Be One,expansion,2023-02-10,uncommon,6.0,Creature,Creature — Phyrexian Angel,W,1,0,0,W,"Flying,Corrupted",2,109,4.0,4.0,0,0,0,0,1,17622.0,,1,1,1,0,1,11,0.06,0.14,0,Marcela Bolívar,2015
209e9bbc-a15d-47fc-b149-6b0c57dd09ea,Break Down the Door,dsk,Duskmourn: House of Horror,expansion,2024-09-27,uncommon,3.0,Instant,Instant,G,1,0,0,G,"Manifest,Manifest dread",2,288,0.0,0.0,0,0,0,0,1,9973.0,6491.0,1,1,1,1,1,15,0.06,0.15,0,Ralph Horsley,2015
0cd92a83-cec3-4085-a929-3f204e3e0140,Blooming Blast,blb,Bloomburrow,expansion,2024-08-02,uncommon,2.0,Instant,Instant,R,1,0,0,R,"Gift,Treasure",2,362,0.0,0.0,0,0,0,0,1,14522.0,1093.0,1,1,1,1,1,15,0.06,0.14,0,Jakob Eirich,2015
5309354f-1ff4-4fa9-9141-01ea2f7588ab,Bakersbane Duo,blb,Bloomburrow,expansion,2024-08-02,common,2.0,Creature,Creature — Squirrel Raccoon,G,1,0,0,G,Food,1,195,2.0,2.0,0,0,0,0,1,9462.0,10311.0,1,1,1,1,1,17,0.06,0.16,0,Raluca Marinescu,2015
fe1ab8db-3994-4b6d-9eaf-75243a78b715,Glimmerburst,dsk,Duskmourn: House of Horror,expansion,2024-09-27,common,4.0,Instant,Instant,U,1,0,0,U,,0,70,0.0,0.0,0,0,0,0,1,9760.0,9222.0,1,1,1,1,1,18,0.06,0.19,0,Dan Watson,2015
ba9d9d26-0c76-4a09-aa25-b32854e70c0b,Bring the Ending,one,Phyrexia: All Will Be One,expansion,2023-02-10,common,2.0,Instant,Instant,U,1,0,0,U,Corrupted,1,144,0.0,0.0,0,0,0,0,1,9922.0,3275.0,1,1,1,0,1,13,0.06,0.19,0,L.A. Draws,2015
1071691c-5c65-42d4-ac96-d302185ca678,Glimmerlight,dsk,Duskmourn: House of Horror,expansion,2024-09-27,common,2.0,Artifact,Artifact — Equipment,C,0,0,1,,Equip,1,193,0.0,0.0,0,0,0,0,1,14893.0,,1,1,1,1,1,17,0.06,0.09,0,Wero Gallo,2015
77c72b5b-dd81-4eb4-80d9-a0124e27e1dc,Bedhead Beastie,dsk,Duskmourn: House of Horror,expansion,2024-09-27,common,6.0,Creature,Creature — Beast,R,1,0,0,R,"Mountaincycling,Landcycling,Menace,Typecycling,Cycling",5,207,5.0,6.0,0,0,0,0,1,16386.0,,1,1,1,1,1,18,0.06,0.07,0,David Auden Nash,2015
c2ed5079-07b4-4575-a2c8-5f0cbff888c3,Hoarder's Overflow,blb,Bloomburrow,expansion,2024-08-02,uncommon,2.0,Enchantment,Enchantment,R,1,0,0,R,,0,293,0.0,0.0,0,0,0,0,1,12207.0,,1,1,1,1,1,15,0.06,0.14,0,Andrea Radeck,2015
fc9374be-5e4b-4c23-8b6e-94c03d4f5ef1,Fear of Abduction,dsk,Duskmourn: House of Horror,expansion,2024-09-27,uncommon,6.0,Creature,Enchantment Creature — Nightmare,W,1,0,0,W,Flying,1,244,5.0,5.0,0,0,0,0,1,17932.0,4005.0,1,1,1,1,1,15,0.06,0.15,0,Fernando Falcone,2015
d7ab2de3-3aea-461a-a74f-fb742cf8a198,Driftgloom Coyote,blb,Bloomburrow,expansion,2024-08-02,uncommon,5.0,Creature,Creature — Elemental Coyote,W,1,0,0,W,,0,189,3.0,4.0,0,0,0,0,1,20226.0,,1,1,1,1,1,15,0.06,0.09,0,Betty Jiang,2015
cea2bb34-e328-44fb-918a-72208c9457e4,Daggerfang Duo,blb,Bloomburrow,expansion,2024-08-02,common,3.0,Creature,Creature — Rat Squirrel,B,1,0,0,B,"Mill,Deathtouch",2,130,3.0,2.0,0,0,0,0,1,9732.0,10344.0,1,1,1,1,1,17,0.06,0.19,0,Nereida,2015
4ef82b33-82ba-4521-846b-e651764ef46d,Dreg Recycler,mom,March of the Machine,expansion,2023-04-21,common,2.0,Creature,Creature — Phyrexian Beast,B,1,0,0,B,,0,87,2.0,2.0,0,0,0,0,1,14758.0,16332.0,1,1,1,0,1,14,0.06,0.14,0,Campbell White,2015
0e814e48-cd9d-428f-90e2-74d97cb9c8f1,Fear of Falling,dsk,Duskmourn: House of Horror,expansion,2024-09-27,uncommon,5.0,Creature,Enchantment Creature — Nightmare,U,1,0,0,U,Flying,1,130,4.0,4.0,0,0,0,0,1,18496.0,,1,1,1,1,1,15,0.06,0.11,0,Maxime Minard,2015
3d2d5a71-d6e1-4c96-9a53-0e370047a56e,Cursed Courtier,woe,Wilds of Eldraine,expansion,2023-09-08,uncommon,3.0,Creature,Creature — Human Noble,W,1,0,0,W,"Lifelink,Role token",2,107,3.0,3.0,0,0,0,0,1,24116.0,,1,1,1,1,1,14,0.06,0.14,0,Tuan Duong Chu,2015
8acb8758-09c5-4e19-ada1-904e36ece1fc,Cooped Up,woe,Wilds of Eldraine,expansion,2023-09-08,common,2.0,Enchantment,Enchantment — Aura,W,1,0,0,W,Enchant,1,92,0.0,0.0,0,0,0,0,1,12469.0,6363.0,1,1,1,1,1,16,0.06,0.14,0,Jodie Muir,2015
a74fd612-2890-4333-a379-5bf7650fbb87,Erratic Apparition,dsk,Duskmourn: House of Horror,expansion,2024-09-27,common,3.0,Creature,Creature — Spirit,U,1,0,0,U,"Flying,Vigilance,Eerie",3,150,1.0,3.0,0,0,0,0,1,21013.0,,1,1,1,1,1,17,0.06,0.08,0,Miranda Meeks,2015
66270dd2-9139-4329-9621-852962836688,Dross Skullbomb,one,Phyrexia: All Will Be One,expansion,2023-02-10,common,1.0,Artifact,Artifact,B,1,0,0,B,,0,178,0.0,0.0,0,0,0,0,1,11772.0,5948.0,1,1,1,0,1,13,0.06,0.08,0,Gaboleps,2015
00ac1759-d4cc-41d5-a9b7-a89b80d2190c,Give In to Violence,dsk,Duskmourn: House of Horror,expansion,2024-09-27,common,2.0,Instant,Instant,B,1,0,0,B,,0,64,0.0,0.0,0,0,0,0,1,13707.0,,1,1,1,1,1,17,0.06,0.11,0,Septian Fajrianto,2015
1c671eab-d1ef-4d79-94eb-8b85f0d18699,Finch Formation,blb,Bloomburrow,expansion,2024-08-02,common,3.0,Creature,Creature — Bird Scout,U,1,0,0,U,"Flying,Offspring",2,232,2.0,2.0,0,0,0,0,1,18065.0,,1,1,1,1,1,17,0.06,0.1,0,Rhonda Libbey,2015
8700eb8d-1cc0-45ff-b769-c875ee6500ea,Fear of the Dark,dsk,Duskmourn: House of Horror,expansion,2024-09-27,common,5.0,Creature,Enchantment Creature — Nightmare,B,1,0,0,B,,0,207,5.0,5.0,0,0,0,0,1,12419.0,12202.0,1,1,1,1,1,18,0.06,0.19,0,Sam Wolfe Connelly,2015
62bbe11b-e959-4080-98ac-09bd57519c00,Failed Fording,otj,Outlaws of Thunder Junction,expansion,2024-04-19,common,2.0,Instant,Instant,U,1,0,0,U,Surveil,1,164,0.0,0.0,0,0,0,0,1,19891.0,,1,1,1,1,1,17,0.06,0.03,0,José Parodi,2015
7956ae00-8f0c-48f0-8110-19ff53863876,Betrayer's Bargain,dsk,Duskmourn: House of Horror,expansion,2024-09-27,uncommon,2.0,Instant,Instant,R,1,0,0,R,,0,199,0.0,0.0,0,0,0,0,1,17452.0,,1,1,1,1,1,15,0.06,0.12,0,Billy Christian,2015
fe32f667-8d9f-4414-913e-256cbc2fbc45,Glassworks // Shattered Yard,dsk,Duskmourn: House of Horror,expansion,2024-09-27,common,8.0,Enchantment,Enchantment — Room // Enchantment — Room,R,1,0,0,R,,0,0,0.0,0.0,0,0,0,0,1,8828.0,7305.0,1,1,1,1,1,17,0.06,0.24,0,Sergey Glushakov,2015
61972ddb-3421-4f22-a47a-89cea944dd02,Bonded Herdbeast // Plated Kilnbeast,mom,March of the Machine,expansion,2023-04-21,common,5.0,Creature,Creature — Beast // Creature — Phyrexian Beast,"G,R",2,1,0,"G,R","Transform,Menace",2,0,0.0,0.0,0,0,0,0,1,24988.0,,1,1,1,0,1,14,0.05,0.07,0,Jokubas Uogintas,2015
7fddcd48-3efe-4b56-9d69-9659b3dc6021,Grasping Longneck,dsk,Duskmourn: House of Horror,expansion,2024-09-27,common,3.0,Creature,Enchantment Creature — Horror,G,1,0,0,G,Reach,1,47,4.0,2.0,0,0,0,0,1,18067.0,,1,1,1,1,1,17,0.05,0.07,0,Mathias Kollros,2015
6afc250a-854d-4555-ba78-db9283fa7c22,Cathartic Parting,dsk,Duskmourn: House of Horror,expansion,2024-09-27,uncommon,2.0,Sorcery,Sorcery,G,1,0,0,G,,0,175,0.0,0.0,0,0,0,0,1,14364.0,12951.0,1,1,1,1,1,15,0.05,0.15,0,Miranda Meeks,2015
8ea4d40a-7657-4ff8-9fc2-915b99432275,Cut In,woe,Wilds of Eldraine,expansion,2023-09-08,common,4.0,Sorcery,Sorcery,R,1,0,0,R,Role token,1,308,0.0,0.0,0,0,0,0,1,24054.0,,1,1,1,1,1,17,0.05,0.05,0,Irina Nordsol,2015
a0a5e716-68c1-4fa0-aa08-5b08114e08d8,Fear of Being Hunted,dsk,Duskmourn: House of Horror,expansion,2024-09-27,uncommon,3.0,Creature,Enchantment Creature — Nightmare,R,1,0,0,R,Haste,1,44,4.0,2.0,0,0,0,0,1,16140.0,,1,1,1,1,1,15,0.05,0.15,0,Maxime Minard,2015
ee2b4c1a-e058-4e06-bc46-e250fd9c9b54,Cautious Survivor,dsk,Duskmourn: House of Horror,expansion,2024-09-27,common,4.0,Creature,Creature — Elf Survivor,G,1,0,0,G,Survival,1,99,4.0,4.0,0,0,0,0,1,18728.0,,1,1,1,1,1,18,0.05,0.08,0,Jodie Muir,2015
358c18b7-5321-4793-b54a-e48e39548b9c,Failed Conversion,mom,March of the Machine,expansion,2023-04-21,common,5.0,Enchantment,Enchantment — Aura,B,1,0,0,B,"Surveil,Enchant",2,231,0.0,0.0,0,0,0,0,1,24102.0,,1,1,1,0,1,14,0.05,0.05,0,Jodie Muir,2015
9220c8fa-6ef7-4bc1-acb9-fc54cc43e498,Fear of Immobility,dsk,Duskmourn: House of Horror,expansion,2024-09-27,common,5.0,Creature,Enchantment Creature — Nightmare,W,1,0,0,W,,0,210,4.0,4.0,0,0,0,0,1,16672.0,11005.0,1,1,1,1,1,18,0.05,0.13,0,Martin de Diego Sádaba,2015
0fd86fbf-eac2-456b-b4bb-437ff9be9b58,Ichor Shade,mom,March of the Machine,expansion,2023-04-21,common,3.0,Creature,Creature — Phyrexian Shade,B,1,0,0,B,,0,156,2.0,3.0,0,0,0,0,1,21237.0,,1,1,1,0,1,14,0.05,0.18,0,Nicholas Gregory,2015
820c2932-2e23-4f67-92d0-a630aec6f1b4,Cryptid Inspector,dsk,Duskmourn: House of Horror,expansion,2024-09-27,common,3.0,Creature,Creature — Elf Warrior,G,1,0,0,G,Vigilance,1,176,2.0,3.0,0,0,0,0,1,16822.0,,1,1,1,1,1,17,0.05,0.09,0,Kim Sokol,2015
7ad59368-1335-4d8e-a254-ccd889933e57,Creeping Peeper,dsk,Duskmourn: House of Horror,expansion,2024-09-27,common,2.0,Creature,Creature — Eye,U,1,0,0,U,,0,108,2.0,1.0,0,0,0,0,1,15171.0,,1,1,1,1,1,17,0.05,0.07,0,Maxime Minard,2015
d498cd5d-5807-4297-bc8a-c0941f2f5ce2,Coordinated Clobbering,dsk,Duskmourn: House of Horror,expansion,2024-09-27,uncommon,1.0,Sorcery,Sorcery,G,1,0,0,G,,0,137,0.0,0.0,0,0,0,0,1,13135.0,6718.0,1,1,1,1,1,15,0.05,0.11,0,Fajareka Setiawan,2015
237f0b93-f12e-4c5f-a3d7-83e8f20f8493,Clammy Prowler,dsk,Duskmourn: House of Horror,expansion,2024-09-27,common,4.0,Creature,Enchantment Creature — Horror,U,1,0,0,U,,0,93,2.0,5.0,0,0,0,0,1,11532.0,,1,1,1,1,1,17,0.05,0.13,0,John Tedrick,2015
e72a38b9-29aa-4804-ab27-4c40321f0bc3,Daggermaw Megalodon,dsk,Duskmourn: House of Horror,expansion,2024-09-27,common,6.0,Creature,Creature — Shark,U,1,0,0,U,"Islandcycling,Vigilance,Landcycling,Typecycling,Cycling",5,141,5.0,7.0,0,0,0,0,1,13469.0,8707.0,1,1,1,1,1,17,0.05,0.12,0,Helge C. Balzer,2015
327772f3-5a87-47af-9308-c1119ad2711d,Defiant Survivor,dsk,Duskmourn: House of Horror,expansion,2024-09-27,uncommon,3.0,Creature,Creature — Human Survivor,G,1,0,0,G,"Manifest,Survival,Manifest dread",3,303,3.0,2.0,0,0,0,0,1,16156.0,6720.0,1,1,1,1,1,15,0.05,0.13,0,Jessica Fong,2015
7dd9946b-515e-4e0d-9da2-711e126e9fa6,Agate Assault,blb,Bloomburrow,expansion,2024-08-02,common,3.0,Sorcery,Sorcery,R,1,0,0,R,,0,144,0.0,0.0,0,0,0,0,1,9441.0,14055.0,1,1,1,1,1,17,0.05,0.11,0,Slawomir Maniak,2015
51216ab0-9806-4faa-afbd-143e95dc255b,Anthropede,dsk,Duskmourn: House of Horror,expansion,2024-09-27,common,4.0,Creature,Creature — Insect,G,1,0,0,G,Reach,1,101,3.0,4.0,0,0,0,0,1,24592.0,,1,1,1,1,1,18,0.05,0.03,0,Loïc Canavaggia,2015
56444440-a9e6-4583-a289-9f0571a98093,Duelist of Deep Faith,one,Phyrexia: All Will Be One,expansion,2023-02-10,common,2.0,Creature,Creature — Phyrexian Soldier,W,1,0,0,W,Toxic,1,131,2.0,2.0,0,0,0,0,1,13629.0,,1,1,1,0,1,13,0.05,0.11,0,Marcela Bolívar,2015
2a534918-a009-4f7d-87c9-5ef600b6e7c2,House Cartographer,dsk,Duskmourn: House of Horror,expansion,2024-09-27,uncommon,2.0,Creature,Creature — Human Scout Survivor,G,1,0,0,G,Survival,1,245,2.0,2.0,0,0,0,0,1,12674.0,10383.0,1,1,1,1,1,15,0.05,0.17,0,Kai Carpenter,2015
6e98559d-d9fd-4bdf-8df9-389eee756a3a,Fear of Surveillance,dsk,Duskmourn: House of Horror,expansion,2024-09-27,common,2.0,Creature,Enchantment Creature — Nightmare,W,1,0,0,W,"Surveil,Vigilance",2,128,2.0,2.0,0,0,0,0,1,13515.0,,1,1,1,1,1,17,0.05,0.15,0,Jana Heidersdorf,2015
94edbbc5-5673-4753-bfad-4432c4b7dca4,Innocuous Rat,dsk,Duskmourn: House of Horror,expansion,2024-09-27,common,2.0,Creature,Creature — Rat,B,1,0,0,B,"Manifest,Manifest dread",2,245,1.0,1.0,0,0,0,0,1,11636.0,1322.0,1,1,1,1,1,17,0.05,0.2,0,Maxime Minard,2015
5479ac50-8335-4c6a-be99-750a44e24f25,Growing Dread,dsk,Duskmourn: House of Horror,expansion,2024-09-27,uncommon,2.0,Enchantment,Enchantment,"G,U",2,1,0,"G,U","Manifest,Manifest dread,Flash",3,322,0.0,0.0,0,0,0,0,1,10583.0,2705.0,1,1,1,1,1,15,0.05,0.12,0,Maxime Minard,2015
b0a45d4d-d16a-43c6-843c-916d4629aae1,Cut Short,mom,March of the Machine,expansion,2023-04-21,common,3.0,Instant,Instant,W,1,0,0,W,Convoke,1,225,0.0,0.0,0,0,0,0,1,12625.0,8609.0,1,1,1,0,1,13,0.05,0.11,0,Tran Nguyen,2015
2731e181-f59c-446c-bb86-8f93bfbb10e9,Burning Sun's Fury,mom,March of the Machine,expansion,2023-04-21,common,2.0,Instant,Instant,R,1,0,0,R,Convoke,1,224,0.0,0.0,0,0,0,0,1,19456.0,8400.0,1,1,1,0,1,13,0.05,0.11,0,Slawomir Maniak,2015
12054e10-46d6-4581-a7e5-ff277cb0e229,Hardened Escort,dsk,Duskmourn: House of Horror,expansion,2024-09-27,common,3.0,Creature,Creature — Human Soldier,W,1,0,0,W,,0,180,2.0,4.0,0,0,0,0,1,14934.0,13640.0,1,1,1,1,1,18,0.05,0.1,0,John Stanko,2015
ef10b2ad-9b9b-4c5d-a2c7-3ce742224b50,Blacksnag Buzzard,otj,Outlaws of Thunder Junction,expansion,2024-04-19,common,3.0,Creature,Creature — Bird,B,1,0,0,B,"Flying,Plot",2,244,2.0,1.0,0,0,0,0,1,23017.0,,1,1,1,1,1,17,0.05,0.11,0,Michele Giorgi,2015
83d89bd5-95cc-41fc-aea2-2dde52231919,Attentive Skywarden,mom,March of the Machine,expansion,2023-04-21,common,3.0,Creature,Creature — Phyrexian Kor,W,1,0,0,W,"Flying,Transform",2,128,2.0,2.0,0,0,0,0,1,13077.0,,1,1,1,0,1,13,0.05,0.11,0,Jodie Muir,2015
c20fa7ee-a4c2-4eb0-9467-195f3b894fa0,Bashful Beastie,dsk,Duskmourn: House of Horror,expansion,2024-09-27,common,5.0,Creature,Creature — Beast,G,1,0,0,G,"Manifest,Manifest dread",2,245,5.0,4.0,0,0,0,0,1,21134.0,,1,1,1,1,1,18,0.04,0.08,0,Aaron Miller,2015
994f4473-dfc9-45cd-8528-945db3aa6a9a,Charmed Clothier,woe,Wilds of Eldraine,expansion,2023-09-08,common,5.0,Creature,Creature — Faerie Advisor,W,1,0,0,W,"Flying,Role token",2,226,3.0,3.0,0,0,0,0,1,23049.0,,1,1,1,1,1,16,0.04,0.08,0,Winona Nelson,2015
faf226fa-ca09-4468-8804-87b2a7de2c66,Bonebind Orator,blb,Bloomburrow,expansion,2024-08-02,common,2.0,Creature,Creature — Squirrel Warlock Bard,B,1,0,0,B,,0,114,2.0,2.0,0,0,0,0,1,11585.0,8495.0,1,1,1,1,1,17,0.04,0.24,0,Tuan Duong Chu,2015
8278069a-bd92-40ee-b7d5-e740dddb00fa,Arachnoid Adaptation,mom,March of the Machine,expansion,2023-04-21,common,1.0,Instant,Instant,G,1,0,0,G,,0,71,0.0,0.0,0,0,0,0,1,12032.0,6621.0,1,1,1,0,1,13,0.04,0.18,0,Isis,2015
6658398a-46a5-4f41-9b1b-4a47f2822cf8,Belligerent of the Ball,woe,Wilds of Eldraine,expansion,2023-09-08,uncommon,3.0,Creature,Creature — Ogre Warrior,R,1,0,0,R,Celebration,1,272,3.0,3.0,0,0,0,0,1,25194.0,,1,1,1,1,1,15,0.04,0.06,0,Pascal Quidault,2015
8b2f3c52-8d6a-411a-aa62-cbb08a144351,Golden-Scale Aeronaut,mom,March of the Machine,expansion,2023-04-21,common,5.0,Creature,Creature — Dwarf Pilot,W,1,0,0,W,"Flying,Backup",2,162,2.0,3.0,0,0,0,0,1,25877.0,,1,1,1,0,1,14,0.04,0.03,0,Javier Charro,2015
43c9005c-0574-4b75-8dbf-0a6641c3ae33,Ambulatory Edifice,one,Phyrexia: All Will Be One,expansion,2023-02-10,uncommon,3.0,Creature,Artifact Creature — Phyrexian Construct,B,1,0,0,B,,0,105,3.0,2.0,0,0,0,0,1,25365.0,,1,1,1,0,1,11,0.04,0.06,0,Ariel Perez,2015
5668699d-8df8-426b-a04a-99cfe55e570b,Chimney Rabble,one,Phyrexia: All Will Be One,expansion,2023-02-10,common,4.0,Creature,Creature — Phyrexian Goblin Warrior,R,1,0,0,R,Haste,1,82,3.0,3.0,0,0,0,0,1,16280.0,,1,1,1,0,1,13,0.04,0.09,0,Alexander Mokhov,2015
4a63d530-27c3-4cd7-ac37-c62b5a1afbc1,Disturbing Conversion,mom,March of the Machine,expansion,2023-04-21,common,2.0,Enchantment,Enchantment — Aura,U,1,0,0,U,"Enchant,Flash,Mill",3,167,0.0,0.0,0,0,0,0,1,20824.0,9484.0,1,1,1,0,1,13,0.04,0.12,0,Anna Mitura-Laskowska,2015
4b041949-6fb6-40a6-9329-f209be537219,Armory Mice,woe,Wilds of Eldraine,expansion,2023-09-08,common,2.0,Creature,Creature — Mouse,W,1,0,0,W,Celebration,1,134,3.0,1.0,0,0,0,0,1,16817.0,,1,1,1,1,1,16,0.04,0.1,0,Chris Seaman,2015
a35248f9-9a4e-4758-a4c1-0e0c83e3fd75,Impossible Inferno,dsk,Duskmourn: House of Horror,expansion,2024-09-27,common,5.0,Instant,Instant,R,1,0,0,R,Delirium,1,217,0.0,0.0,0,0,0,0,1,19396.0,,1,1,1,1,1,17,0.04,0.04,0,Edgar Sánchez Hidalgo,2015
dad34ae5-56b4-4394-be02-e043dc1cc23d,Aetherblade Agent // Gitaxian Mindstinger,mom,March of the Machine,expansion,2023-04-21,common,2.0,Creature,Creature — Human Rogue // Creature — Phyrexian Rogue,"B,U",2,1,0,"B,U","Transform,Deathtouch",2,0,0.0,0.0,0,0,0,0,1,19071.0,5217.0,1,1,1,0,1,14,0.04,0.1,0,Alexander Mokhov,2015
674bbd6d-e329-42cf-963d-88d1ce8fe51e,Frilled Sparkshooter,blb,Bloomburrow,expansion,2024-08-02,common,4.0,Creature,Creature — Lizard Archer,R,1,0,0,R,"Reach,Menace",2,97,3.0,3.0,0,0,0,0,1,13186.0,,1,1,1,1,1,17,0.04,0.1,0,Danny Schwartz,2015
2a0acb05-91e0-4f7c-b48b-99e1068fad16,Fanatic of the Harrowing,dsk,Duskmourn: House of Horror,expansion,2024-09-27,common,4.0,Creature,Creature — Human Cleric,B,1,0,0,B,,0,102,2.0,2.0,0,0,0,0,1,14183.0,,1,1,1,1,1,17,0.04,0.13,0,Fajareka Setiawan,2015
b3890961-d636-4ccc-9c42-2088a8531c9b,Cutthroat Centurion,one,Phyrexia: All Will Be One,expansion,2023-02-10,common,3.0,Creature,Artifact Creature — Phyrexian Warrior,B,1,0,0,B,,0,113,2.0,2.0,0,0,0,0,1,21791.0,,1,1,1,0,1,13,0.04,0.12,0,Ariel Perez,2015
d16b3cf3-7b85-4153-b25a-e6b5fce725cf,Appendage Amalgam,dsk,Duskmourn: House of Horror,expansion,2024-09-27,common,3.0,Creature,Enchantment Creature — Horror,B,1,0,0,B,"Surveil,Flash",2,124,3.0,2.0,0,0,0,0,1,13620.0,,1,1,1,1,1,18,0.04,0.19,0,Bartek Fedyczak,2015
73b359bf-afd8-439d-a4d2-985db1ad368c,Discerning Peddler,otj,Outlaws of Thunder Junction,expansion,2024-04-19,common,2.0,Creature,Creature — Human Rogue,R,1,0,0,R,,0,74,2.0,2.0,0,0,0,0,1,17259.0,11532.0,1,1,1,1,1,17,0.04,0.04,0,Josu Hernaiz,2015
3ba16fbf-2d44-4337-87cb-6ff6b84a258a,Emerge from the Cocoon,dsk,Duskmourn: House of Horror,expansion,2024-09-27,common,5.0,Sorcery,Sorcery,W,1,0,0,W,,0,84,0.0,0.0,0,0,0,0,1,11752.0,,1,1,1,1,1,17,0.04,0.11,0,Marta Nael,2015
89148458-1fd6-48ef-a2d9-7b434c9723ec,Curse of the Werefox,woe,Wilds of Eldraine,expansion,2023-09-08,common,3.0,Sorcery,Sorcery,G,1,0,0,G,"Role token,Fight",2,337,0.0,0.0,0,0,0,0,1,15755.0,,1,1,1,1,1,16,0.04,0.1,0,Andrew Mar,2015
646d604f-b187-4122-bd4b-67634654b6f1,Diminisher Witch,woe,Wilds of Eldraine,expansion,2023-09-08,common,3.0,Creature,Creature — Human Warlock,U,1,0,0,U,"Role token,Bargain",2,308,3.0,2.0,0,0,0,0,1,25205.0,14240.0,1,1,1,1,1,17,0.04,0.12,0,Fariba Khamseh,2015
a4ec5544-c138-44bb-a807-5798313c9a50,Hamlet Glutton,woe,Wilds of Eldraine,expansion,2023-09-08,common,7.0,Creature,Creature — Giant,G,1,0,0,G,"Trample,Bargain",2,191,6.0,6.0,0,0,0,0,1,22150.0,,1,1,1,1,1,16,0.03,0.07,0,Edgar Sánchez Hidalgo,2015
a28ecd59-9166-473c-bafc-cb3c54c21388,Bespoke Battlegarb,woe,Wilds of Eldraine,expansion,2023-09-08,common,2.0,Artifact,Artifact — Equipment,R,1,0,0,R,"Celebration,Equip",2,317,0.0,0.0,0,0,0,0,1,19815.0,14113.0,1,1,1,1,1,17,0.03,0.05,0,Nino Vecia,2015
b3cf4c4f-bda6-454c-991d-429c0dca0e85,Incisor Glider,one,Phyrexia: All Will Be One,expansion,2023-02-10,common,2.0,Creature,Artifact Creature — Phyrexian Construct,W,1,0,0,W,"Flying,Corrupted",2,151,1.0,3.0,0,0,0,0,1,18725.0,,1,1,1,0,1,14,0.03,0.08,0,Joe Slucher,2015
d6e75228-16af-42b0-8441-ed253a660cc9,Grand Ball Guest,woe,Wilds of Eldraine,expansion,2023-09-08,common,2.0,Creature,Creature — Human Peasant,R,1,0,0,R,Celebration,1,150,2.0,2.0,0,0,0,0,1,27058.0,,1,1,1,1,1,17,0.03,0.03,0,Leanna Crossan,2015
70b2cdc5-35b9-443d-b499-c8b75c0d0a64,Gnottvold Hermit // Chrome Host Hulk,mom,March of the Machine,expansion,2023-04-21,uncommon,4.0,Creature,Creature — Troll // Creature — Phyrexian Troll,"G,U",2,1,0,"G,U",Transform,1,0,0.0,0.0,0,0,0,0,1,27979.0,,1,1,1,0,1,11,0.03,0.06,0,Artur Nakhodkin,2015
05864d3a-d8bb-4ddf-b721-883632050cb1,Collective Nightmare,mom,March of the Machine,expansion,2023-04-21,uncommon,3.0,Instant,Instant,B,1,0,0,B,Convoke,1,194,0.0,0.0,0,0,0,0,1,22248.0,,1,1,1,0,1,11,0.03,0.11,0,Rovina Cai,2015
1a68009c-83cd-455f-81e9-bdd720d23a43,Boilerbilges Ripper,dsk,Duskmourn: House of Horror,expansion,2024-09-27,common,5.0,Creature,Creature — Human Assassin,R,1,0,0,R,,0,134,4.0,4.0,0,0,0,0,1,20576.0,,1,1,1,1,1,18,0.03,0.05,0,Kai Carpenter,2015
297c2860-5a68-4a18-a23a-ca5cfdfbcac8,Hand That Feeds,dsk,Duskmourn: House of Horror,expansion,2024-09-27,common,2.0,Creature,Creature — Mutant,R,1,0,0,R,Delirium,1,217,2.0,2.0,0,0,0,0,1,22696.0,,1,1,1,1,1,17,0.03,0.07,0,Loïc Canavaggia,2015
98c55aff-baed-4fb5-a490-abd59b8df5e7,Furtive Analyst,mom,March of the Machine,expansion,2023-04-21,common,3.0,Creature,Creature — Human Wizard,U,1,0,0,U,Vigilance,1,53,1.0,4.0,0,0,0,0,1,25791.0,,1,1,1,0,1,14,0.03,0.04,0,Marcela Bolívar,2015
7311ade8-eb75-40f8-b018-668762aa3b77,Consuming Aetherborn,mom,March of the Machine,expansion,2023-04-21,common,4.0,Creature,Creature — Aetherborn Vampire,B,1,0,0,B,"Lifelink,Backup",2,164,2.0,2.0,0,0,0,0,1,22165.0,,1,1,1,0,1,14,0.03,0.12,0,Aldo Domínguez,2015
1d96dbc9-c2fd-42c1-9d55-5c14fa1c1c6f,Duskmourn's Domination,dsk,Duskmourn: House of Horror,expansion,2024-09-27,uncommon,6.0,Enchantment,Enchantment — Aura,U,1,0,0,U,Enchant,1,103,0.0,0.0,0,0,0,0,1,22440.0,,1,1,1,1,1,15,0.03,0.1,0,Eli Minaya,2015
2f373dd6-2412-453c-85ba-10230dfe473a,Conduct Electricity,blb,Bloomburrow,expansion,2024-08-02,common,5.0,Instant,Instant,R,1,0,0,R,,0,102,0.0,0.0,0,0,0,0,1,14726.0,,1,1,1,1,1,17,0.03,0.08,0,Chris Seaman,2015
6f1a7590-3eee-4803-b192-d4fb771e6a86,Acrobatic Cheerleader,dsk,Duskmourn: House of Horror,expansion,2024-09-27,common,2.0,Creature,Creature — Human Survivor,W,1,0,0,W,Survival,1,143,2.0,2.0,0,0,0,0,1,21904.0,,1,1,1,1,1,18,0.03,0.08,0,Julia Metzger,2015
48bfc6af-c651-485e-a1cc-f9d00aeaf812,Djinn of Fool's Fall,otj,Outlaws of Thunder Junction,expansion,2024-04-19,common,5.0,Creature,Creature — Djinn,U,1,0,0,U,"Flying,Plot",2,166,4.0,3.0,0,0,0,0,1,22324.0,,1,1,1,1,1,17,0.03,0.06,0,Inkognit,2015
93bb4abc-5af1-4cf5-919b-244b6a36f8ec,Fear of Exposure,dsk,Duskmourn: House of Horror,expansion,2024-09-27,uncommon,3.0,Creature,Enchantment Creature — Nightmare,G,1,0,0,G,Trample,1,102,5.0,4.0,0,0,0,0,1,16657.0,,1,1,1,1,1,15,0.03,0.12,0,Josu Hernaiz,2015
b12eb087-762e-4e7d-a6e0-f48df603b7c7,Found Footage,dsk,Duskmourn: House of Horror,expansion,2024-09-27,common,1.0,Artifact,Artifact — Clue,C,0,0,1,,Surveil,1,284,0.0,0.0,0,0,0,0,1,18015.0,9665.0,1,1,1,1,1,17,0.02,0.04,0,Jarel Threat,2015
73e92389-4bd2-492e-b4d6-d7cb6baedc41,Harried Artisan // Phyrexian Skyflayer,mom,March of the Machine,expansion,2023-04-21,uncommon,3.0,Creature,Creature — Human Artificer // Creature — Phyrexian Artificer,"R,W",2,1,0,"R,W","Flying,Transform,Haste",3,0,0.0,0.0,0,0,0,0,1,27458.0,,1,1,1,0,1,11,0.02,0.03,0,Caio Monteiro,2015
92762169-095e-46e2-82f6-5b2ff2232240,Freestrider Commando,otj,Outlaws of Thunder Junction,expansion,2024-04-19,common,3.0,Creature,Creature — Centaur Mercenary,G,1,0,0,G,Plot,1,261,3.0,3.0,0,0,0,0,1,19550.0,14324.0,1,1,1,1,1,17,0.02,0.08,0,Adrián Rodríguez Pérez,2015
f1931f22-974c-43ad-911e-684bf3f9995d,Dire Downdraft,blb,Bloomburrow,expansion,2024-08-02,common,4.0,Instant,Instant,U,1,0,0,U,,0,167,0.0,0.0,0,0,0,0,1,16064.0,,1,1,1,1,1,18,0.02,0.07,0,Martin Wittfooth,2015
44d42fdd-752a-45a8-a5f4-73470511fa78,"Aang, at the Crossroads // Aang, Destined Savior",ptla,Avatar: The Last Airbender Promos,promo,2025-11-21,rare,5.0,Creature,Legendary Creature — Human Avatar Ally // Legendary Creature — Avatar Ally,"G,U,W",3,1,0,"G,U,W","Flying,Transform,Earthbend",3,0,0.0,0.0,0,1,1,0,0,6115.0,1770.0,1,1,1,1,1,16,,9.82,0,Evan Shipard,2015
824bbcda-f9ef-4f32-a414-6af3ad7d3b3a,Aang's Iceberg,ptla,Avatar: The Last Airbender Promos,promo,2025-11-21,rare,3.0,Enchantment,Enchantment,W,1,0,0,W,"Flash,Waterbend,Scry",3,297,0.0,0.0,0,1,1,0,0,7705.0,204.0,1,1,1,1,1,16,,6.84,0,Matteo Bassini,2015
959cbe4c-ca7e-4343-8380-af70159deeb9,"Aang, Swift Savior // Aang and La, Ocean's Fury",ptla,Avatar: The Last Airbender Promos,promo,2025-11-21,rare,3.0,Creature,Legendary Creature — Human Avatar Ally // Legendary Creature — Avatar Spirit Ally,"U,W",2,1,0,"U,W","Flying,Reach,Airbend,Transform,Trample,Flash,Waterbend",7,0,0.0,0.0,0,1,1,0,0,4659.0,,1,1,1,1,1,15,,19.33,0,Tetsuko,2015
c9f1fc97-00c0-492b-a4a3-b179afc2f95d,Abaddon the Despoiler,40k,"Warhammer 40,000 Commander",commander,2022-10-07,mythic,5.0,Creature,Legendary Creature — Astartes Warrior,"B,R,U",3,1,0,"B,R,U","Mark of Chaos Ascendant,Trample",2,194,5.0,5.0,0,0,0,0,0,8378.0,,0,1,1,0,0,5,,10.98,0,Johan Grenier,2015
0b10ef54-368c-4841-ab5d-f2e8e1265c83,Abrupt Decay,wmc,World Magic Cup Qualifiers,promo,2016-06-18,rare,2.0,Instant,Instant,"B,G",2,1,0,"B,G",,0,90,0.0,0.0,0,1,1,0,0,685.0,119.0,1,1,1,0,1,11,,23.83,0,Seb McKinnon,2015
6663e103-3356-46d3-80a0-32e28d6dfc95,Absolute Virtue,pfin,Final Fantasy Promos,promo,2025-06-13,mythic,8.0,Creature,Legendary Creature — Avatar Warrior,"U,W",2,1,0,"U,W",Flying,1,180,8.0,8.0,0,1,1,0,0,6017.0,,1,1,1,1,1,15,,43.62,0,Toni Infante,2015
c605a09c-78f3-48e3-81f2-1d680af140d6,Abundant Growth,sld,Secret Lair Drop,box,2024-11-04,rare,1.0,Enchantment,Enchantment — Aura,G,1,0,0,G,Enchant,1,101,0.0,0.0,0,1,0,1,0,2434.0,636.0,1,1,1,0,0,8,,119.61,0,Ryan Yee,2015
a8aeaa6f-984a-4e8d-a934-547c95f0b482,Abyssal Harvester,fdn,Foundations,core,2024-11-15,rare,3.0,Creature,Creature — Demon Warlock,B,1,0,0,B,,0,221,3.0,2.0,0,0,0,1,0,3185.0,4870.0,1,1,1,1,1,16,,10.64,0,Aaron J. Riley,2015
37aa76c5-0391-496a-8f34-d966813fe4e5,Abyssal Horror,7ed,Seventh Edition,core,2001-04-11,rare,6.0,Creature,Creature — Horror,B,1,0,0,B,Flying,1,67,2.0,2.0,0,1,0,0,1,23676.0,15938.0,0,1,1,0,0,8,,20.87,0,Daren Bader,1997
8dcfb1fb-8e04-4312-9a06-ed3fc2e86c22,Abyssal Specter,7ed,Seventh Edition,core,2001-04-11,uncommon,4.0,Creature,Creature — Specter,B,1,0,0,B,Flying,1,84,2.0,3.0,0,1,0,0,1,16459.0,10083.0,1,1,1,0,0,9,,9.75,0,Michael Sutfin,1997
65a6cc57-6b6b-4e7e-8488-181c0999df60,Ace's Baseball Bat,who,Doctor Who,commander,2023-10-13,rare,2.0,Artifact,Legendary Artifact — Equipment,C,0,0,1,,Equip,1,171,0.0,0.0,0,0,0,0,0,11283.0,,0,1,1,0,0,5,,3.4,0,L J Koh,2015
dd34f1bc-1386-45a5-a229-a948bbe373c5,Acquired Mutation,pip,Fallout,commander,2024-03-08,uncommon,3.0,Enchantment,Enchantment — Aura,R,1,0,0,R,"Goad,Enchant",2,216,0.0,0.0,0,0,0,0,0,9459.0,,0,1,1,0,0,5,,11.77,0,Xavier Ribeiro,2015
6b0afe36-5da2-4411-82db-eb924096f2a4,Adorned Pouncer,phou,Hour of Devastation Promos,promo,2017-07-14,rare,2.0,Creature,Creature — Cat,W,1,0,0,W,"Double strike,Eternalize",2,204,1.0,1.0,0,1,1,1,0,6823.0,2996.0,1,1,1,0,1,12,,7.36,0,Kev Walker,2015
d7f3de2b-c0ec-4448-9a49-8f41732494b7,"Adric, Mathematical Genius",who,Doctor Who,commander,2023-10-13,rare,2.0,Creature,Legendary Creature — Human Artificer,U,1,0,0,U,"Ultimate Sacrifice,Doctor's companion",2,279,1.0,1.0,0,0,0,0,0,7684.0,,0,1,1,0,0,5,,3.41,0,Billy Christian,2015
dbf114d3-6e29-4143-8041-a01f1ab316e8,Adult Gold Dragon,pwcs,Planeswalker Championship Promos,promo,2022-04-01,rare,5.0,Creature,Creature — Dragon,"R,W",2,1,0,"R,W","Flying,Lifelink,Haste",3,23,4.0,3.0,0,1,1,0,0,11725.0,8691.0,1,1,1,0,1,12,,10.32,0,Kotakan,2015
9f642fd7-d892-4def-9d1b-be32f177cfae,"Aegar, the Freezing Flame",mul,Multiverse Legends,masterpiece,2023-04-21,uncommon,3.0,Creature,Legendary Creature — Giant Wizard,"R,U",2,1,0,"R,U",,0,167,3.0,3.0,0,1,0,0,0,11808.0,8914.0,1,1,1,0,1,11,,80.0,0,Richard Luong,2015
f7bac30c-1401-4a3b-90ae-4ae1709a214a,Aerith Gainsborough,pfin,Final Fantasy Promos,promo,2025-06-13,rare,3.0,Creature,Legendary Creature — Human Cleric,W,1,0,0,W,Lifelink,1,232,2.0,2.0,0,1,1,0,0,2654.0,4146.0,1,1,1,1,1,15,,21.87,0,Nakamura8,2015
aa1bd238-a9f5-4145-9668-eb49a3b4c2bf,"Aerith, Last Ancient",fic,Final Fantasy Commander,commander,2025-12-05,rare,4.0,Creature,Legendary Creature — Human Cleric Druid,"G,W",2,1,0,"G,W",Lifelink,1,228,3.0,5.0,0,1,0,1,0,6651.0,,0,1,1,0,0,9,,72.0,0,MiDQN,2015
6ce9b68f-e634-4191-a564-d16b8d6de0d4,Aether Channeler,sch,Store Championships,promo,2023-05-13,rare,3.0,Creature,Creature — Human Wizard,U,1,0,0,U,,0,171,2.0,1.0,0,1,1,1,0,1536.0,994.0,1,1,1,0,1,12,,4.25,0,Olivier Bernard,2015
7ff6b8fa-3546-415f-89f1-1176d22ad15e,Aether Flash,7ed,Seventh Edition,core,2001-04-11,uncommon,4.0,Enchantment,Enchantment,R,1,0,0,R,,0,66,0.0,0.0,0,1,0,0,1,11105.0,4277.0,0,1,1,0,0,7,,42.35,0,Wayne England,1997
3f92cfc3-7b87-4945-b7d6-b106c9d8bfed,Aetherworks Marvel,pkld,Kaladesh Promos,promo,2016-09-30,mythic,4.0,Artifact,Legendary Artifact,C,0,0,1,,,0,280,0.0,0.0,0,1,1,0,0,3248.0,4960.0,1,1,1,0,1,12,,7.8,0,James Paick,2015
371ff49d-a382-4ff0-8849-aac6bc674248,Agility Bobblehead,pip,Fallout,commander,2024-03-08,uncommon,3.0,Artifact,Artifact — Bobblehead,C,0,0,1,,,0,254,0.0,0.0,0,0,0,0,0,4908.0,,0,1,1,0,0,5,,20.4,0,Daarken,2015
792ece91-f760-45f3-9a4d-c0568bf34111,Agna Qel'a,ptla,Avatar: The Last Airbender Promos,promo,2025-11-21,rare,0.0,Land,Land,U,1,0,0,U,,0,117,0.0,0.0,0,1,1,0,0,3704.0,138.0,1,1,1,1,1,16,,4.2,0,Dom Lay,2015
54fc56fc-8c82-4d74-8119-5d260c691b36,Agonasaur Rex,dft,Aetherdrift,expansion,2025-02-14,rare,5.0,Creature,Creature — Dinosaur,G,1,0,0,G,"Trample,Cycling",2,209,8.0,8.0,0,0,0,0,0,4938.0,1677.0,1,1,1,1,1,16,,3.89,0,Lucas Graciano,2015
8c0c1ee9-5ebc-466d-a163-74d207ef8fd5,Agonizing Memories,7ed,Seventh Edition,core,2001-04-11,uncommon,4.0,Sorcery,Sorcery,B,1,0,0,B,,0,113,0.0,0.0,0,1,0,0,1,26684.0,14057.0,1,1,1,0,0,8,,4.29,0,Adam Rex,1997
1f9fd623-d45d-4c8a-b7e7-4c4ad1e80816,Airbender Ascension,ptla,Avatar: The Last Airbender Promos,promo,2025-11-21,rare,2.0,Enchantment,Enchantment,W,1,0,0,W,Airbend,1,345,0.0,0.0,0,1,1,0,0,3371.0,,1,1,1,1,1,15,,12.43,0,Shiren,2015
9004140e-0369-44ae-84eb-5208a7ef4ced,Air Elemental,7ed,Seventh Edition,core,2001-04-11,uncommon,5.0,Creature,Creature — Elemental,U,1,0,0,U,Flying,1,6,4.0,4.0,0,1,0,0,1,24165.0,14060.0,1,1,1,0,1,15,,4.25,0,Wayne England,1997
e2eb3bb2-0ba7-4632-9a74-f03b330c1ee3,"Ajani, Adversary of Tyrants",pm19,Core Set 2019 Promos,promo,2018-07-13,mythic,4.0,Planeswalker,Legendary Planeswalker — Ajani,W,1,0,0,W,,0,282,0.0,0.0,0,1,1,0,0,8090.0,3125.0,1,1,1,0,1,12,,10.49,0,Victor Adame Minguez,2015
345f7610-5b95-4d24-9ab0-e18d27ccabed,"Ajani, Caller of the Pride",fdn,Foundations,core,2024-11-15,mythic,3.0,Planeswalker,Legendary Planeswalker — Ajani,W,1,0,0,W,,0,195,0.0,0.0,0,1,0,1,0,4547.0,3294.0,1,1,1,1,1,16,,22.26,0,Victor Adame Minguez,2015
dba41e5f-66b8-4459-8a07-bbe893216f1e,"Ajani, Inspiring Leader",m20,Core Set 2020,core,2019-07-12,mythic,6.0,Planeswalker,Legendary Planeswalker — Ajani,W,1,0,0,W,,0,205,0.0,0.0,0,0,0,0,0,14947.0,14062.0,1,1,1,0,1,12,,7.15,0,Yongjae Choi,2015
5c8d3dfc-6e14-4e9b-a79f-986df2ab120e,"Ajani, the Greathearted",pwar,War of the Spark Promos,promo,2019-05-03,rare,4.0,Planeswalker,Legendary Planeswalker — Ajani,"G,W",2,1,0,"G,W",,0,173,0.0,0.0,0,1,1,0,0,3787.0,4039.0,1,1,1,0,1,12,,96.79,0,Miho Midorikawa,2015
e3b4faf6-ea41-433c-bc74-9523cc82d4ad,Ajani Unyielding,paer,Aether Revolt Promos,promo,2017-01-20,mythic,6.0,Planeswalker,Legendary Planeswalker — Ajani,"G,W",2,1,0,"G,W",,0,365,0.0,0.0,0,1,1,0,0,10102.0,3302.0,1,1,1,0,1,12,,6.08,0,Kieran Yanner,2015
791fdd9a-0ab6-4db9-84f9-859d2d862518,"Ajani, Valiant Protector",aer,Aether Revolt,expansion,2017-01-20,mythic,6.0,Planeswalker,Legendary Planeswalker — Ajani,"G,W",2,1,0,"G,W",,0,348,0.0,0.0,0,0,0,0,0,17277.0,,1,1,1,0,1,7,,3.22,0,Anna Steinbauer,2015
b4a22ecc-3a5c-44a1-bb52-bbeffa2dbf17,"Ajani, Wise Counselor",m19,Core Set 2019,core,2018-07-13,mythic,5.0,Planeswalker,Legendary Planeswalker — Ajani,W,1,0,0,W,,0,178,0.0,0.0,0,0,0,0,0,14245.0,,1,1,1,0,1,11,,7.85,0,Eric Deschamps,2015
3b951e0c-a4dd-4a20-87c6-eaa947e33aa4,"Akiri, Line-Slinger",c16,Commander 2016,commander,2016-11-11,rare,2.0,Creature,Legendary Creature — Kor Soldier Ally,"R,W",2,1,0,"R,W","Vigilance,First strike,Partner",3,131,0.0,3.0,0,0,0,0,0,9637.0,,0,1,1,0,0,5,,6.95,0,David Gaillet,2015
4f112edd-1d2f-45ad-aaeb-6c0934d24c1f,Akroma's Vengeance,v13,From the Vault: Twenty,from_the_vault,2013-08-23,mythic,6.0,Sorcery,Sorcery,W,1,0,0,W,Cycling,1,102,0.0,0.0,0,1,0,0,0,6032.0,1561.0,0,1,1,0,0,7,,6.15,0,Aleksi Briclot,2003
75da20cc-2737-4a03-a75c-ed4f7b63cf95,Aladdin's Ring,7ed,Seventh Edition,core,2001-04-11,rare,8.0,Artifact,Artifact,C,0,0,1,,,0,53,0.0,0.0,0,1,0,0,1,24357.0,14877.0,1,1,1,0,0,9,,27.46,0,Dave Dorman,1997
95daade6-f252-4b17-851c-221327710866,Albino Troll,f02,Friday Night Magic 2002,promo,2002-01-01,rare,2.0,Creature,Creature — Troll,G,1,0,0,G,Echo,1,196,3.0,3.0,0,1,1,0,0,29058.0,13421.0,0,1,1,0,0,7,,4.73,0,Paolo Parente,1997
d00d6fad-24c7-47dc-8feb-de58c8e51c33,"Alexios, Deimos of Kosmos",acr,Assassin's Creed,draft_innovation,2024-07-05,uncommon,4.0,Creature,Legendary Creature — Human Berserker,R,1,0,0,R,Trample,1,250,4.0,4.0,0,0,0,0,0,1294.0,,1,1,1,0,0,6,,,0,Bartek Fedyczak,2015
dfc831bf-be32-42e4-b266-285b685abf90,All-Seeing Arbiter,gdy,Game Day Promos,promo,2022-04-08,mythic,6.0,Creature,Creature — Avatar,U,1,0,0,U,Flying,1,262,5.0,4.0,0,1,1,1,0,10816.0,3220.0,1,1,1,0,1,12,,3.39,0,Nicholas Gregory,2015
b0970bd7-fdc4-4f81-81e8-20060446870d,Ally Encampment,pbfz,Battle for Zendikar Promos,promo,2015-10-02,rare,0.0,Land,Land,C,0,0,1,,,0,172,0.0,0.0,0,1,1,0,0,8015.0,2315.0,1,1,1,0,1,8,,10.39,0,Jonas De Ro,2015
483b3056-8ced-4ec1-9182-e7b8183f1939,Alms Collector,cmm,Commander Masters,masters,2023-08-04,rare,4.0,Creature,Creature — Cat Cleric,W,1,0,0,W,Flash,1,96,3.0,4.0,0,1,0,0,0,3961.0,,0,1,1,0,0,5,,,0,Bram Sels,2015
d25b966a-b1cb-470c-8722-d26825ab6025,Altered Ego,psoi,Shadows over Innistrad Promos,promo,2016-04-08,rare,4.0,Creature,Creature — Shapeshifter,"G,U",2,1,0,"G,U",,0,166,0.0,0.0,0,1,1,0,0,4795.0,3917.0,1,1,1,0,1,12,,4.53,0,Kev Walker,2015
0408be33-ad74-4e27-a722-e85302ba8055,Ambition's Cost,8ed,Eighth Edition,core,2003-07-28,uncommon,4.0,Sorcery,Sorcery,B,1,0,0,B,,0,41,0.0,0.0,0,1,0,0,1,3334.0,9615.0,1,1,1,0,0,11,,4.9,0,Junko Taguchi,2003
c3f6663e-3ac0-40da-a27f-90b25488881f,Aminatou's Augury,cmm,Commander Masters,masters,2023-08-04,rare,8.0,Sorcery,Sorcery,U,1,0,0,U,,0,243,0.0,0.0,0,1,0,0,0,2619.0,,0,1,1,0,0,5,,,0,Seb McKinnon,2015
75d4e080-f6a7-4be0-9191-306f55784bbe,Amoeboid Changeling,h09,Premium Deck Series: Slivers,premium_deck,2009-11-20,common,2.0,Creature,Creature — Shapeshifter,U,1,0,0,U,Changeling,1,176,1.0,1.0,0,1,0,0,0,4872.0,10302.0,1,1,1,0,0,9,,3.7,0,Nils Hamm,2003
72389187-ce0e-42b2-85f3-43a1308118be,Amphibian Downpour,pmh3,Modern Horizons 3 Promos,promo,2024-06-14,rare,3.0,Enchantment,Enchantment — Aura,U,1,0,0,U,"Storm,Enchant,Flash",3,272,0.0,0.0,0,1,1,0,0,1245.0,6659.0,1,1,1,0,0,11,,5.07,0,Omar Rayyan,2015
2dccffce-5ebd-4aaa-be05-1c6537d211f4,Anaconda,7ed,Seventh Edition,core,2001-04-11,uncommon,4.0,Creature,Creature — Snake,G,1,0,0,G,"Landwalk,Swampwalk",2,88,3.0,3.0,0,1,0,0,1,23689.0,,1,1,1,0,0,9,,5.4,0,John Gallagher,1997
262ebc87-fcf5-4893-8357-dcb985a9ba60,"Anafenza, Kin-Tree Spirit",mul,Multiverse Legends,masterpiece,2023-04-21,rare,2.0,Creature,Legendary Creature — Spirit Soldier,W,1,0,0,W,Bolster,1,169,2.0,2.0,0,1,0,0,0,5256.0,2765.0,1,1,1,0,1,12,,3.48,0,Domenico Cava,2015
a891b322-74e6-4a88-aa84-2d1cbe972e07,"Anafenza, the Foremost",pktk,Khans of Tarkir Promos,promo,2014-09-26,mythic,3.0,Creature,Legendary Creature — Human Soldier,"B,G,W",3,1,0,"B,G,W",,0,253,4.0,4.0,0,1,1,0,0,13422.0,2865.0,1,1,1,0,1,12,,4.0,0,James Ryman,2015
8f2aadfd-e35a-4a00-9d64-265b57526d05,"Anara, Wolvid Familiar",cmr,Commander Legends,draft_innovation,2020-11-20,uncommon,4.0,Creature,Legendary Creature — Wolf Beast,G,1,0,0,G,Partner,1,231,4.0,4.0,0,0,0,0,0,4066.0,,0,1,1,0,0,5,,,0,Jesper Ejsing,2015
b1373ef0-fbd9-4992-997d-b4147f6df5e7,Ancestral Mask,pmei,Media and Collaboration Promos,promo,2025-01-25,rare,3.0,Enchantment,Enchantment — Aura,G,1,0,0,G,Enchant,1,93,0.0,0.0,0,1,1,0,0,2089.0,,0,1,1,0,0,13,,14.43,0,Massimiliano Frezzato,2015
edfe6027-1e97-45b1-949b-73e6cf25bc82,Ancestral Memories,7ed,Seventh Edition,core,2001-04-11,rare,5.0,Sorcery,Sorcery,U,1,0,0,U,,0,109,0.0,0.0,0,1,0,0,1,20723.0,14885.0,0,1,1,0,0,8,,40.99,0,Rebecca Guay,1997
70ebbf7d-30b6-4d57-a168-3b35c54fa8db,Ancient Silverback,7ed,Seventh Edition,core,2001-04-11,rare,6.0,Creature,Creature — Ape,G,1,0,0,G,,0,156,6.0,5.0,0,1,0,0,1,12999.0,14887.0,1,1,1,0,1,10,,54.09,0,Scott M. Fischer,1997
a1996f78-6752-4c1c-b74f-ccd8e632a987,Angelic Field Marshal,plst,The List,masters,2023-08-10,rare,4.0,Creature,Creature — Angel,W,1,0,0,W,"Flying,Lieutenant",2,125,3.0,3.0,0,1,0,0,1,4325.0,,0,1,1,0,0,5,,3.12,0,Scott Murphy,2015
a610860b-cc2f-4f7e-99f4-481d15c7cd90,Angelic Page,7ed,Seventh Edition,core,2001-04-11,common,2.0,Creature,Creature — Angel Spirit,W,1,0,0,W,Flying,1,79,1.0,1.0,0,1,0,0,1,15778.0,14892.0,1,1,1,0,0,15,,4.73,0,Marc Fishman,1997
3a9af808-5739-4eec-b64d-c88aff13a193,Angelic Sleuth,pncc,New Capenna Commander Promos,promo,2022-04-29,rare,3.0,Creature,Creature — Angel Advisor,W,1,0,0,W,"Flying,Investigate",2,186,2.0,3.0,0,1,1,0,0,11933.0,,0,1,1,0,0,5,,8.74,0,Marc Simonetti,2015
93373139-0c5a-45e5-bfdc-74869d2a5eb6,Angel of Condemnation,phou,Hour of Devastation Promos,promo,2017-07-14,rare,4.0,Creature,Creature — Angel,W,1,0,0,W,"Flying,Vigilance",2,333,3.0,3.0,0,1,1,0,0,12264.0,5559.0,1,1,1,0,1,8,,3.51,0,Slawomir Maniak,2015
72afe4d6-7160-438e-b6bc-b8edc160f36c,Angel of Invention,pkld,Kaladesh Promos,promo,2016-09-30,mythic,5.0,Creature,Creature — Angel,W,1,0,0,W,"Flying,Lifelink,Vigilance,Fabricate",4,196,2.0,1.0,0,1,1,0,0,4129.0,4871.0,1,1,1,0,1,12,,16.42,0,Volkan Baǵa,2015
5c1f25bb-4e27-4e44-887a-f093dc14f861,Angel of Mercy,8ed,Eighth Edition,core,2003-07-28,uncommon,5.0,Creature,Creature — Angel,W,1,0,0,W,Flying,1,50,3.0,3.0,0,1,0,0,1,18858.0,15979.0,1,1,1,0,0,15,,5.13,0,Melissa A. Benson,2003
6a936293-84ea-4884-915d-7b540f51d508,"Angrath, Captain of Chaos",pwar,War of the Spark Promos,promo,2019-05-03,uncommon,4.0,Planeswalker,Legendary Planeswalker — Angrath,"B,R",2,1,0,"B,R",Amass,1,207,0.0,0.0,0,1,1,0,0,11148.0,5503.0,1,1,1,0,1,12,,11.96,0,Sansyu,2015
65a5a15c-e147-481f-92ec-a82b12b37f49,Angrath's Marauders,pxln,Ixalan Promos,promo,2017-09-29,rare,7.0,Creature,Creature — Human Pirate,R,1,0,0,R,,0,132,4.0,4.0,0,1,1,0,0,2447.0,10498.0,1,1,1,0,1,12,,8.53,0,Victor Adame Minguez,2015
8b796a56-1611-4835-ac5b-48b4e9263685,"Anikthea, Hand of Erebos",cmm,Commander Masters,masters,2023-08-04,mythic,5.0,Creature,Legendary Enchantment Creature — Demigod,"B,G,W",3,1,0,"B,G,W",Menace,1,281,4.0,4.0,0,0,0,0,0,4946.0,,0,1,1,0,0,5,,5.89,0,Magali Villeneuve,2015
3bf144d8-fc0e-4e21-87b9-4d32b545bead,Anrakyr the Traveller,40k,"Warhammer 40,000 Commander",commander,2022-10-07,rare,5.0,Creature,Legendary Artifact Creature — Necron,B,1,0,0,B,Lord of the Pyrrhian Legions,1,202,4.0,4.0,0,0,0,0,0,6514.0,,0,1,1,0,0,5,,7.13,0,L J Koh,2015
4065802f-6194-49e9-94f5-880392519562,Anthem of Champions,fdn,Foundations,core,2024-11-15,rare,2.0,Enchantment,Enchantment,"G,W",2,1,0,"G,W",,0,32,0.0,0.0,0,0,0,0,0,6932.0,6944.0,1,1,1,1,1,16,,5.46,0,Ryan Pancoast,2015
f7990ff3-ee4b-4ba9-b003-0e4bfa692826,Anticausal Vestige,peoe,Edge of Eternities Promos,promo,2025-08-01,rare,6.0,Creature,Creature — Eldrazi,C,0,0,1,,Warp,1,379,7.0,5.0,0,1,1,0,0,2659.0,998.0,1,1,1,1,1,15,,3.64,0,Chase Stone,2015
2b6d87d6-e89c-4b84-b1d0-2aad21cb1c47,An Unearthly Child,who,Doctor Who,commander,2023-10-13,rare,3.0,Enchantment,Enchantment — Saga,U,1,0,0,U,,0,317,0.0,0.0,0,0,0,0,0,13044.0,,0,1,1,0,0,5,,3.6,0,Kieran Yanner,2015
50603478-e427-4f81-93df-67da2ccea089,"Ao, the Dawn Sky",pneo,Kamigawa: Neon Dynasty Promos,promo,2022-02-18,mythic,5.0,Creature,Legendary Creature — Dragon Spirit,W,1,0,0,W,"Flying,Vigilance",2,350,5.0,4.0,0,1,1,0,0,4248.0,8393.0,1,1,1,0,1,12,,4.49,0,Chris Rahn,2015
e73d2598-9812-4e14-973f-f5b789330fce,Apex of Power,pm19,Core Set 2019 Promos,promo,2018-07-13,mythic,10.0,Sorcery,Sorcery,R,1,0,0,R,,0,168,0.0,0.0,0,1,1,0,0,4452.0,6207.0,1,1,1,0,1,12,,4.51,0,Svetlin Velinov,2015
cf0f7995-1817-46e9-93ba-6f10051d3865,"Apple of Eden, Isu Relic",acr,Assassin's Creed,draft_innovation,2024-07-05,mythic,4.0,Artifact,Legendary Artifact,C,0,0,1,,,0,397,0.0,0.0,0,0,0,0,0,10739.0,11462.0,1,1,1,0,0,7,,,0,L J Koh,2015
83f216cf-4b48-464f-ac65-655c1941f15a,"April O'Neil, Hacktivist",tmt,Teenage Mutant Ninja Turtles,expansion,2026-03-06,mythic,4.0,Creature,Legendary Creature — Human Scientist,U,1,0,0,U,,0,101,1.0,5.0,0,0,0,1,0,20056.0,,1,1,1,1,1,16,,8.21,0,Ryo Kamei,2015
e428acf5-056e-4212-8069-d2b2c095c9f9,"April O'Neil, Live on the Scene",tmc,Teenage Mutant Ninja Turtles Eternal,eternal,2026-03-06,mythic,2.0,Creature,Legendary Creature — Human Detective,U,1,0,0,U,"Investigate,Partner",2,180,2.0,1.0,0,0,0,1,0,12798.0,,0,1,1,0,0,9,,86.61,0,Kirokaze,2015
d7d4c97a-9319-4534-9a49-da000f41a02d,"Aragorn and Arwen, Wed",ltr,The Lord of the Rings: Tales of Middle-earth,draft_innovation,2023-06-23,mythic,6.0,Creature,Legendary Creature — Human Elf Noble,"G,W",2,1,0,"G,W",Vigilance,1,164,3.0,6.0,0,0,0,0,0,6627.0,7819.0,1,1,1,0,0,11,,9.88,0,Magali Villeneuve,2015
77dfb70e-42a5-44a0-977c-320bdb75e937,"Aragorn, Company Leader",ltr,The Lord of the Rings: Tales of Middle-earth,draft_innovation,2023-11-03,rare,3.0,Creature,Legendary Creature — Human Ranger,"G,W",2,1,0,"G,W","Vigilance,Deathtouch",2,324,3.0,3.0,0,1,0,0,0,10743.0,14900.0,1,1,1,0,0,11,,5.28,0,Andreas Rocha,2015
aaf5f1d4-f781-4db4-95d4-3e7395459169,"Aragorn, Hornburg Hero",ltc,Tales of Middle-earth Commander,commander,2023-11-03,mythic,4.0,Creature,Legendary Creature — Human Soldier,"G,R,W",3,1,0,"G,R,W",,0,318,4.0,4.0,0,0,0,1,0,6284.0,,0,1,1,0,0,5,,17.4,0,Jason Rainville,2015
81dc3d00-97cd-4549-b5a4-15a1e08767f5,"Arahbo, Roar of the World",c17,Commander 2017,commander,2017-08-25,mythic,5.0,Creature,Legendary Creature — Cat Avatar,"G,W",2,1,0,"G,W",Eminence,1,317,5.0,5.0,0,0,0,0,0,7765.0,,0,1,1,0,0,4,,29.84,0,Jesper Ejsing,2015
2507fddd-2dc0-45f0-ac47-1ddd8690be46,"Arahbo, the First Fang",fdn,Foundations,core,2024-11-15,rare,3.0,Creature,Legendary Creature — Cat Avatar,W,1,0,0,W,,0,132,2.0,2.0,0,0,0,1,0,4384.0,3432.0,1,1,1,1,1,16,,22.18,0,Chris Rahn,2015
d56d470e-471f-4f5e-95ce-145a465c2ce8,Arboreal Alliance,ltc,Tales of Middle-earth Commander,commander,2023-11-03,rare,2.0,Enchantment,Enchantment,G,1,0,0,G,Populate,1,192,0.0,0.0,0,0,0,1,0,11872.0,,0,1,1,0,0,5,,4.31,0,Alexander Mokhov,2015
783435f7-5fb1-49bb-98a3-b8da8f76ce25,Arcane Laboratory,7ed,Seventh Edition,core,2001-04-11,uncommon,3.0,Enchantment,Enchantment,U,1,0,0,U,,0,53,0.0,0.0,0,1,0,0,1,9581.0,855.0,0,1,1,0,0,7,,65.15,0,Brian Snõddy,1997
c3a0942b-3a63-43e8-806e-2471fdebf72e,Arcane Teachings,10e,Tenth Edition,core,2007-07-13,uncommon,3.0,Enchantment,Enchantment — Aura,R,1,0,0,R,Enchant,1,187,0.0,0.0,0,1,0,0,1,18658.0,15993.0,1,1,1,0,0,11,,5.18,0,Dan Dos Santos,2003
988c59ba-4027-4e78-a6e2-07714438b3a6,Arcbond,pfrf,Fate Reforged Promos,promo,2015-01-23,rare,3.0,Instant,Instant,R,1,0,0,R,,0,139,0.0,0.0,0,1,1,0,0,5351.0,11775.0,1,1,1,0,1,8,,4.85,0,Slawomir Maniak,2015
ffb4429d-ff97-46d9-8ae0-5382c8ce6594,Archetype of Endurance,plst,The List,masters,2020-03-13,uncommon,8.0,Creature,Enchantment Creature — Boar,G,1,0,0,G,,0,116,6.0,5.0,0,1,0,0,0,2838.0,5280.0,1,1,1,0,1,7,,5.34,0,Slawomir Maniak,2003
34a476f3-9506-44d5-a54d-b16322befed1,Archfiend of Ifnir,pakh,Amonkhet Promos,promo,2017-04-28,rare,5.0,Creature,Creature — Demon,B,1,0,0,B,"Flying,Cycling",2,162,5.0,4.0,0,1,1,0,0,1400.0,1766.0,1,1,1,0,1,12,,10.53,0,Seb McKinnon,2015
e400e92e-6cc0-4e96-95f2-10ac610f8203,Archivist,9ed,Ninth Edition,core,2005-07-29,rare,4.0,Creature,Creature — Human Wizard,U,1,0,0,U,,0,17,1.0,1.0,0,1,0,0,1,14299.0,14086.0,1,1,1,0,0,9,,4.29,0,Donato Giancola,2003
0073371f-a31c-4b1f-9926-53efa0aadda4,Archmage of Runes,pfdn,Foundations Promos,promo,2024-11-15,rare,5.0,Creature,Creature — Giant Wizard,U,1,0,0,U,,0,118,3.0,6.0,0,1,1,0,0,1142.0,,1,1,1,1,1,16,,3.42,0,Kai Carpenter,2015
f3483a15-6726-467a-94f3-01373aeb37a4,Archon of Emeria,pznr,Zendikar Rising Promos,promo,2020-09-25,rare,3.0,Creature,Creature — Archon,W,1,0,0,W,Flying,1,112,2.0,3.0,0,1,1,0,0,2021.0,,1,1,1,0,1,11,,5.1,0,Ryan Pancoast,2015
4a8ebe3d-e189-430f-9431-bab4863daf37,Archon of Sun's Grace,pthb,Theros Beyond Death Promos,promo,2020-01-24,rare,4.0,Creature,Creature — Archon,W,1,0,0,W,"Flying,Lifelink,Constellation",3,247,3.0,4.0,0,1,1,0,0,1164.0,2646.0,1,1,1,0,1,12,,4.16,0,Matt Stewart,2015
f4a13429-8741-478b-8b17-1a0d8a1a7d02,Arc Lightning,pal02,Arena League 2002,promo,2002-01-01,rare,3.0,Sorcery,Sorcery,R,1,0,0,R,,0,84,0.0,0.0,0,1,1,0,0,15828.0,7110.0,1,1,1,0,1,16,,11.68,0,Andrew Goldhawk,1997
69d7ea39-1c4e-4583-b655-bc09ea927ca6,Arclight Phoenix,rvr,Ravnica Remastered,masters,2024-01-12,rare,4.0,Creature,Creature — Phoenix,R,1,0,0,R,"Flying,Haste",2,178,3.0,2.0,0,1,0,0,1,18294.0,,1,1,1,0,1,11,,223.74,0,Slawomir Maniak,1997
ceb42fb7-1ac5-4923-bec8-2aa2d4dbefd5,Arden Angel,sld,Secret Lair Drop,box,2023-08-10,rare,6.0,Creature,Creature — Angel,W,1,0,0,W,Flying,1,178,4.0,4.0,0,0,0,0,0,18186.0,,0,1,1,0,0,5,,8.84,0,Greg Staples,2015
34b57b5e-134e-45a7-92d6-670d762d68b4,Ardent Militia,7ed,Seventh Edition,core,2001-04-11,uncommon,5.0,Creature,Creature — Human Soldier,W,1,0,0,W,Vigilance,1,9,2.0,5.0,0,1,0,0,1,29862.0,,1,1,1,0,0,11,,3.29,0,Paolo Parente,1997
47af882d-2036-4b66-bff0-31b7b8b89749,"Ardyn, the Usurper",pfin,Final Fantasy Promos,promo,2025-06-13,rare,8.0,Creature,Legendary Creature — Elder Human Noble,B,1,0,0,B,Starscourge,1,267,4.0,4.0,0,1,1,0,0,4388.0,1873.0,1,1,1,1,1,16,,6.95,0,Russell Lu,2015
13f4b6f3-736f-4f33-9d05-9bfd0b05b214,A Realm Reborn,fin,Final Fantasy,expansion,2025-12-05,rare,6.0,Enchantment,Enchantment,G,1,0,0,G,,0,67,0.0,0.0,0,1,0,0,0,8683.0,10082.0,1,1,1,1,1,16,,24.77,0,Susumu Kuroi,2015
79a840ed-91cf-45ea-bad2-757856e88544,"Argoth, Sanctum of Nature",pbro,The Brothers' War Promos,promo,2022-11-18,rare,0.0,Land,Land,G,1,0,0,G,Mill,1,228,0.0,0.0,0,1,1,0,0,3377.0,997.0,1,1,1,0,1,12,,6.56,0,Cristi Balanescu,2015
da0c7bc5-3e3e-49f2-b7df-b98da3fe00a1,"Arixmethes, Slumbering Isle",mul,Multiverse Legends,masterpiece,2023-04-21,rare,4.0,Creature,Legendary Creature — Kraken,"G,U",2,1,0,"G,U",,0,239,12.0,12.0,0,1,0,0,0,1958.0,8056.0,0,1,1,0,0,10,,,0,Dimitar Marinski,2015
6b6231e8-8eed-4bf8-acbe-9c006b119346,"Arlinn Kord // Arlinn, Embraced by the Moon",psoi,Shadows over Innistrad Promos,promo,2016-04-08,mythic,4.0,Planeswalker,Legendary Planeswalker — Arlinn // Legendary Planeswalker — Arlinn,"G,R",2,1,0,"G,R",Transform,1,0,0.0,0.0,0,1,1,0,0,8011.0,3491.0,1,1,1,0,1,12,,5.15,0,Winona Nelson,2015
8de4dd9b-46d5-4141-9a72-000d96698e74,"Arlinn, Voice of the Pack",pwar,War of the Spark Promos,promo,2019-05-03,uncommon,6.0,Planeswalker,Legendary Planeswalker — Arlinn,G,1,0,0,G,,0,144,0.0,0.0,0,1,1,0,0,12009.0,9781.0,1,1,1,0,1,12,,16.31,0,D-suzuki,2015
d3f3777a-16b4-4860-b67e-23a25e65df50,Armadillo Cloak,f06,Friday Night Magic 2006,promo,2006-01-01,rare,3.0,Enchantment,Enchantment — Aura,"G,W",2,1,0,"G,W",Enchant,1,130,0.0,0.0,0,1,1,0,0,5175.0,3085.0,0,1,1,0,0,9,,7.64,0,Paolo Parente,2003
c67a3942-25ad-4008-8913-682704f7c501,Armory Paladin,pip,Fallout,commander,2024-03-08,rare,3.0,Creature,Creature — Human Knight,"R,W",2,1,0,"R,W",Trample,1,145,3.0,3.0,0,0,0,0,0,7548.0,,0,1,1,0,0,5,,3.88,0,Javier Charro,2015
69b2b01e-68f7-48d5-aad6-31605765a3b1,"Arna Kennerüd, Skycaptain",mh3,Modern Horizons 3,draft_innovation,2024-06-14,mythic,5.0,Creature,Legendary Creature — Human Knight,"B,U,W",3,1,0,"B,U,W","Flying,Lifelink,Ward",3,259,4.0,4.0,0,0,0,0,0,6925.0,16001.0,1,1,1,0,0,11,,,0,Cristi Balanescu,2015
d3838810-446f-492b-995a-8e03b741e1a8,Artisan of Kozilek,f11,Friday Night Magic 2011,promo,2011-01-01,rare,9.0,Creature,Creature — Eldrazi,C,0,0,1,,Annihilator,1,209,10.0,9.0,0,1,1,0,0,1083.0,809.0,1,1,1,0,0,7,,7.21,0,Nils Hamm,2003
bf9d5d4f-3ad3-45d2-b826-b3c0ef24e234,Arvad the Cursed,pdom,Dominaria Promos,promo,2018-04-27,uncommon,5.0,Creature,Legendary Creature — Vampire Knight,"B,W",2,1,0,"B,W","Lifelink,Deathtouch",2,69,3.0,3.0,0,1,1,0,0,4739.0,3152.0,1,1,1,0,1,11,,4.76,0,Lius Lasahido,2015
cbb75573-3995-4abf-9b0b-8800d0d2bc9f,Ascendant Packleader,pvow,Innistrad: Crimson Vow Promos,promo,2021-11-19,rare,1.0,Creature,Creature — Wolf,G,1,0,0,G,,0,198,2.0,1.0,0,1,1,0,0,8517.0,4726.0,1,1,1,0,1,12,,8.1,0,Alessandra Pisano,2015
45444db1-25c2-46e0-ad57-dcab603efc04,Ascend from Avernus,pclb,Battle for Baldur's Gate Promos,promo,2022-06-10,rare,3.0,Sorcery,Sorcery,W,1,0,0,W,,0,135,0.0,0.0,0,1,1,0,0,2465.0,,0,1,1,0,0,9,,5.91,0,Bruce Brenneise,2015
494938cf-03a9-403a-bfd6-25ad9647b2e6,Ash Barrens,who,Doctor Who,commander,2023-10-13,uncommon,0.0,Land,Land,C,0,0,1,,"Landcycling,Basic landcycling,Typecycling,Cycling",4,152,0.0,0.0,0,1,0,0,0,188.0,,0,1,1,0,0,11,,3.24,0,Oliver Wetter,2015
4f961e5d-2fd6-4d13-90fa-b8da36ab3785,Ashen Rider,2x2,Double Masters 2022,masters,2022-07-08,rare,8.0,Creature,Creature — Archon,"B,W",2,1,0,"B,W",Flying,1,65,5.0,5.0,0,1,0,0,0,6319.0,1684.0,1,1,1,0,1,12,,,0,Chris Rahn,2015
8b3b0e93-b8ae-49b3-9ddb-c1b66313c535,Ashling the Pilgrim,cmm,Commander Masters,masters,2023-08-04,rare,2.0,Creature,Legendary Creature — Elemental Shaman,R,1,0,0,R,,0,206,1.0,1.0,0,1,0,0,0,10831.0,10091.0,1,1,1,0,0,8,,,0,Wayne Reynolds,2015
d1e3dcae-c1d5-46ba-8d0d-021968992d76,Ashroot Animist,fdn,Foundations,core,2024-11-15,rare,4.0,Creature,Creature — Lizard Druid,"G,R",2,1,0,"G,R",Trample,1,157,4.0,4.0,0,0,0,1,0,9591.0,10092.0,1,1,1,1,1,16,,5.5,0,Lie Setiawan,2015
9f0221f8-dddb-492a-8bef-a5c1db8cf459,Asmodeus the Archfiend,pafr,Adventures in the Forgotten Realms Promos,promo,2021-07-23,rare,6.0,Creature,Legendary Creature — Devil God,B,1,0,0,B,,0,221,6.0,6.0,0,1,1,0,0,6054.0,1773.0,1,1,1,0,1,12,,43.47,0,Aleksi Briclot,2015
bede0e73-35ae-42f2-af1d-db1a346743ad,Assassin Gauntlet,acr,Assassin's Creed,draft_innovation,2024-07-05,uncommon,3.0,Artifact,Artifact — Equipment,U,1,0,0,U,Equip,1,262,0.0,0.0,0,0,0,0,0,5196.0,,1,1,1,0,0,6,,,0,Paulius Daščioras,2015
2ba625b8-6331-4971-890f-b60bcb628c7b,Assault Suit,40k,"Warhammer 40,000 Commander",commander,2022-10-07,uncommon,4.0,Artifact,Artifact — Equipment,C,0,0,1,,Equip,1,265,0.0,0.0,0,1,0,0,0,4077.0,,0,1,1,0,0,5,,5.56,0,Games Workshop,2015
cb7b099b-9b0f-4897-8665-bc55e437a5eb,Astarion's Thirst,pclb,Battle for Baldur's Gate Promos,promo,2022-06-10,rare,4.0,Instant,Instant,B,1,0,0,B,,0,134,0.0,0.0,0,1,1,0,0,3445.0,,0,1,1,0,0,5,,10.05,0,Winona Nelson,2015
56d58edc-5c78-48b1-8d33-77e5a728f6bd,Astral Slide,f06,Friday Night Magic 2006,promo,2006-01-01,rare,3.0,Enchantment,Enchantment,W,1,0,0,W,,0,175,0.0,0.0,0,1,1,0,0,10780.0,2246.0,0,1,1,0,0,8,,5.77,0,Ron Spears,2003
a0f6e2d7-58b5-4a7d-8c42-e25185cd173f,Astrologian's Planisphere,fin,Final Fantasy,expansion,2025-06-13,rare,2.0,Artifact,Artifact — Equipment,U,1,0,0,U,"Job select,Equip",2,322,0.0,0.0,0,0,0,0,0,6036.0,,1,1,1,1,1,15,,5.02,0,Josephine Chang,2015
fa86ff7b-04c7-415a-835b-ae9886f172df,Atarka's Command,2x2,Double Masters 2022,masters,2022-07-08,rare,2.0,Instant,Instant,"G,R",2,1,0,"G,R",,0,239,0.0,0.0,0,1,0,0,0,6342.0,1169.0,1,1,1,0,1,11,,,0,Chris Rahn,2015
59bc3e18-ad64-4249-8956-8fdc158f4c65,"Atris, Oracle of Half-Truths",mul,Multiverse Legends,masterpiece,2023-04-21,rare,4.0,Creature,Legendary Creature — Human Advisor,"B,U",2,1,0,"B,U",Menace,1,210,3.0,2.0,0,1,0,1,0,11542.0,3590.0,1,1,1,0,1,12,,292.1,0,Jason A. Engle,2015
b3c5734c-b32f-419e-82e6-f8d45b7201b7,"Atsushi, the Blazing Sky",pw22,Wizards Play Network 2022,promo,2022-03-05,mythic,4.0,Creature,Legendary Creature — Dragon Spirit,R,1,0,0,R,"Flying,Treasure,Trample",3,181,4.0,4.0,0,1,1,0,0,1430.0,5736.0,1,1,1,0,1,12,,9.6,0,Victor Adame Minguez,2015
86c97d3c-420b-4050-b1e2-19eff7afa790,Attempted Murder,unf,Unfinity,funny,2022-10-07,uncommon,2.0,Sorcery,Sorcery,B,1,0,0,B,,0,198,0.0,0.0,0,0,0,0,0,7219.0,,0,1,1,0,0,5,,12.69,0,Greg Staples,2015
a248bb24-4e91-4f71-8dfb-d7b462903122,"Aurelia, Exemplar of Justice",rvr,Ravnica Remastered,masters,2024-01-12,mythic,4.0,Creature,Legendary Creature — Angel,"R,W",2,1,0,"R,W","Flying,Mentor",2,309,2.0,5.0,0,1,0,0,0,7997.0,5504.0,1,1,1,0,1,12,,330.0,0,Chris Rahn,1997
cb65939d-296d-4aac-8a51-bce8be01dbee,Aurelia's Fury,plst,The List,masters,2020-03-13,mythic,2.0,Instant,Instant,"R,W",2,1,0,"R,W",,0,192,0.0,0.0,0,1,0,0,0,7443.0,7179.0,1,1,1,0,1,12,,3.01,0,Tyler Jacobson,2003
a323f1d8-6a5f-4f5d-b143-9f20d424d124,"Aurelia, the Law Above",pmkm,Murders at Karlov Manor Promos,promo,2024-02-09,rare,5.0,Creature,Legendary Creature — Angel,"R,W",2,1,0,"R,W","Flying,Vigilance,Haste",3,222,4.0,4.0,0,1,1,0,0,1691.0,5065.0,1,1,1,1,1,15,,3.62,0,Lie Setiawan,2015
e6c861db-8107-4a0d-ab24-25e0c1d3576b,Avalanche Riders,pmei,Media and Collaboration Promos,promo,2023-09-14,rare,4.0,Creature,Creature — Human Nomad,R,1,0,0,R,"Haste,Echo",2,216,2.0,2.0,0,1,1,0,0,19616.0,1619.0,1,1,1,0,0,8,,4.45,0,Lake Hurwitz,2015
84fee355-2fa6-46ec-b13c-fed2df470df3,Avatar Destiny,ptla,Avatar: The Last Airbender Promos,promo,2025-11-21,rare,4.0,Enchantment,Enchantment — Aura,G,1,0,0,G,"Enchant,Mill",2,329,0.0,0.0,0,1,1,0,0,12410.0,8921.0,1,1,1,1,1,16,,5.43,0,Iwamoto05,2015
747f55e1-e1a6-4cef-8326-7c8722ffe1a0,Avatar of Hope,8ed,Eighth Edition,core,2003-07-28,rare,8.0,Creature,Creature — Avatar,W,1,0,0,W,Flying,1,118,4.0,9.0,0,1,0,0,1,24778.0,14920.0,1,1,1,0,0,9,,5.52,0,Mark Zug,2003
8d30838f-1bd5-4d9b-91cd-337494d08b69,Aven Courier,pncc,New Capenna Commander Promos,promo,2022-04-29,rare,2.0,Creature,Creature — Bird Advisor,U,1,0,0,U,Flying,1,191,1.0,1.0,0,1,1,0,0,7948.0,,0,1,1,0,0,5,,15.43,0,Lars Grant-West,2015
a0c70e81-d2a1-4093-81e2-43cb203cc507,Aven Mindcensor,pakh,Amonkhet Promos,promo,2017-04-28,rare,3.0,Creature,Creature — Bird Wizard,W,1,0,0,W,"Flying,Flash",2,116,2.0,1.0,0,1,1,0,0,1117.0,4429.0,1,1,1,0,1,13,,5.2,0,Eric Deschamps,2015
0777be5a-5585-4d40-8756-7c5f4da99e66,Axis of Mortality,pxln,Ixalan Promos,promo,2017-09-29,mythic,6.0,Enchantment,Enchantment,W,1,0,0,W,,0,86,0.0,0.0,0,1,1,0,0,11112.0,11470.0,1,1,1,0,1,12,,5.11,0,Bastien L. Deharme,2015
53aa3acf-aed9-4503-8b10-29661da4e307,Ayara's Oathsworn,mat,March of the Machine: The Aftermath,expansion,2023-05-12,rare,2.0,Creature,Creature — Human Knight,B,1,0,0,B,Menace,1,256,2.0,2.0,0,0,0,0,0,6751.0,3199.0,1,1,1,0,1,12,,3.6,0,Chris Seaman,2015
8815cb28-ed85-4f27-b37f-f1a024facf36,"Ayli, Eternal Pilgrim",pogw,Oath of the Gatewatch Promos,promo,2016-01-22,rare,2.0,Creature,Legendary Creature — Kor Cleric,"B,W",2,1,0,"B,W",Deathtouch,1,326,2.0,3.0,0,1,1,0,0,5406.0,2738.0,1,1,1,1,1,16,,8.45,0,Cynthia Sheppard,2015
9b20cbf0-0cfe-4adb-bbf5-31ff98cd8382,"Ayula, Queen Among Bears",pip,Fallout,commander,2024-03-08,rare,2.0,Creature,Legendary Creature — Bear,G,1,0,0,G,Fight,1,163,2.0,2.0,0,1,0,0,0,6157.0,7698.0,1,1,1,0,0,11,,8.9,0,Mark Poole,2015
cbe191c5-c019-4ee2-b3a4-dad4116d2bbb,"Azlask, the Swelling Scourge",m3c,Modern Horizons 3 Commander,commander,2024-06-14,mythic,3.0,Creature,Legendary Creature — Eldrazi,"B,G,R,U,W",5,1,0,"B,G,R,U,W",,0,304,2.0,2.0,0,0,0,1,0,5601.0,9783.0,0,1,1,0,0,9,,12.35,0,Cosmin Podar,2015
4d171fae-6c67-401d-84af-322cb300a078,Azor's Gateway // Sanctum of the Sun,prix,Rivals of Ixalan Promos,promo,2018-01-19,mythic,2.0,Artifact,Legendary Artifact // Legendary Land,C,0,0,1,,Transform,1,0,0.0,0.0,0,1,1,0,0,8273.0,5582.0,1,1,1,0,1,12,,7.33,0,Yeong-Hao Han,2015
201b527a-f6a1-47af-95d0-a15d6c0d3107,"Azor, the Lawbringer",prix,Rivals of Ixalan Promos,promo,2018-01-19,mythic,6.0,Creature,Legendary Creature — Sphinx,"U,W",2,1,0,"U,W",Flying,1,201,6.0,6.0,0,1,1,0,0,12987.0,7558.0,1,1,1,0,1,12,,4.2,0,Ryan Pancoast,2015
055c0b8c-0c9d-41ef-96a2-5d2bda7e162a,"Azula, Cunning Usurper",ptla,Avatar: The Last Airbender Promos,promo,2025-11-21,rare,5.0,Creature,Legendary Creature — Human Noble Rogue,"B,U",2,1,0,"B,U",Firebending,1,380,4.0,4.0,0,1,1,0,0,8079.0,,1,1,1,1,1,16,,8.95,0,Evyn Fong,2015
0d606c86-ea7a-49c8-9afb-778265063113,Backdraft Hellkite,2x2,Double Masters 2022,masters,2022-07-08,rare,5.0,Creature,Creature — Dragon,R,1,0,0,R,Flying,1,167,4.0,4.0,0,1,0,0,0,7742.0,10943.0,0,1,1,0,0,6,,,0,Rudy Siswanto,2015
ec983aac-9eda-4086-ad7e-34da9b2987cc,"Baeloth Barrityl, Entertainer",clb,Commander Legends: Battle for Baldur's Gate,draft_innovation,2022-06-10,mythic,5.0,Creature,Legendary Creature — Elf Shaman,R,1,0,0,R,"Goad,Choose a background,Treasure",3,323,2.0,5.0,0,0,0,0,0,4060.0,,0,1,1,0,0,5,,14.6,0,Joshua Raphael,2015
dd08f30d-6bb8-45b9-a79c-81ff9578803e,"Balamb Garden, SeeD Academy // Balamb Garden, Airborne",pfin,Final Fantasy Promos,promo,2025-06-13,rare,0.0,Artifact,Land — Town // Legendary Artifact — Vehicle,"G,U",2,1,0,"G,U","Flying,Transform,Crew",3,0,0.0,0.0,0,1,1,0,0,6989.0,8489.0,1,1,1,1,1,16,,10.07,0,Jonas De Ro,2015
81ed2bf7-23d1-47a2-90c8-ae00d596a392,"Balan, Wandering Knight",cmm,Commander Masters,masters,2023-08-04,rare,4.0,Creature,Legendary Creature — Cat Knight,W,1,0,0,W,First strike,1,140,3.0,3.0,0,1,0,0,0,6173.0,,0,1,1,0,0,5,,,0,Svetlin Velinov,2015
98531409-da0e-47cc-8727-5e0ca5734887,Balduvian Horde,pwor,World Championship Promos,promo,1999-08-04,rare,4.0,Creature,Creature — Human Barbarian,R,1,0,0,R,,0,76,5.0,5.0,0,1,1,0,0,27694.0,16027.0,0,1,1,0,0,10,,15.56,0,Brian Snõddy,1997
d8a8e3de-f953-4ce5-9864-03cfa9e902b0,Balefire Liege,2x2,Double Masters 2022,masters,2022-07-08,rare,5.0,Creature,Creature — Spirit Horror,"R,W",2,1,0,"R,W",,0,231,2.0,4.0,0,1,0,0,0,5564.0,9618.0,1,1,1,0,0,8,,,0,Ralph Horsley,2015
ab6954bc-4fbc-4cb9-9c4d-1f46b3fe0085,Balthier and Fran,fin,Final Fantasy,expansion,2025-06-13,rare,3.0,Creature,Legendary Creature — Human Rabbit,"G,R",2,1,0,"G,R",Reach,1,265,4.0,3.0,0,0,0,1,0,15411.0,11473.0,1,1,1,1,1,16,,17.23,0,S. Makimura,2015
33cffd0d-d20c-40aa-9b4b-a79c4963a9bf,Banishing Slash,pwcs,Planeswalker Championship Promos,promo,2022-09-22,uncommon,2.0,Sorcery,Sorcery,W,1,0,0,W,,0,177,0.0,0.0,0,1,1,0,0,11014.0,5249.0,1,1,1,0,1,11,,5.0,0,Ruiko Nakamura,2015
a4b683a3-15a9-42ce-8641-2df3a8eec44a,Bard Class,pafr,Adventures in the Forgotten Realms Promos,promo,2021-07-23,rare,2.0,Enchantment,Enchantment — Class,"G,R",2,1,0,"G,R",,0,389,0.0,0.0,0,1,1,0,0,7377.0,2866.0,1,1,1,0,1,12,,25.54,0,Andrew Mar,2015
b39a7df7-12b8-4537-9f17-25dfc6d2a5c6,"Barret, Avalanche Leader",fic,Final Fantasy Commander,commander,2025-12-05,rare,4.0,Creature,Legendary Creature — Human Rebel,"G,R",2,1,0,"G,R",Reach,1,215,4.0,4.0,0,1,0,1,0,8135.0,,0,1,1,0,0,9,,19.29,0,Dai-XT,2015
ea5b9fe8-2561-4176-adfd-3fb790250bbc,Barret Wallace,fin,Final Fantasy,expansion,2025-06-13,uncommon,4.0,Creature,Legendary Creature — Human Rebel,R,1,0,0,R,Reach,1,129,4.0,4.0,0,0,0,0,0,10745.0,,1,1,1,1,1,15,,3.19,0,Patrik Hell,2015
d4ac428e-8819-475b-b7cf-41083e0448b5,Bartz and Boko,pfin,Final Fantasy Promos,promo,2025-06-13,rare,5.0,Creature,Legendary Creature — Human Bird,G,1,0,0,G,Affinity,1,210,4.0,3.0,0,1,1,0,0,7553.0,7113.0,1,1,1,1,1,16,,4.31,0,Ryuichi Sakuma,2015
b2af0acb-4c2a-4f89-b509-c16504e24362,Basking Rootwalla,f07,Friday Night Magic 2007,promo,2007-01-01,rare,1.0,Creature,Creature — Lizard,G,1,0,0,G,Madness,1,217,1.0,1.0,0,1,1,0,0,15616.0,1895.0,0,1,1,0,0,9,,5.38,0,Heather Hudson,2003
caa14743-b3cd-4b8d-9a31-3da9550d1b4e,Bastion Protector,40k,"Warhammer 40,000 Commander",commander,2022-10-07,rare,3.0,Creature,Creature — Human Soldier,W,1,0,0,W,,0,66,3.0,3.0,0,1,0,0,0,975.0,,0,1,1,0,0,5,,7.98,0,Steve Argyle,2015
58a188c7-bfda-4fc0-83dd-f3e47433fefd,Battle of Wits,9ed,Ninth Edition,core,2005-07-29,rare,5.0,Enchantment,Enchantment,U,1,0,0,U,,0,97,0.0,0.0,0,1,0,0,1,23968.0,2549.0,1,1,1,0,0,9,,9.73,0,"Edward P. Beard, Jr.",2003
6ce47d81-1e45-408f-94ad-cac020ab1d08,Beastcaller Savant,pbfz,Battle for Zendikar Promos,promo,2015-10-02,rare,2.0,Creature,Creature — Elf Shaman Ally,G,1,0,0,G,Haste,1,84,1.0,1.0,0,1,1,0,0,4759.0,4402.0,1,1,1,0,1,8,,6.39,0,Anthony Palumbo,2015
f5a5371e-6881-41be-8ed2-718dcf0446fe,Beast of Burden,9ed,Ninth Edition,core,2005-07-29,rare,6.0,Creature,Artifact Creature — Golem,C,0,0,1,,,0,99,,,0,1,0,0,1,17198.0,14940.0,1,1,1,0,0,9,,11.38,0,Chippy,2003
b24c3e9c-2aff-45fd-9c87-3ebd33bbe807,A-Heartfire Hero,blb,Bloomburrow,expansion,2024-11-11,uncommon,1.0,Creature,Creature — Mouse Soldier,R,1,0,0,R,Valiant,1,222,0.0,1.0,0,0,0,0,0,,,0,0,0,0,0,3,,,0,Jakub Kasper,2015
8314ab56-ccd9-4877-9309-8ede898be837,"A-Kona, Rescue Beastie",dsk,Duskmourn: House of Horror,expansion,2026-02-09,rare,5.0,Creature,Legendary Creature — Beast Survivor,G,1,0,0,G,Survival,1,139,4.0,3.0,0,0,0,0,0,,,0,0,0,0,0,3,,,0,Brian Valeza,2015
053c829b-ab70-4e99-8062-a9d848adb66c,A-Leyline of Resonance,dsk,Duskmourn: House of Horror,expansion,2024-11-11,rare,4.0,Enchantment,Enchantment,R,1,0,0,R,,0,269,0.0,0.0,0,0,0,0,0,,,0,0,0,0,0,3,,,0,Sergey Glushakov,2015
390c96b3-68da-4a42-89ab-d9ccc79ce0dd,"Bria, Riptide Rogue",blb,Bloomburrow,expansion,2024-08-02,mythic,4.0,Creature,Legendary Creature — Otter Rogue,"R,U",2,1,0,"R,U",Prowess,1,306,3.0,3.0,0,0,0,0,0,2962.0,,1,1,1,1,1,15,,28.19,0,Borja Pindado,2015
6441abd3-320b-424a-9753-61e3581fe1a9,"Byrke, Long Ear of the Law",blb,Bloomburrow,expansion,2024-08-02,mythic,6.0,Creature,Legendary Creature — Rabbit Soldier,"G,W",2,1,0,"G,W",Vigilance,1,198,4.0,4.0,0,0,0,0,0,5774.0,,1,1,1,1,1,15,,5.76,0,Manuel Castañón,2015
d09586ac-90c1-4358-ba89-fe0b8b5fa606,The Ozolith,piko,Ikoria: Lair of Behemoths Promos,promo,2020-04-24,rare,1.0,Artifact,Legendary Artifact,C,0,0,1,,,0,257,0.0,0.0,0,1,1,0,0,306.0,1231.0,1,1,1,0,1,12,,60.21,0,Sam Burley,2015
2a2f63b7-c33c-41d0-9c8f-7bddd1821f15,"Boseiju, Who Endures",pneo,Kamigawa: Neon Dynasty Promos,promo,2022-02-18,rare,0.0,Land,Legendary Land,G,1,0,0,G,Channel,1,328,0.0,0.0,0,1,1,0,0,77.0,,1,1,1,0,1,11,,46.91,0,Chris Ostrowski,2015
b648cc94-7880-456b-82ea-859746d52397,Solitude,pmh2,Modern Horizons 2 Promos,promo,2021-05-06,mythic,5.0,Creature,Creature — Elemental Incarnation,W,1,0,0,W,"Lifelink,Evoke,Flash",3,179,3.0,2.0,0,1,1,0,0,1944.0,,1,1,1,0,0,9,,33.29,0,Evan Shipard,2015
83afa8cc-fce4-4f96-9536-a9be5a2338cd,Sliver Legion,sld,Secret Lair Drop,box,2025-08-18,mythic,5.0,Creature,Legendary Creature — Sliver,"B,G,R,U,W",5,1,0,"B,G,R,U,W",,0,72,7.0,7.0,0,1,0,1,0,4579.0,7945.0,1,1,1,0,0,8,,30.6,0,Igor Krstic,2015
c0e8c371-d9ae-40e7-9d99-b38bcc0c3500,Mithril Coat,pltr,Tales of Middle-earth Promos,promo,2023-06-23,rare,3.0,Artifact,Legendary Artifact — Equipment,C,0,0,1,,"Indestructible,Equip,Flash",3,146,0.0,0.0,0,0,1,0,0,240.0,6730.0,1,1,1,0,0,11,,29.16,0,Igor Krstic,2015
6003e1e8-13d5-4f17-bbd4-ee05a6c4b30d,Stoneforge Mystic,pgpx,Grand Prix Promos,promo,2016-01-01,rare,2.0,Creature,Creature — Kor Artificer,W,1,0,0,W,,0,205,1.0,2.0,0,1,1,0,0,1128.0,,1,1,1,0,0,11,,27.14,0,Johannes Voss,2015
24b23aef-6aca-4316-b904-76d4d1070e95,The First Sliver,pf25,MagicFest 2025,promo,2025-02-03,mythic,5.0,Creature,Legendary Creature — Sliver,"B,G,R,U,W",5,1,0,"B,G,R,U,W",Cascade,1,261,7.0,7.0,0,1,1,0,0,4053.0,6991.0,1,1,1,0,0,11,,25.57,0,Svetlin Velinov,future
9ee1eea2-961f-445d-b035-6baed454f289,"Tezzeret, Master of the Bridge",war,War of the Spark,expansion,2019-05-03,mythic,6.0,Planeswalker,Legendary Planeswalker — Tezzeret,"B,U",2,1,0,"B,U",,0,413,0.0,0.0,0,0,1,0,0,3089.0,6168.0,1,1,1,0,1,12,,24.3,0,Chase Stone,2015
e5250db5-6dfc-46ef-a6f7-198a3e0594cc,Tezzeret the Seeker,ddf,Duel Decks: Elspeth vs. Tezzeret,duel_deck,2010-09-03,mythic,5.0,Planeswalker,Legendary Planeswalker — Tezzeret,U,1,0,0,U,,0,257,0.0,0.0,0,1,0,0,0,1590.0,5791.0,1,1,1,0,0,8,,22.06,0,Igor Kieryluk,2003
b2a0121b-214e-456f-b4d6-077e60bf7683,"Heliod, Sun-Crowned",pthb,Theros Beyond Death Promos,promo,2020-01-24,mythic,3.0,Creature,Legendary Enchantment Creature — God,W,1,0,0,W,Indestructible,1,249,5.0,5.0,0,1,1,0,0,992.0,,1,1,1,0,1,11,,20.46,0,Lius Lasahido,2015
3e2689f7-b075-4e64-b2a6-d7b26f1be908,Trinisphere,sld,Secret Lair Drop,box,2024-04-08,mythic,3.0,Artifact,Artifact,C,0,0,1,,,0,285,0.0,0.0,0,1,0,1,0,4869.0,,1,1,1,0,0,6,,20.25,0,AKQA,2015
45524a5f-253e-4fd7-a359-be6df50c0f53,Norin the Wary,plst,The List,masters,2020-03-13,rare,1.0,Creature,Legendary Creature — Human Warrior,R,1,0,0,R,,0,157,2.0,1.0,0,1,0,0,0,5011.0,4970.0,1,1,1,0,0,8,,18.22,0,Heather Hudson,2003
72ddbbac-9914-44ff-b4d4-60989031744e,"Sheoldred, Whispering One",pnph,New Phyrexia Promos,promo,2011-05-12,mythic,7.0,Creature,Legendary Creature — Phyrexian Praetor,B,1,0,0,B,"Landwalk,Swampwalk",2,284,6.0,6.0,0,1,1,0,0,678.0,5241.0,1,1,1,0,0,12,,17.16,0,Jason Felix,2003
5bc29686-a89c-46e6-b32c-a70733aba389,Sword of Body and Mind,v10,From the Vault: Relics,from_the_vault,2010-08-27,mythic,3.0,Artifact,Artifact — Equipment,C,0,0,1,,"Equip,Mill",2,219,0.0,0.0,0,1,0,0,0,4034.0,4490.0,1,1,1,0,0,12,,16.88,0,Chris Rahn,2003
0e10e9f0-24fe-4d7c-b883-37319a9ef5b5,Tyvar the Bellicose,mat,March of the Machine: The Aftermath,expansion,2023-05-12,mythic,4.0,Creature,Legendary Creature — Elf Warrior,"B,G",2,1,0,"B,G",,0,301,5.0,4.0,0,0,0,0,0,6352.0,10693.0,1,1,1,0,1,12,,,0,Jarel Threat,2015
7f4ca98d-0884-4ae9-b109-4d2d10acda9a,Spara's Headquarters,psnc,Streets of New Capenna Promos,promo,2022-04-29,rare,0.0,Land,Land — Forest Plains Island,"G,U,W",3,1,0,"G,U,W",Cycling,1,104,0.0,0.0,0,1,1,0,0,381.0,,1,1,1,0,1,11,,14.26,0,Kieran Yanner,2015
b35b5b3f-3daa-4091-9de4-1e6a7da27a74,Sword of Hearth and Home,tmc,Teenage Mutant Ninja Turtles Eternal,eternal,2026-03-06,mythic,3.0,Artifact,Artifact — Equipment,C,0,0,1,,Equip,1,303,0.0,0.0,0,1,1,1,0,855.0,4691.0,1,1,1,0,0,11,,14.03,0,Raluca Marinescu,2015
85a9981b-f4f7-47ba-86b7-2358c1a28ff7,Xander's Lounge,psnc,Streets of New Capenna Promos,promo,2022-04-29,rare,0.0,Land,Land — Island Swamp Mountain,"B,R,U",3,1,0,"B,R,U",Cycling,1,104,0.0,0.0,0,1,1,0,0,454.0,,1,1,1,0,1,11,,12.79,0,James Paick,2015
4d2cbc2c-dbe3-4ecb-8fbe-785cb80b9e76,"Liliana, the Necromancer",m19,Core Set 2019,core,2018-07-13,mythic,5.0,Planeswalker,Legendary Planeswalker — Liliana,B,1,0,0,B,,0,223,0.0,0.0,0,0,0,0,0,15447.0,,1,1,1,0,1,11,,12.18,0,Livia Prima,2015
43e22330-3e02-4a01-a432-62b3d85a2060,Tribute to the World Tree,pmom,March of the Machine Promos,promo,2023-04-21,rare,3.0,Enchantment,Enchantment,G,1,0,0,G,,0,122,0.0,0.0,0,0,1,0,0,564.0,1458.0,1,1,1,0,1,12,,12.05,0,Kristina Carroll,2015
99ba2597-83b0-40d3-ac1a-dbc856e3223d,Ziatora's Proving Ground,psnc,Streets of New Capenna Promos,promo,2022-04-29,rare,0.0,Land,Land — Swamp Mountain Forest,"B,G,R",3,1,0,"B,G,R",Cycling,1,104,0.0,0.0,0,1,1,0,0,502.0,,1,1,1,0,1,11,,11.99,0,Viko Menezes,2015
a2257f28-0d42-4e83-a389-25efa1dc257b,Teferi's Puzzle Box,9ed,Ninth Edition,core,2005-07-29,rare,4.0,Artifact,Artifact,C,0,0,1,,,0,158,0.0,0.0,0,1,0,0,1,1895.0,5395.0,1,1,1,0,0,9,,11.64,0,Donato Giancola,2003
213d6fb8-5624-4804-b263-51f339482754,Lord Windgrace,c18,Commander 2018,commander,2018-08-10,mythic,5.0,Planeswalker,Legendary Planeswalker — Windgrace,"B,G,R",3,1,0,"B,G,R",,0,338,0.0,0.0,0,0,0,0,0,5765.0,,0,1,1,0,0,5,,12.1,0,Bram Sels,2015
bf20ea7b-e480-4b0e-b080-888f24d3c08d,"Sorin, Vampire Lord",m20,Core Set 2020,core,2019-07-12,mythic,6.0,Planeswalker,Legendary Planeswalker — Sorin,B,1,0,0,B,,0,210,0.0,0.0,0,0,0,0,0,18998.0,,1,1,1,0,1,12,,9.32,0,Chris Rallis,2015
a2ee3c3c-768b-434b-a121-6d897b2ae345,Mu Yanling,gs1,Global Series Jiang Yanggu & Mu Yanling,duel_deck,2018-06-22,mythic,6.0,Planeswalker,Legendary Planeswalker — Yanling,U,1,0,0,U,,0,153,0.0,0.0,0,0,0,0,0,14876.0,,0,1,1,0,0,5,,8.35,0,林玄泰,2015
0742f19d-179c-43c4-ab95-4160c56b4384,"Quintorius, History Chaser",soc,Secrets of Strixhaven Commander,commander,2026-04-24,mythic,4.0,Planeswalker,Legendary Planeswalker — Quintorius,"R,W",2,1,0,"R,W",Mill,1,297,0.0,0.0,0,0,0,1,0,19467.0,,0,0,0,0,0,0,,7.94,0,Darren Tan,2015
719438b8-7b66-4f13-a568-80202365cc1a,"Ugin, the Spirit Dragon",pf25,MagicFest 2025,promo,2025-05-19,mythic,8.0,Planeswalker,Legendary Planeswalker — Ugin,C,0,0,1,,,0,230,0.0,0.0,0,1,1,0,0,1516.0,297.0,1,1,1,0,1,11,,7.53,0,Raymond Swanland,1997
eaa13097-3a89-4358-b851-9a115947fb14,Liliana of the Dark Realms,pmei,Media and Collaboration Promos,promo,2024-12-01,mythic,4.0,Planeswalker,Legendary Planeswalker — Liliana,B,1,0,0,B,,0,271,0.0,0.0,0,1,1,0,0,2123.0,3665.0,1,1,1,0,1,12,,6.72,0,D. Alexander Gregory,2015
4afe1f83-f53d-477d-8523-3e6fa8e51a0b,Nissa Revane,pdp10,Duels of the Planeswalkers 2010 Promos,promo,2010-01-01,mythic,4.0,Planeswalker,Legendary Planeswalker — Nissa,G,1,0,0,G,,0,252,0.0,0.0,0,1,1,0,0,13878.0,8274.0,1,1,1,0,0,8,,6.02,0,Jaime Jones,2003
74239d78-1608-4b27-b2fd-8c7453f6b86b,"Nicol Bolas, the Deceiver",hou,Hour of Devastation,expansion,2017-07-14,mythic,8.0,Planeswalker,Legendary Planeswalker — Bolas,"B,R,U",3,1,0,"B,R,U",,0,230,0.0,0.0,0,0,0,0,0,12409.0,,1,1,1,0,1,8,,5.89,0,Svetlin Velinov,2015
6a5a6f7b-149d-46d3-9814-d38a302db17c,"Huatli, Dinosaur Knight",xln,Ixalan,expansion,2017-09-29,mythic,6.0,Planeswalker,Legendary Planeswalker — Huatli,"R,W",2,1,0,"R,W",,0,225,0.0,0.0,0,0,0,0,0,15795.0,15311.0,1,1,1,0,1,12,,4.4,0,Anna Steinbauer,2015
55cc167d-b701-444b-9eb9-f0ee1bdfa762,"Sivitri, Dragon Master",dmc,Dominaria United Commander,commander,2022-09-09,mythic,4.0,Planeswalker,Legendary Planeswalker — Sivitri,"B,U",2,1,0,"B,U",,0,321,0.0,0.0,0,0,0,0,0,8741.0,,0,1,1,0,0,5,,,0,Livia Prima,2015
7cbd6f05-bbd5-4491-a979-ffb3db1d6a64,"Sarkhan, Dragonsoul",sld,Secret Lair Drop,box,2023-02-20,mythic,6.0,Planeswalker,Legendary Planeswalker — Sarkhan,R,1,0,0,R,,0,256,0.0,0.0,0,1,0,1,0,11493.0,,1,1,1,0,1,11,,4.31,0,Miyuki Aramaki,2015
69f98e65-60bd-44db-acfa-5df98cb60321,"Chandra, Flame's Catalyst",sld,Secret Lair Drop,box,2023-09-22,mythic,6.0,Planeswalker,Legendary Planeswalker — Chandra,R,1,0,0,R,,0,316,0.0,0.0,0,1,0,1,0,11936.0,8068.0,1,1,1,0,1,12,,4.03,0,Uta Natsume,2015
8f61a0ea-c2e8-4571-9669-19abd8bbc874,"Venser, the Sojourner",ddi,Duel Decks: Venser vs. Koth,duel_deck,2012-03-30,mythic,5.0,Planeswalker,Legendary Planeswalker — Venser,"U,W",2,1,0,"U,W",,0,244,0.0,0.0,0,1,0,0,0,5996.0,3999.0,1,1,1,0,0,8,,3.77,0,Eric Deschamps,2003
ca095559-ac77-4186-8d9b-b75ce0607582,"Saheeli, the Gifted",c18,Commander 2018,commander,2018-08-10,mythic,4.0,Planeswalker,Legendary Planeswalker — Saheeli,"R,U",2,1,0,"R,U",,0,394,0.0,0.0,0,0,0,0,0,9310.0,,0,1,1,0,0,4,,3.76,0,Ryan Pancoast,2015
d004e922-1f2b-4325-93f1-04a336192c06,"Vraska, Golgari Queen",sld,Secret Lair Drop,box,2020-06-03,mythic,4.0,Planeswalker,Legendary Planeswalker — Vraska,"B,G",2,1,0,"B,G",,0,270,0.0,0.0,0,1,0,0,0,3872.0,944.0,1,1,1,0,1,12,,3.62,0,Mike Uziel,2015
a9e3a7c2-12fb-4f23-a0d1-a79df048201b,"Daretti, Ingenious Iconoclast",sld,Secret Lair Drop,box,2023-09-22,mythic,3.0,Planeswalker,Legendary Planeswalker — Daretti,"B,R",2,1,0,"B,R",,0,280,0.0,0.0,0,1,0,1,0,10645.0,,0,1,1,0,0,5,,3.17,0,Uta Natsume,2015
f7ead409-3bce-47c8-ace7-498c38522369,"Vivien, Nature's Avenger",m20,Core Set 2020,core,2019-07-12,mythic,6.0,Planeswalker,Legendary Planeswalker — Vivien,G,1,0,0,G,,0,299,0.0,0.0,0,0,0,0,0,18562.0,14817.0,1,1,1,0,1,12,,3.07,0,Chris Rallis,2015
6b56c367-7ac8-4541-9f2e-1fdc9c5aecdc,Garruk Wildspeaker,gvl,Duel Decks Anthology: Garruk vs. Liliana,duel_deck,2014-12-05,mythic,4.0,Planeswalker,Legendary Planeswalker — Garruk,G,1,0,0,G,,0,144,0.0,0.0,0,1,0,0,0,5520.0,284.0,1,1,1,0,0,8,,2.84,0,Terese Nielsen,2015
91685732-c118-4f52-ac77-f96866a687a3,"Vraska, Scheming Gorgon",rix,Rivals of Ixalan,expansion,2018-01-19,mythic,6.0,Planeswalker,Legendary Planeswalker — Vraska,B,1,0,0,B,,0,231,0.0,0.0,0,0,0,0,0,14922.0,,1,1,1,0,1,11,,2.8,0,Grzegorz Rutkowski,2015
f17103dd-f31b-4f6e-b2ea-4ea91815bdd6,"Angrath, Minotaur Pirate",rix,Rivals of Ixalan,expansion,2018-01-19,mythic,6.0,Planeswalker,Legendary Planeswalker — Angrath,"B,R",2,1,0,"B,R",,0,322,0.0,0.0,0,0,0,0,0,16327.0,,1,1,1,0,1,11,,2.45,0,Chris Rahn,2015
48133629-4a5b-4c91-b496-2ee94f6cbc4c,"Garruk, Savage Herald",m21,Core Set 2021,core,2020-07-03,mythic,6.0,Planeswalker,Legendary Planeswalker — Garruk,G,1,0,0,G,,0,363,0.0,0.0,0,0,0,0,0,19029.0,,1,1,1,0,1,11,,2.21,0,Eric Deschamps,2015
5b0bb45b-1235-4b7a-8be7-f27cfda30838,Serra the Benevolent,pf25,MagicFest 2025,promo,2025-02-03,mythic,4.0,Planeswalker,Legendary Planeswalker — Serra,W,1,0,0,W,,0,274,0.0,0.0,0,1,1,0,0,5746.0,3906.0,1,1,1,0,0,11,,2.18,0,Matthew D. Wilson,1997
ba9d2384-5c3f-4eb1-86b4-26ee13f1c767,"Chandra, Bold Pyromancer",dom,Dominaria,expansion,2018-04-27,mythic,6.0,Planeswalker,Legendary Planeswalker — Chandra,R,1,0,0,R,,0,213,0.0,0.0,0,0,0,0,0,11960.0,14167.0,1,1,1,0,1,12,,2.09,0,Zack Stella,2015
c44f0c60-5732-4c25-9ba9-4829f1891762,"Ral, Caller of Storms",grn,Guilds of Ravnica,expansion,2018-10-05,mythic,6.0,Planeswalker,Legendary Planeswalker — Ral,"R,U",2,1,0,"R,U",,0,177,0.0,0.0,0,0,0,0,0,19459.0,,1,1,1,0,1,12,,2.05,0,Kieran Yanner,2015
8c185555-acd4-461a-821a-b21b7b0914a5,Vivien of the Arkbow,m19,Core Set 2019,core,2018-07-13,mythic,6.0,Planeswalker,Legendary Planeswalker — Vivien,G,1,0,0,G,,0,230,0.0,0.0,0,0,0,0,0,18915.0,,1,1,1,0,1,11,,1.85,0,Magali Villeneuve,2015
eb2b7388-ac6b-45c0-a5cc-da6450724b59,"Teferi, Timebender",dom,Dominaria,expansion,2018-04-27,mythic,6.0,Planeswalker,Legendary Planeswalker — Teferi,"U,W",2,1,0,"U,W",,0,127,0.0,0.0,0,0,0,0,0,16682.0,,1,1,1,0,1,12,,1.65,0,Zack Stella,2015
6de97cf1-49b6-40b2-ab7f-1c8eb98f92af,"Nissa, Voice of Zendikar",ddr,Duel Decks: Nissa vs. Ob Nixilis,duel_deck,2016-09-02,mythic,3.0,Planeswalker,Legendary Planeswalker — Nissa,G,1,0,0,G,,0,180,0.0,0.0,0,1,0,0,0,4765.0,1632.0,1,1,1,0,1,12,,1.52,0,Raymond Swanland,2015
96f1d11a-084d-4de7-9ed4-33158113520c,"Elspeth, Sun's Champion",ddo,Duel Decks: Elspeth vs. Kiora,duel_deck,2015-02-27,mythic,6.0,Planeswalker,Legendary Planeswalker — Elspeth,W,1,0,0,W,,0,180,0.0,0.0,0,1,0,0,0,744.0,332.0,1,1,1,0,1,12,,1.43,0,Tyler Jacobson,2015
dccb325a-6fba-4a6f-af35-dc9e9de996a9,Koth of the Hammer,ddi,Duel Decks: Venser vs. Koth,duel_deck,2012-03-30,mythic,4.0,Planeswalker,Legendary Planeswalker — Koth,R,1,0,0,R,,0,250,0.0,0.0,0,1,0,0,0,9325.0,3463.0,1,1,1,0,0,8,,1.3,0,Eric Deschamps,2003
777533c3-0a87-4625-8987-d850fc236ddb,"Nissa, Nature's Artisan",kld,Kaladesh,expansion,2016-09-30,mythic,6.0,Planeswalker,Legendary Planeswalker — Nissa,G,1,0,0,G,,0,224,0.0,0.0,0,0,0,0,0,16837.0,12720.0,1,1,1,0,1,8,,1.2,0,Willian Murai,2015
eb8dae9a-dac2-4b80-b546-852b989bd8c1,Jiang Yanggu,gs1,Global Series Jiang Yanggu & Mu Yanling,duel_deck,2018-06-22,mythic,5.0,Planeswalker,Legendary Planeswalker — Yanggu,G,1,0,0,G,,0,265,0.0,0.0,0,0,0,0,0,19372.0,,0,1,1,0,0,5,,1.18,0,Tingting Yeh,2015
2923c85a-4022-4cda-bcbb-bb000137f64f,"Nissa, Genesis Mage",hou,Hour of Devastation,expansion,2017-07-14,mythic,7.0,Planeswalker,Legendary Planeswalker — Nissa,G,1,0,0,G,,0,315,0.0,0.0,0,0,0,0,0,14705.0,14546.0,1,1,1,0,1,8,,1.17,0,Chris Rallis,2015
e3b274f6-833f-430f-ac1a-d1d1d5b03e71,"Jace, Ingenious Mind-Mage",xln,Ixalan,expansion,2017-09-29,mythic,6.0,Planeswalker,Legendary Planeswalker — Jace,U,1,0,0,U,,0,103,0.0,0.0,0,0,0,0,0,13222.0,,1,1,1,0,1,12,,1.09,0,Clint Cearley,2015
62d05287-ad7f-4de8-9f68-8f36c62fae72,"Teferi, Timeless Voyager",m21,Core Set 2021,core,2020-07-03,mythic,6.0,Planeswalker,Legendary Planeswalker — Teferi,U,1,0,0,U,,0,251,0.0,0.0,0,0,0,0,0,20378.0,,1,1,1,0,1,11,,1.09,0,Jake Murray,2015
3340b83e-72dc-42e2-9f93-92f732c047df,"Estrid, the Masked",c18,Commander 2018,commander,2018-08-10,mythic,4.0,Planeswalker,Legendary Planeswalker — Estrid,"G,U,W",3,1,0,"G,U,W",Mill,1,362,0.0,0.0,0,0,0,0,0,10795.0,,0,1,1,0,0,5,,1.08,0,Johannes Voss,2015
84ae9595-8e76-4d8c-a08c-00434be75672,"Mu Yanling, Celestial Wind",m20,Core Set 2020,core,2019-07-12,mythic,6.0,Planeswalker,Legendary Planeswalker — Yanling,U,1,0,0,U,,0,192,0.0,0.0,0,0,0,0,0,22811.0,12706.0,1,1,1,0,1,12,,1.06,0,Yongjae Choi,2015
277dbeea-103c-4c5b-8981-3f5f7e60c66a,"Tezzeret, Cruel Machinist",m19,Core Set 2019,core,2018-07-13,mythic,6.0,Planeswalker,Legendary Planeswalker — Tezzeret,U,1,0,0,U,,0,231,0.0,0.0,0,0,0,0,0,21259.0,,1,1,1,0,1,11,,1.05,0,Zack Stella,2015
4299dbe6-c94d-4ecc-8bfd-741d2649cba1,"Vraska, Regal Gorgon",grn,Guilds of Ravnica,expansion,2018-10-05,mythic,7.0,Planeswalker,Legendary Planeswalker — Vraska,"B,G",2,1,0,"B,G",,0,225,0.0,0.0,0,0,0,0,0,18162.0,,1,1,1,0,1,12,,1.04,0,Magali Villeneuve,2015
cea0ea07-6963-4de1-953d-b1ac41d8c6b5,"Dihada, Binder of Wills",dmc,Dominaria United Commander,commander,2022-09-09,mythic,4.0,Planeswalker,Legendary Planeswalker — Dihada,"B,R,W",3,1,0,"B,R,W",Treasure,1,482,0.0,0.0,0,0,0,0,0,3168.0,,0,1,1,0,0,4,,,0,Néstor Ossandón Leal,2015
9a5bb122-19f3-4e46-a71c-b8a53e9aacc7,Commodore Guff,cmm,Commander Masters,masters,2023-08-04,mythic,4.0,Planeswalker,Legendary Planeswalker — Guff,"R,U,W",3,1,0,"R,U,W",,0,378,0.0,0.0,0,0,0,0,0,7615.0,,0,1,1,0,0,5,,,0,Matt Stewart,2015
a5264ca3-755d-4219-a15c-4985fb2a76f1,Morphic Pool,pclb,Battle for Baldur's Gate Promos,promo,2022-06-10,rare,0.0,Land,Land,"B,U",2,1,0,"B,U",,0,83,0.0,0.0,0,1,1,0,0,138.0,,0,1,1,0,0,5,,28.08,0,Chris Ostrowski,2015
56491238-5228-4bdd-994c-0849a59ebc2c,Forsaken Crossroads,mb2,Mystery Booster 2,masters,2024-08-02,uncommon,0.0,Land,Land,C,0,0,1,,Scry,1,288,0.0,0.0,0,1,0,0,0,30217.0,,0,0,0,0,0,4,,27.32,0,Kasia 'Kafis' Zielińska,2015
124f2b48-ee22-4fc9-9493-b05474aabd8a,Reflecting Pool,pclb,Battle for Baldur's Gate Promos,promo,2022-06-10,rare,0.0,Land,Land,C,0,0,1,,,0,68,0.0,0.0,0,1,1,0,0,175.0,306.0,1,1,1,0,0,12,,11.08,0,Alayna Danner,2015
bf5f2eaf-96dc-4b7c-9c8f-b568465d2eb3,Godless Shrine,peoe,Edge of Eternities Promos,promo,2025-08-01,rare,0.0,Land,Land — Plains Swamp,"B,W",2,1,0,"B,W",,0,95,0.0,0.0,0,1,1,0,0,61.0,19.0,1,1,1,1,1,16,,9.39,0,Rob Rey,2015
1445b61c-a105-4d4c-be42-5cbf7cd43f89,Sliver Hive,pf25,MagicFest 2025,promo,2025-05-19,rare,0.0,Land,Land,C,0,0,1,,,0,185,0.0,0.0,0,1,1,0,0,5015.0,5368.0,1,1,1,0,1,12,,8.98,0,Igor Kieryluk,1997
c85ce746-a0df-4146-9c0e-562bac5164bf,Plaza of Heroes,pdmu,Dominaria United Promos,promo,2022-09-09,rare,0.0,Land,Land,C,0,0,1,,,0,270,0.0,0.0,0,1,1,0,0,529.0,463.0,1,1,1,0,1,12,,8.15,0,Gabor Szikszai,2015
b298d6db-daf6-4aed-91f9-076debdf9533,Haunted Ridge,who,Doctor Who,commander,2023-10-13,rare,0.0,Land,Land,"B,R",2,1,0,"B,R",,0,88,0.0,0.0,0,1,0,0,0,273.0,,1,1,1,0,1,11,,6.52,0,Victor Harmatiuk,2015
cf7fca63-a979-40d1-9c5e-54f667c5c1f5,Shipwreck Marsh,who,Doctor Who,commander,2023-10-13,rare,0.0,Land,Land,"B,U",2,1,0,"B,U",,0,88,0.0,0.0,0,1,0,0,0,223.0,,1,1,1,0,1,11,,5.99,0,Kamila Szutenberg,2015
c6cf2cbe-fb56-424f-b1f8-ef80bdf0ae77,War Room,who,Doctor Who,commander,2023-10-13,rare,0.0,Land,Land,C,0,0,1,,,0,111,0.0,0.0,0,1,0,0,0,150.0,,0,1,1,0,0,5,,5.97,0,Andreas Rocha,2015
ab6f1782-5e90-48a8-a55a-3279c86d7771,Deserted Beach,pmid,Innistrad: Midnight Hunt Promos,promo,2021-09-24,rare,0.0,Land,Land,"U,W",2,1,0,"U,W",,0,88,0.0,0.0,0,1,1,0,0,275.0,,1,1,1,0,1,11,,5.03,0,Jonas De Ro,2015
e0d8c9f6-cbbd-4694-b100-01cfb81036cc,Boros Charm,fdn,Foundations,core,2024-11-15,uncommon,2.0,Instant,Instant,"R,W",2,1,0,"R,W",,0,196,0.0,0.0,0,1,0,0,0,173.0,,1,1,1,1,1,15,,3.53,0,Zoltan Boros,2015
d0b7cecf-b51b-4d30-b7e9-cd7976271e07,Impact Tremors,fdn,Foundations,core,2024-11-15,common,2.0,Enchantment,Enchantment,R,1,0,0,R,,0,89,0.0,0.0,0,1,0,0,0,183.0,3720.0,1,1,1,1,1,18,,2.13,0,Lake Hurwitz,2015
aa5e88f1-0ddf-45d7-bbd0-baa88d121867,Gilded Lotus,fdn,Foundations,core,2024-11-15,rare,5.0,Artifact,Artifact,C,0,0,1,,,0,37,0.0,0.0,0,1,0,0,0,414.0,2751.0,1,1,1,1,1,17,,0.54,0,Volkan Baǵa,2015
08e66835-c228-48fa-bcaa-eb96edbd4f5a,Expedition Map,fdn,Foundations,core,2024-11-15,common,1.0,Artifact,Artifact,C,0,0,1,,,0,119,0.0,0.0,0,1,0,0,0,439.0,286.0,1,1,1,1,1,18,,0.7,0,Franz Vohwinkel,2015
39be2675-986c-4812-9448-99737e797671,Massacre Wurm,fdn,Foundations,core,2024-11-15,mythic,6.0,Creature,Creature — Phyrexian Wurm,B,1,0,0,B,,0,161,6.0,5.0,0,1,0,0,0,514.0,1682.0,1,1,1,1,1,17,,2.58,0,Jason Chan,2015
## Note 8423
Update.
